brand,offset_s,peak,verdict,video_dur,audio_dur,onset_s,source,status
NOMAD-0001,5.016,0.924,confirmed,262.3,257.253,20.85,measured,active
NOMAD-0002,5.016,0.787,confirmed,174.8,169.77,0.2,measured,active
NOMAD-0003,5.052,0.536,confirmed,208.133,203.04,4.65,measured,active
NOMAD-0004,5.016,0.843,confirmed,226.2,221.153,4.35,measured,active
NOMAD-0005,5.016,0.901,confirmed,247.804,242.782,2.8,measured,active
NOMAD-0006,5.016,0.759,confirmed,229.181,224.157,17.95,measured,active
NOMAD-0007,5.016,0.862,confirmed,197.533,192.522,1.6,measured,active
NOMAD-0008,5.016,0.757,confirmed,208.771,203.736,6.3,measured,active
NOMAD-0009,5.016,0.699,confirmed,201.016,196.008,10.5,measured,active
NOMAD-0010,5.016,0.773,confirmed,203.407,198.408,6.2,measured,active
NOMAD-0011,5.016,0.829,confirmed,142.067,137.038,0.4,measured,active
NOMAD-0012,5.016,0.841,confirmed,214.367,209.345,16.4,measured,active
NOMAD-0013,5.016,0.821,confirmed,182.045,177.032,5.15,measured,active
NOMAD-0014,5.016,0.727,confirmed,304.067,299.05,9.8,measured,active
NOMAD-0015,5.016,0.801,confirmed,216.209,211.173,2.1,measured,active
NOMAD-0016,5.016,0.85,confirmed,222.935,217.896,18.75,measured,active
NOMAD-0017,5.016,0.8,confirmed,161.077,156.048,1.85,measured,active
NOMAD-0018,5.016,0.859,confirmed,162.935,157.91,1.6,measured,active
NOMAD-0019,5.016,0.715,confirmed,195.867,190.824,7.65,measured,active
NOMAD-0020,5.016,0.859,confirmed,93.786,88.776,19.3,measured,active
NOMAD-0021,5.016,0.746,confirmed,177.169,172.147,0.5,measured,active
NOMAD-0022,5.016,0.787,confirmed,201.016,196.008,6.2,measured,active
NOMAD-0023,5.016,0.789,confirmed,234.167,229.146,1.65,measured,active
NOMAD-0024,5.016,0.863,confirmed,206.867,201.864,14.95,measured,active
NOMAD-0025,5.016,0.828,confirmed,235.172,230.16,13.3,measured,active
NOMAD-0026,5.016,0.716,confirmed,217.177,212.167,0.15,measured,active
NOMAD-0027,5.016,0.87,confirmed,141.067,136.046,1.15,measured,active
NOMAD-0028,5.016,0.762,confirmed,180.967,175.944,3.6,measured,active
NOMAD-0029,5.016,0.797,confirmed,212.4,207.386,0.3,measured,active
NOMAD-0030,5.016,0.826,confirmed,188.3,183.275,0.25,measured,active
NOMAD-0031,5.016,0.521,confirmed,202.1,197.064,11.55,measured,active
NOMAD-0032,5.016,0.817,confirmed,221.054,216.033,0.1,measured,active
NOMAD-0033,5.016,0.756,confirmed,119.072,114.051,1.3,measured,active
NOMAD-0034,5.016,0.888,confirmed,87.075,82.051,1.6,measured,active
NOMAD-0035,5.016,0.872,confirmed,219.067,214.047,13.35,measured,active
NOMAD-0036,5.016,0.82,confirmed,202.571,197.52,2.15,measured,active
NOMAD-0037,5.016,0.841,confirmed,142.067,137.038,0.2,measured,active
NOMAD-0038,5.016,0.638,confirmed,216.467,211.387,1.2,measured,active
NOMAD-0039,5.016,0.782,confirmed,159.22,154.201,0.3,measured,active
NOMAD-0040,5.016,0.808,confirmed,212.974,207.961,18.95,measured,active
NOMAD-0041,5.016,0.819,confirmed,184.333,179.304,12.45,measured,active
NOMAD-0042,5.016,0.901,confirmed,227.0,221.962,7.1,measured,active
NOMAD-0043,5.366,0.899,confirmed,244.924,239.304,28.25,measured,active
NOMAD-0044,5.016,0.902,confirmed,243.733,238.707,12.45,measured,active
NOMAD-0045,5.016,0.917,confirmed,311.967,306.939,1.6,measured,active
NOMAD-0046,5.016,0.837,confirmed,229.739,224.758,10.25,measured,active
NOMAD-0047,5.016,0.872,confirmed,223.733,218.697,8.7,measured,active
NOMAD-0048,5.016,0.864,confirmed,185.767,180.741,0.85,measured,active
NOMAD-0049,5.016,0.902,confirmed,219.067,214.073,3.25,measured,active
NOMAD-0050,5.016,0.832,confirmed,213.833,208.849,27.05,measured,active
NOMAD-0051,5.016,0.909,confirmed,224.839,219.82,20.2,measured,active
NOMAD-0052,5.016,0.897,confirmed,240.768,235.781,0.7,measured,active
NOMAD-0053,5.016,0.797,confirmed,149.9,144.901,11.95,measured,active
NOMAD-0054,5.016,0.897,confirmed,261.3,256.313,17.25,measured,active
NOMAD-0055,5.016,0.873,confirmed,237.5,232.49,9.5,measured,active
NOMAD-0056,5.016,0.813,confirmed,177.067,172.069,8.75,measured,active
NOMAD-0057,5.016,0.823,confirmed,353.7,348.709,1.55,measured,active
NOMAD-0058,5.016,0.835,confirmed,251.705,246.7,9.45,measured,active
NOMAD-0059,5.016,0.834,confirmed,272.51,267.494,4.4,measured,active
NOMAD-0060,5.016,0.934,confirmed,204.867,199.863,15.2,measured,active
NOMAD-0061,5.016,0.877,confirmed,295.067,290.038,0.25,measured,active
NOMAD-0062,5.016,0.958,confirmed,300.977,295.993,31.25,measured,active
NOMAD-0063,5.016,0.95,confirmed,266.008,261.016,0.45,measured,active
NOMAD-0064,5.016,0.823,confirmed,220.767,215.771,3.0,measured,active
NOMAD-0065,5.016,0.91,confirmed,227.602,222.616,16.0,measured,active
NOMAD-0066,5.016,0.925,confirmed,263.036,258.011,7.55,measured,active
NOMAD-0067,5.016,0.942,confirmed,288.95,283.951,12.1,measured,active
NOMAD-0068,5.016,0.852,confirmed,173.133,168.124,0.6,measured,active
NOMAD-0069,5.016,0.85,confirmed,218.433,213.394,0.2,measured,active
NOMAD-0070,5.016,0.899,confirmed,174.8,169.796,10.45,measured,active
NOMAD-0071,5.016,0.805,confirmed,205.2,200.176,34.95,measured,active
NOMAD-0072,5.016,0.884,confirmed,166.7,161.672,12.25,measured,active
NOMAD-0073,5.016,0.957,confirmed,171.805,166.818,4.2,measured,active
NOMAD-0074,5.016,0.837,confirmed,114.243,109.218,5.3,measured,active
NOMAD-0075,5.016,0.824,confirmed,274.233,269.218,10.75,measured,active
NOMAD-0076,5.016,0.863,confirmed,177.145,172.121,14.1,measured,active
NOMAD-0077,5.016,0.973,confirmed,411.033,405.969,64.8,measured,active
NOMAD-0078,5.016,0.836,confirmed,300.5,295.4,11.8,measured,active
NOMAD-0079,5.016,0.902,confirmed,299.77,294.766,14.0,measured,active
NOMAD-0080,5.016,0.897,confirmed,225.033,220.003,22.7,measured,active
NOMAD-0081,5.016,0.856,confirmed,538.3,533.238,45.0,measured,active
NOMAD-0082,5.016,0.89,confirmed,293.267,288.261,30.9,measured,active
NOMAD-0083,5.016,0.92,confirmed,173.7,168.673,26.5,measured,active
NOMAD-0084,5.016,0.861,confirmed,240.4,235.389,9.05,measured,active
NOMAD-0085,5.016,0.927,confirmed,289.533,284.526,11.25,measured,active
NOMAD-0086,5.016,0.871,confirmed,267.733,262.713,14.8,measured,active
NOMAD-0087,5.016,0.583,confirmed,344.7,339.67,1.75,measured,active
NOMAD-0088,5.016,0.935,confirmed,209.833,204.8,13.6,measured,active
NOMAD-0089,5.016,0.878,confirmed,168.633,163.605,2.9,measured,active
NOMAD-0090,5.016,0.873,confirmed,148.004,142.994,15.5,measured,active
NOMAD-0091,5.016,0.797,confirmed,164.909,159.896,7.35,measured,active
NOMAD-0092,5.016,0.784,confirmed,279.5,274.495,7.5,measured,active
NOMAD-0093,5.016,0.898,confirmed,246.433,241.424,5.85,measured,active
NOMAD-0094,5.016,0.861,confirmed,139.668,134.661,7.2,measured,active
NOMAD-0095,5.016,0.855,confirmed,240.733,235.703,18.4,measured,active
NOMAD-0096,5.016,0.898,confirmed,198.1,193.071,10.0,measured,active
NOMAD-0097,5.016,0.799,confirmed,238.3,233.273,7.85,measured,active
NOMAD-0098,5.016,0.807,confirmed,205.467,200.464,9.3,measured,active
NOMAD-0099,5.016,0.899,confirmed,157.919,152.895,25.75,measured,active
NOMAD-0100,5.016,0.859,confirmed,193.933,188.918,9.35,measured,active
NOMAD-0101,5.016,0.785,confirmed,201.503,196.493,6.35,measured,active
NOMAD-0102,5.016,0.854,confirmed,175.033,170.005,7.5,measured,active
NOMAD-0103,5.016,0.886,confirmed,194.9,189.858,27.15,measured,active
NOMAD-0104,5.016,0.847,confirmed,206.31,201.273,9.2,measured,active
NOMAD-0105,5.016,0.89,confirmed,224.033,219.011,8.65,measured,active
NOMAD-0106,5.016,0.898,confirmed,262.933,257.907,4.9,measured,active
NOMAD-0107,5.016,0.866,confirmed,195.977,190.955,15.5,measured,active
NOMAD-0108,5.016,0.776,confirmed,231.6,226.534,8.9,measured,active
NOMAD-0109,5.016,0.764,confirmed,220.5,215.484,14.85,measured,active
NOMAD-0110,5.016,0.882,confirmed,237.9,232.882,1.35,measured,active
NOMAD-0111,5.016,0.89,confirmed,206.267,201.247,14.3,measured,active
NOMAD-0112,5.016,0.865,confirmed,228.567,223.53,0.45,measured,active
NOMAD-0113,5.016,0.807,confirmed,199.947,194.926,4.0,measured,active
NOMAD-0114,5.016,0.946,confirmed,177.238,172.225,18.8,measured,active
NOMAD-0115,5.016,0.873,confirmed,273.2,268.173,6.25,measured,active
NOMAD-0116,5.016,0.925,confirmed,51.133,46.106,8.3,measured,active
NOMAD-0118,5.016,0.85,confirmed,283.47,278.465,1.25,measured,active
NOMAD-0119,5.016,0.866,confirmed,172.478,167.445,20.6,measured,active
NOMAD-0120,5.016,0.861,confirmed,287.033,281.992,19.35,measured,active
NOMAD-0121,5.016,0.879,confirmed,145.984,140.957,13.65,measured,active
NOMAD-0122,5.016,0.882,confirmed,200.0,194.978,8.85,measured,active
NOMAD-0123,5.016,0.784,confirmed,127.571,122.567,4.2,measured,active
NOMAD-0124,5.016,0.826,confirmed,160.915,155.899,7.6,measured,active
NOMAD-0125,5.016,0.772,confirmed,240.304,235.285,6.85,measured,active
NOMAD-0126,5.016,0.864,confirmed,117.702,112.666,1.65,measured,active
NOMAD-0127,5.016,0.917,confirmed,271.967,266.945,32.0,measured,active
NOMAD-0128,5.016,0.844,confirmed,179.885,174.864,9.05,measured,active
NOMAD-0129,5.016,0.868,confirmed,213.74,208.718,32.9,measured,active
NOMAD-0130,5.016,0.868,confirmed,257.2,252.16,24.1,measured,active
NOMAD-0131,5.016,0.907,confirmed,238.967,233.927,27.65,measured,active
NOMAD-0132,5.016,0.868,confirmed,274.833,269.793,2.0,measured,active
NOMAD-0133,5.016,0.847,confirmed,256.604,251.585,17.3,measured,active
NOMAD-0134,5.016,0.9,confirmed,313.702,308.689,40.6,measured,active
NOMAD-0135,5.016,0.934,confirmed,303.0,297.947,20.25,measured,active
NOMAD-0136,5.016,0.923,confirmed,210.536,205.48,25.6,measured,active
NOMAD-0137,5.016,0.861,confirmed,300.234,295.16,0.05,measured,active
NOMAD-0138,5.016,0.888,confirmed,265.985,260.933,5.7,measured,active
NOMAD-0139,5.016,0.879,confirmed,285.606,280.547,26.35,measured,active
NOMAD-0140,5.016,0.942,confirmed,272.6,267.533,26.75,measured,active
NOMAD-0141,5.016,0.953,confirmed,297.133,292.093,18.3,measured,active
NOMAD-0142,5.016,0.852,confirmed,312.567,307.54,0.0,measured,active
NOMAD-0143,5.016,0.978,confirmed,321.467,316.4,22.55,measured,active
NOMAD-0144,5.016,0.93,confirmed,218.7,213.64,31.2,measured,active
NOMAD-0145,5.016,0.926,confirmed,203.967,198.92,8.15,measured,active
NOMAD-0146,5.016,0.909,confirmed,78.3,73.227,2.8,measured,active
NOMAD-0147,5.016,0.891,confirmed,136.371,131.294,11.3,measured,active
NOMAD-0148,5.016,0.907,confirmed,223.433,218.364,39.1,measured,active
NOMAD-0149,5.016,0.467,confirmed,203.667,198.621,2.65,measured,active
NOMAD-0150,5.016,0.934,confirmed,143.4,138.353,0.0,measured,active
NOMAD-0151,5.016,0.944,confirmed,174.267,169.214,1.35,measured,active
NOMAD-0152,5.016,0.84,confirmed,147.679,142.629,5.1,measured,active
NOMAD-0153,5.016,0.9,confirmed,191.1,186.025,10.55,measured,active
NOMAD-0154,5.016,0.859,confirmed,134.267,129.221,11.55,measured,active
NOMAD-0155,5.016,0.889,confirmed,202.711,197.647,0.4,measured,active
NOMAD-0156,5.016,0.849,confirmed,144.034,138.987,3.3,measured,active
NOMAD-0157,5.016,0.878,confirmed,319.67,314.613,1.55,measured,active
NOMAD-0158,5.016,0.852,confirmed,134.4,129.347,13.9,measured,active
NOMAD-0159,5.016,0.828,confirmed,200.435,195.373,0.15,measured,active
NOMAD-0160,5.016,0.761,confirmed,252.433,247.4,0.65,measured,active
NOMAD-0161,5.016,0.841,confirmed,263.4,258.32,1.45,measured,active
NOMAD-0162,5.016,0.558,confirmed,145.706,140.653,10.2,measured,active
NOMAD-0163,5.016,0.831,confirmed,190.52,185.467,4.0,measured,active
NOMAD-0164,5.016,0.707,confirmed,146.542,141.493,0.2,measured,active
NOMAD-0165,5.016,0.865,confirmed,219.6,214.533,29.25,measured,active
NOMAD-0166,5.016,0.852,confirmed,209.375,204.32,0.05,measured,active
NOMAD-0167,8.72,0.707,needs-review,270.9,262.098,0.25,measured,active
NOMAD-0168,5.016,0.878,confirmed,240.1,235.044,8.9,measured,active
NOMAD-0169,5.016,0.964,confirmed,274.0,268.922,38.25,measured,active
NOMAD-0170,5.016,0.866,confirmed,360.167,355.056,8.9,measured,active
NOMAD-0171,5.016,0.725,confirmed,214.4,209.333,22.9,measured,active
NOMAD-0172,5.016,0.934,confirmed,225.071,220.013,40.65,measured,active
NOMAD-0173,5.016,0.868,confirmed,291.806,286.747,19.15,measured,active
NOMAD-0174,5.016,0.91,confirmed,218.433,213.373,0.2,measured,active
NOMAD-0175,5.016,0.905,confirmed,80.9,75.84,0.35,measured,active
NOMAD-0176,5.016,0.892,confirmed,442.733,437.68,36.6,measured,active
NOMAD-0177,5.016,0.903,confirmed,203.547,198.48,1.6,measured,active
NOMAD-0178,5.016,0.879,confirmed,198.233,193.173,17.2,measured,active
NOMAD-0179,5.016,0.841,confirmed,263.547,258.507,18.45,measured,active
NOMAD-0180,5.016,0.934,confirmed,288.137,283.067,49.65,measured,active
NOMAD-0181,5.016,0.729,confirmed,410.033,404.973,19.45,measured,active
NOMAD-0182,5.016,0.88,confirmed,235.567,230.52,0.15,measured,active
NOMAD-0183,5.016,0.824,confirmed,154.867,149.8,0.5,measured,active
NOMAD-0184,5.016,0.811,confirmed,237.1,232.027,25.3,measured,active
NOMAD-0185,5.016,0.778,confirmed,241.7,236.627,0.25,measured,active
NOMAD-0186,5.016,0.781,confirmed,231.867,226.8,16.6,measured,active
NOMAD-0187,5.016,0.755,confirmed,209.8,204.733,4.55,measured,active
NOMAD-0188,5.016,0.932,confirmed,198.833,193.773,3.4,measured,active
NOMAD-0189,5.016,0.873,confirmed,129.382,124.36,2.1,measured,active
NOMAD-0190,5.016,0.955,confirmed,212.8,207.733,2.65,measured,active
NOMAD-0191,5.016,0.748,confirmed,251.267,246.227,26.0,measured,active
NOMAD-0192,5.016,0.749,confirmed,179.867,174.8,3.8,measured,active
NOMAD-0193,5.016,0.524,confirmed,158.7,153.64,15.0,measured,active
NOMAD-0194,5.016,0.691,confirmed,235.706,230.64,40.7,measured,active
NOMAD-0195,5.016,0.871,confirmed,302.133,297.088,6.3,measured,active
NOMAD-0196,5.016,0.677,confirmed,328.633,323.57,37.5,measured,active
NOMAD-0198,5.016,0.657,confirmed,245.033,240.001,12.6,measured,active
NOMAD-0219,5.016,0.795,confirmed,219.847,214.808,9.2,measured,active
NOMAD-0233,5.016,0.819,confirmed,185.067,180.048,0.65,measured,active
NOMAD-0236,5.016,0.808,confirmed,241.133,236.1,10.75,measured,active
NOMAD-0237,5.016,0.79,confirmed,223.539,218.523,14.35,measured,active
NOMAD-0240,5.103,0.8,confirmed,163.383,158.279,2.65,measured,active
NOMAD-0241,5.052,0.756,confirmed,158.7,153.621,0.4,measured,active
NOMAD-0242,5.016,0.799,confirmed,301.667,296.612,2.8,measured,active
NOMAD-0243,5.016,0.789,confirmed,160.7,155.643,0.35,measured,active
NOMAD-0244,5.016,0.843,confirmed,266.967,261.901,12.2,measured,active
NOMAD-0245,5.016,0.758,confirmed,235.2,230.156,8.05,measured,active
NOMAD-0246,5.016,0.899,confirmed,247.067,242.045,8.4,measured,active
NOMAD-0247,5.016,0.886,confirmed,196.581,191.565,2.15,measured,active
NOMAD-0248,5.016,0.756,confirmed,167.207,162.187,21.1,measured,active
NOMAD-0249,5.016,0.77,confirmed,370.08,365.053,1.45,measured,active
NOMAD-0250,5.016,0.777,confirmed,169.761,164.733,9.55,measured,active
NOMAD-0251,5.016,0.548,confirmed,293.667,288.64,5.8,measured,active
NOMAD-0252,5.016,0.811,confirmed,201.039,196.013,0.0,measured,active
NOMAD-0253,5.016,0.859,confirmed,230.167,225.107,1.2,measured,active
NOMAD-0254,5.016,0.523,confirmed,222.567,217.533,11.6,measured,active
NOMAD-0255,5.016,0.506,confirmed,190.5,185.453,7.8,measured,active
NOMAD-0256,5.016,0.53,confirmed,187.618,182.587,18.8,measured,active
NOMAD-0257,5.016,0.758,confirmed,198.7,193.64,0.25,measured,active
NOMAD-0258,5.016,0.857,confirmed,173.6,168.547,11.35,measured,active
NOMAD-0259,5.016,0.761,confirmed,203.477,198.453,16.05,measured,active
NOMAD-0260,5.016,0.828,confirmed,187.153,182.12,1.35,measured,active
NOMAD-0261,5.016,0.864,confirmed,236.833,231.805,31.4,measured,active
NOMAD-0262,5.016,0.938,confirmed,272.9,267.842,0.5,measured,active
NOMAD-0263,5.016,0.533,confirmed,296.5,291.457,14.25,measured,active
NOMAD-0264,5.016,0.806,confirmed,187.067,182.044,6.0,measured,active
NOMAD-0265,5.016,0.922,confirmed,205.867,200.806,3.3,measured,active
NOMAD-0266,5.016,0.9,confirmed,267.4,262.362,5.4,measured,active
NOMAD-0267,5.016,0.733,confirmed,319.043,314.027,8.0,measured,active
NOMAD-0268,5.016,0.893,confirmed,201.341,196.325,3.4,measured,active
NOMAD-0269,5.016,0.949,confirmed,199.467,194.421,3.15,measured,active
NOMAD-0270,5.016,0.977,confirmed,386.367,381.341,12.0,measured,active
NOMAD-0271,5.016,0.928,confirmed,256.936,251.873,0.05,measured,active
NOMAD-0272,5.016,0.789,confirmed,69.319,64.287,2.8,measured,active
NOMAD-0273,5.016,0.764,confirmed,235.969,230.949,17.8,measured,active
NOMAD-0274,5.016,0.85,confirmed,227.911,222.877,0.35,measured,active
NOMAD-0275,5.016,0.864,confirmed,166.75,161.698,6.25,measured,active
NOMAD-0276,5.016,0.666,confirmed,231.51,226.482,14.85,measured,active
NOMAD-0277,5.016,0.826,confirmed,194.614,189.571,1.8,measured,active
NOMAD-0278,5.016,0.74,confirmed,195.775,190.72,10.1,measured,active
NOMAD-0279,5.016,0.836,confirmed,217.091,212.062,44.3,measured,active
NOMAD-0280,5.016,0.912,confirmed,185.442,180.402,12.65,measured,active
NOMAD-0281,5.016,0.8,confirmed,207.919,202.893,13.25,measured,active
NOMAD-0282,5.016,0.775,confirmed,282.478,277.42,17.35,measured,active
NOMAD-0283,5.016,0.914,confirmed,383.787,378.749,0.0,measured,active
NOMAD-0284,5.016,0.683,confirmed,284.15,279.118,23.8,measured,active
NOMAD-0285,5.016,0.76,confirmed,261.302,256.287,1.7,measured,active
NOMAD-0286,5.016,0.798,confirmed,195.171,190.145,19.2,measured,active
NOMAD-0287,5.016,0.871,confirmed,184.815,179.749,0.2,measured,active
NOMAD-0288,5.016,0.798,confirmed,271.518,266.449,28.9,measured,active
NOMAD-0289,5.016,0.87,confirmed,189.087,184.059,28.45,measured,active
NOMAD-0290,5.016,0.658,confirmed,313.732,308.715,6.55,measured,active
NOMAD-0291,5.016,0.877,confirmed,258.956,253.91,5.55,measured,active
NOMAD-0292,5.016,0.647,confirmed,217.857,212.793,8.25,measured,active
NOMAD-0293,5.016,0.757,confirmed,254.428,249.391,1.2,measured,active
NOMAD-0294,5.016,0.796,confirmed,264.343,259.318,15.55,measured,active
NOMAD-0295,5.016,0.848,confirmed,240.357,235.285,15.45,measured,active
NOMAD-0296,5.016,0.847,confirmed,224.15,219.115,31.1,measured,active
NOMAD-0297,5.016,0.676,confirmed,212.052,206.994,9.9,measured,active
NOMAD-0298,5.016,0.849,confirmed,229.769,224.731,25.1,measured,active
NOMAD-0299,5.016,0.876,confirmed,205.527,200.516,7.35,measured,active
NOMAD-0300,5.016,0.862,confirmed,177.988,172.957,22.8,measured,active
NOMAD-0301,5.016,0.872,confirmed,239.382,234.371,5.1,measured,active
NOMAD-0302,5.016,0.886,confirmed,253.987,248.921,10.1,measured,active
NOMAD-0303,5.016,0.709,confirmed,283.523,278.491,5.75,measured,active
NOMAD-0304,5.016,0.892,confirmed,238.476,233.404,25.75,measured,active
NOMAD-0305,5.016,0.81,confirmed,214.885,209.868,11.25,measured,active
NOMAD-0306,5.016,0.846,confirmed,235.318,230.296,31.55,measured,active
NOMAD-0307,5.016,0.901,confirmed,317.076,468.767,11.55,measured,active
NOMAD-0308,5.016,0.885,confirmed,208.035,203.024,22.6,measured,active
NOMAD-0309,5.016,0.878,confirmed,284.893,279.876,18.2,measured,active
NOMAD-0310,5.016,0.864,confirmed,237.989,232.96,17.1,measured,active
NOMAD-0311,5.016,0.877,confirmed,240.218,235.18,15.95,measured,active
NOMAD-0312,5.016,0.724,confirmed,251.851,246.831,25.0,measured,active
NOMAD-0313,5.016,0.875,confirmed,203.461,198.426,17.1,measured,active
NOMAD-0314,5.016,0.853,confirmed,258.817,253.78,23.05,measured,active
NOMAD-0315,5.739,0.337,confirmed,153.77,152.173,18.65,measured,active
NOMAD-0316,5.016,0.538,confirmed,299.08,294.034,15.55,measured,active
NOMAD-0317,5.016,0.842,confirmed,233.252,228.232,13.85,measured,active
NOMAD-0318,5.016,0.838,confirmed,95.906,90.88,1.6,measured,active
NOMAD-0319,5.016,0.862,confirmed,245.071,240.039,3.55,measured,active
NOMAD-0320,5.016,0.908,confirmed,213.654,208.588,14.25,measured,active
NOMAD-0321,5.016,0.658,confirmed,255.009,249.966,5.2,measured,active
NOMAD-0322,5.016,0.886,confirmed,305.791,300.722,14.45,measured,active
NOMAD-0323,5.016,0.717,confirmed,340.203,335.177,33.7,measured,active
NOMAD-0324,5.016,0.713,confirmed,212.609,207.595,15.0,measured,active
NOMAD-0325,5.016,0.848,confirmed,206.224,201.195,27.75,measured,active
NOMAD-0326,5.016,0.823,confirmed,328.3,323.268,24.05,measured,active
NOMAD-0327,5.016,0.78,confirmed,136.905,131.889,0.45,measured,active
NOMAD-0328,5.016,0.716,confirmed,310.382,305.366,0.3,measured,active
NOMAD-0329,5.016,0.793,confirmed,195.071,190.04,19.3,measured,active
NOMAD-0330,2.715,0.376,confirmed,286.233,339.08,0.2,measured,active
NOMAD-0331,5.016,0.709,confirmed,365.933,360.885,16.2,measured,active
NOMAD-0332,4.921,0.446,confirmed,175.8,170.736,19.25,measured,active
NOMAD-0333,5.038,0.653,confirmed,217.27,209.182,9.95,measured,active
NOMAD-0334,5.016,0.848,confirmed,229.633,224.575,13.95,measured,active
NOMAD-0335,5.016,0.737,confirmed,239.133,234.088,0.2,measured,active
NOMAD-0336,5.016,0.949,confirmed,440.111,435.08,55.1,measured,active
NOMAD-0337,5.016,0.934,confirmed,199.133,194.084,0.5,measured,active
NOMAD-0338,5.016,0.658,confirmed,253.267,248.24,5.0,measured,active
NOMAD-0339,5.016,0.867,confirmed,209.267,204.227,10.45,measured,active
NOMAD-0340,5.016,0.932,confirmed,155.2,150.152,0.6,measured,active
NOMAD-0341,5.016,0.708,confirmed,123.033,117.981,0.3,measured,active
NOMAD-0342,5.016,0.677,confirmed,205.667,200.637,0.4,measured,active
NOMAD-0343,5.016,0.778,confirmed,197.672,192.64,1.95,measured,active
NOMAD-0344,5.016,0.888,confirmed,232.433,227.373,7.95,measured,active
NOMAD-0345,5.016,0.8,confirmed,422.905,417.878,4.85,measured,active
NOMAD-0346,5.016,0.889,confirmed,258.253,253.231,20.65,measured,active
NOMAD-0347,5.016,0.466,confirmed,306.852,301.827,25.4,measured,active
NOMAD-0348,5.016,0.751,confirmed,171.619,166.6,6.75,measured,active
NOMAD-0349,5.016,0.751,confirmed,320.433,315.373,13.7,measured,active
NOMAD-0350,5.016,0.52,confirmed,175.822,170.787,5.0,measured,active
NOMAD-0351,5.016,0.699,confirmed,268.934,263.895,2.5,measured,active
NOMAD-0352,5.016,0.826,confirmed,211.6,206.542,19.3,measured,active
NOMAD-0353,5.016,0.812,confirmed,271.267,266.213,19.75,measured,active
NOMAD-0354,5.016,0.883,confirmed,237.146,232.125,33.3,measured,active
NOMAD-0355,5.016,0.812,confirmed,234.367,229.307,13.8,measured,active
NOMAD-0356,5.016,0.707,confirmed,202.567,197.532,0.6,measured,active
NOMAD-0357,5.016,0.935,confirmed,368.524,363.497,3.65,measured,active
NOMAD-0358,5.016,0.877,confirmed,172.767,167.733,3.3,measured,active
NOMAD-0359,5.016,0.876,confirmed,401.961,396.933,7.5,measured,active
NOMAD-0360,5.016,0.797,confirmed,153.484,148.467,6.85,measured,active
NOMAD-0361,5.016,0.765,confirmed,245.691,240.663,15.6,measured,active
NOMAD-0362,5.016,0.85,confirmed,194.235,189.2,16.65,measured,active
NOMAD-0363,5.016,0.872,confirmed,185.067,180.04,7.1,measured,active
NOMAD-0364,5.016,0.893,confirmed,353.333,348.28,21.0,measured,active
NOMAD-0365,5.016,0.673,confirmed,303.903,298.867,18.25,measured,active
NOMAD-0366,5.016,0.876,confirmed,187.2,182.149,19.2,measured,active
NOMAD-0367,5.016,0.886,confirmed,241.279,236.253,2.6,measured,active
NOMAD-0368,5.016,0.766,confirmed,351.365,346.333,12.3,measured,active
NOMAD-0369,5.016,0.793,confirmed,194.1,189.069,5.9,measured,active
NOMAD-0370,5.016,0.892,confirmed,283.133,278.093,16.05,measured,active
NOMAD-0371,5.016,0.927,confirmed,201.133,196.093,15.75,measured,active
NOMAD-0372,5.016,0.851,confirmed,138.0,132.973,3.9,measured,active
NOMAD-0373,5.016,0.885,confirmed,140.969,135.933,5.1,measured,active
NOMAD-0374,5.016,0.863,confirmed,210.9,205.84,18.75,measured,active
NOMAD-0375,5.016,0.929,confirmed,211.604,206.576,2.0,measured,active
NOMAD-0376,5.016,0.718,confirmed,166.371,161.344,4.95,measured,active
NOMAD-0377,5.016,0.792,confirmed,250.067,245.04,1.15,measured,active
NOMAD-0378,5.016,0.786,confirmed,173.941,168.925,14.0,measured,active
NOMAD-0379,5.016,0.7,confirmed,247.6,242.567,8.6,measured,active
NOMAD-0380,5.016,0.873,confirmed,217.4,212.358,6.25,measured,active
NOMAD-0381,5.016,0.877,confirmed,234.433,245.121,28.8,measured,active
NOMAD-0382,5.016,0.892,confirmed,239.607,234.568,1.65,measured,active
NOMAD-0383,5.016,0.908,confirmed,214.39,209.36,8.1,measured,active
NOMAD-0384,5.016,0.652,confirmed,144.367,139.333,17.9,measured,active
NOMAD-0385,5.016,0.861,confirmed,332.649,327.627,3.45,measured,active
NOMAD-0386,5.016,0.791,confirmed,239.468,234.44,17.6,measured,active
NOMAD-0387,5.016,0.972,confirmed,192.471,187.443,1.2,measured,active
NOMAD-0388,5.016,0.688,confirmed,251.171,246.133,0.1,measured,active
NOMAD-0389,5.016,0.629,confirmed,221.078,216.04,8.15,measured,active
NOMAD-0390,5.016,0.587,confirmed,189.467,184.427,4.95,measured,active
NOMAD-0391,5.016,0.666,confirmed,266.589,261.56,15.9,measured,active
NOMAD-0392,5.016,0.637,confirmed,224.444,219.429,4.3,measured,active
NOMAD-0393,5.016,0.767,confirmed,193.353,188.314,0.2,measured,active
NOMAD-0394,5.016,0.933,confirmed,163.933,158.883,0.1,measured,active
NOMAD-0395,5.016,0.924,confirmed,199.733,194.699,0.3,measured,active
NOMAD-0396,5.016,0.735,confirmed,249.467,244.413,0.2,measured,active
NOMAD-0397,5.016,0.812,confirmed,236.92,230.922,0.6,measured,active
NOMAD-0398,5.016,0.891,confirmed,314.538,309.499,0.25,measured,active
NOMAD-0399,5.016,0.747,confirmed,314.538,309.499,0.25,measured,active
NOMAD-0400,5.016,0.813,confirmed,264.167,259.161,26.15,measured,active
NOMAD-0401,5.016,0.971,confirmed,141.667,136.647,10.4,measured,active
NOMAD-0402,5.016,0.942,confirmed,330.374,325.347,16.35,measured,active
NOMAD-0403,5.016,0.576,confirmed,146.634,141.607,8.7,measured,active
NOMAD-0404,5.016,0.913,confirmed,247.133,242.107,5.6,measured,active
NOMAD-0405,5.016,0.822,confirmed,256.07,251.043,0.05,measured,active
NOMAD-0406,5.016,0.881,confirmed,387.054,382.026,0.3,measured,active
NOMAD-0407,5.016,0.689,confirmed,176.518,171.493,1.7,measured,active
NOMAD-0408,5.016,0.937,confirmed,223.933,218.895,0.45,measured,active
NOMAD-0409,5.016,0.88,confirmed,143.467,138.437,0.2,measured,active
NOMAD-0410,5.016,0.866,confirmed,191.267,186.236,0.4,measured,active
NOMAD-0411,5.016,0.565,confirmed,256.133,251.089,1.8,measured,active
NOMAD-0412,5.016,0.871,confirmed,279.615,274.576,0.3,measured,active
NOMAD-0413,5.016,0.702,confirmed,251.542,246.511,20.1,measured,active
NOMAD-0414,5.016,0.914,confirmed,308.245,303.218,8.8,measured,active
NOMAD-0415,5.016,0.598,confirmed,284.767,279.708,0.2,measured,active
NOMAD-0416,5.016,0.845,confirmed,162.842,157.803,0.25,measured,active
NOMAD-0417,5.016,0.899,confirmed,225.675,220.648,3.3,measured,active
NOMAD-0418,5.016,0.823,confirmed,237.215,232.2,7.25,measured,active
NOMAD-0419,5.016,0.942,confirmed,259.553,254.526,15.35,measured,active
NOMAD-0420,5.016,0.812,confirmed,243.137,238.106,0.0,measured,active
NOMAD-0421,5.016,0.955,confirmed,310.633,305.587,0.2,measured,active
NOMAD-0422,5.016,0.852,confirmed,307.6,302.56,5.35,measured,active
NOMAD-0423,5.016,0.844,confirmed,234.847,229.82,0.6,measured,active
NOMAD-0424,5.016,0.824,confirmed,293.617,288.6,0.25,measured,active
NOMAD-0425,5.016,0.855,confirmed,175.892,170.864,11.6,measured,active
NOMAD-0426,5.016,0.795,confirmed,245.087,240.048,1.05,measured,active
NOMAD-0427,5.016,0.838,confirmed,176.567,171.503,0.05,measured,active
NOMAD-0428,5.016,0.871,confirmed,133.933,128.893,0.05,measured,active
NOMAD-0429,5.016,0.941,confirmed,245.064,240.027,3.6,measured,active
NOMAD-0430,5.016,0.809,confirmed,263.2,258.16,16.7,measured,active
NOMAD-0431,5.194,0.596,confirmed,221.774,212.898,5.75,measured,active
NOMAD-0432,5.016,0.869,confirmed,233.872,228.844,0.25,measured,active
NOMAD-0433,5.016,0.783,confirmed,204.067,199.041,4.3,measured,active
NOMAD-0434,5.016,0.718,confirmed,176.774,171.747,2.7,measured,active
NOMAD-0435,5.016,0.685,confirmed,173.755,168.72,4.6,measured,active
NOMAD-0436,5.016,0.676,confirmed,245.6,240.56,1.5,measured,active
NOMAD-0437,5.016,0.694,confirmed,179.467,174.405,5.95,measured,active
NOMAD-0438,5.016,0.578,confirmed,167.672,162.64,9.35,measured,active
NOMAD-0439,5.016,0.697,confirmed,239.667,234.603,22.3,measured,active
NOMAD-0440,5.016,0.871,confirmed,351.806,346.767,9.8,measured,active
NOMAD-0441,5.016,0.746,confirmed,206.833,201.805,2.25,measured,active
NOMAD-0442,5.016,0.77,confirmed,158.233,153.17,9.5,measured,active
NOMAD-0443,5.016,0.578,confirmed,155.933,150.893,8.4,measured,active
NOMAD-0444,5.016,0.717,confirmed,204.522,199.493,3.5,measured,active
NOMAD-0445,5.016,0.938,confirmed,202.316,197.28,0.4,measured,active
NOMAD-0446,5.016,0.922,confirmed,281.867,276.817,4.8,measured,active
NOMAD-0447,5.016,0.926,confirmed,270.977,265.961,1.5,measured,active
NOMAD-0448,5.021,0.896,confirmed,214.599,209.514,16.35,measured,active
NOMAD-0449,5.016,0.797,confirmed,223.748,218.72,0.05,measured,active
NOMAD-0450,5.027,0.829,confirmed,242.51,237.472,10.95,measured,active
NOMAD-0451,10.031,0.7,confirmed,151.124,141.084,6.9,measured,active
NOMAD-0452,10.031,0.833,confirmed,227.262,217.223,22.85,measured,active
NOMAD-0453,10.031,0.883,confirmed,283.686,273.627,5.95,measured,active
NOMAD-0454,10.031,0.838,confirmed,124.63,114.579,17.1,measured,active
NOMAD-0455,10.031,0.689,confirmed,287.494,277.455,15.0,measured,active
NOMAD-0456,10.031,0.844,confirmed,273.191,263.133,0.4,measured,active
NOMAD-0457,5.016,0.641,confirmed,192.339,187.315,0.05,measured,active
NOMAD-0458,5.016,0.533,confirmed,196.542,191.493,8.3,measured,active
NOMAD-0459,5.016,0.729,confirmed,296.201,291.174,4.05,measured,active
NOMAD-0460,5.016,0.954,confirmed,139.327,134.293,0.2,measured,active
NOMAD-0461,5.016,0.761,confirmed,179.103,174.08,0.3,measured,active
NOMAD-0462,5.016,0.878,confirmed,265.528,260.493,4.45,measured,active
NOMAD-0463,5.016,0.725,confirmed,273.469,268.427,0.05,measured,active
NOMAD-0464,5.039,0.834,confirmed,243.446,238.411,0.25,measured,active
NOMAD-0465,5.039,0.899,confirmed,227.47,222.447,0.15,measured,active
NOMAD-0466,5.039,0.838,confirmed,299.917,294.893,0.05,measured,active
NOMAD-0467,5.039,0.958,confirmed,383.601,378.567,1.05,measured,active
NOMAD-0468,5.039,0.976,confirmed,291.999,286.964,0.3,measured,active
NOMAD-0469,5.039,0.992,confirmed,240.845,235.81,0.4,measured,active
NOMAD-0470,5.039,0.95,confirmed,244.769,239.734,0.4,measured,active
NOMAD-0471,5.039,0.971,confirmed,317.123,312.099,26.6,measured,active
NOMAD-0472,5.039,0.858,confirmed,154.397,149.362,2.1,measured,active
NOMAD-0473,5.039,0.946,confirmed,190.876,185.853,0.1,measured,active
NOMAD-0474,5.039,0.993,confirmed,248.693,243.67,0.0,measured,active
NOMAD-0475,5.039,0.962,confirmed,159.436,154.4,0.15,measured,active
NOMAD-0476,5.039,0.694,confirmed,267.13,262.107,1.45,measured,active
NOMAD-0477,5.039,0.668,confirmed,247.741,242.707,0.4,measured,active
NOMAD-0478,5.039,0.682,confirmed,282.641,277.6,0.1,measured,active
NOMAD-0479,5.039,0.732,confirmed,158.043,153.005,0.65,measured,active
NOMAD-0480,5.039,0.953,confirmed,150.171,145.129,0.35,measured,active
NOMAD-0481,5.016,0.927,confirmed,96.467,91.44,4.5,measured,active
NOMAD-0482,5.016,0.798,confirmed,258.167,253.133,2.6,measured,active
NOMAD-0483,5.016,0.832,confirmed,257.935,252.907,11.3,measured,active
NOMAD-0484,5.016,0.831,confirmed,263.183,258.159,20.1,measured,active
NOMAD-0485,5.016,0.922,confirmed,360.242,355.2,0.95,measured,active
NOMAD-0486,5.016,0.854,confirmed,229.167,224.142,0.6,measured,active
NOMAD-0487,5.016,0.607,confirmed,280.365,275.333,13.05,measured,active
NOMAD-0488,5.016,0.657,confirmed,251.015,245.973,0.45,measured,active
NOMAD-0489,5.016,0.906,confirmed,301.612,296.573,0.35,measured,active
NOMAD-0490,5.039,0.85,confirmed,167.099,162.053,0.1,measured,active
NOMAD-0491,5.039,0.958,confirmed,228.655,223.627,0.8,measured,active
NOMAD-0492,5.039,0.986,confirmed,199.49,194.453,0.4,measured,active
NOMAD-0493,5.039,0.926,confirmed,200.257,195.227,1.65,measured,active
NOMAD-0494,5.039,0.922,confirmed,185.953,180.92,0.4,measured,active
NOMAD-0495,5.039,0.911,confirmed,161.688,156.653,0.2,measured,active
NOMAD-0496,5.039,0.901,confirmed,193.709,188.68,0.35,measured,active
NOMAD-0497,5.039,0.946,confirmed,183.561,178.52,2.95,measured,active
NOMAD-0498,5.039,0.901,confirmed,191.363,186.333,0.55,measured,active
NOMAD-0499,5.039,0.934,confirmed,195.079,190.04,0.2,measured,active
NOMAD-0500,5.039,0.921,confirmed,175.643,170.609,2.1,measured,active
NOMAD-0501,5.039,0.687,confirmed,211.681,206.658,1.5,measured,active
NOMAD-0502,5.039,0.97,confirmed,371.968,366.933,0.2,measured,active
NOMAD-0503,5.039,0.763,confirmed,240.288,235.249,20.35,measured,active
NOMAD-0504,5.039,0.864,confirmed,151.355,146.333,28.2,measured,active
NOMAD-0505,5.039,0.764,confirmed,188.414,183.381,1.15,measured,active
NOMAD-0506,5.039,0.853,confirmed,245.489,240.457,2.15,measured,active
NOMAD-0507,5.039,0.892,confirmed,211.147,206.124,0.0,measured,active
NOMAD-0508,5.039,0.722,confirmed,288.051,283.027,1.0,measured,active
NOMAD-0509,5.039,0.79,confirmed,245.025,240.0,0.5,measured,active
NOMAD-0510,5.039,0.802,confirmed,207.919,202.893,1.1,measured,active
NOMAD-0511,5.039,0.891,confirmed,251.758,246.733,0.0,measured,active
NOMAD-0512,5.039,0.906,confirmed,221.41,216.387,0.0,measured,active
NOMAD-0513,5.039,0.866,confirmed,224.963,219.92,0.4,measured,active
NOMAD-0514,5.039,0.785,confirmed,189.924,184.893,0.15,measured,active
NOMAD-0515,5.039,0.841,confirmed,262.393,257.36,0.0,measured,active
NOMAD-0516,5.039,0.885,confirmed,476.295,471.267,0.0,measured,active
NOMAD-0517,5.039,0.78,confirmed,235.272,230.227,8.8,measured,active
NOMAD-0518,5.039,0.81,confirmed,138.608,133.564,0.0,measured,active
NOMAD-0519,5.016,0.828,confirmed,207.2,202.136,0.45,measured,active
NOMAD-0520,5.039,0.856,confirmed,238.035,233.0,1.1,measured,active
NOMAD-0521,5.039,0.971,confirmed,265.458,260.423,15.35,measured,active
NOMAD-0522,5.039,0.694,confirmed,196.704,191.681,2.2,measured,active
NOMAD-0523,5.039,0.887,confirmed,175.992,170.96,4.4,measured,active
NOMAD-0524,5.039,0.849,confirmed,204.436,199.4,0.15,measured,active
NOMAD-0525,5.0,0.854,confirmed,204.604,199.4,0.15,measured,active
NOMAD-0526,5.039,0.91,confirmed,224.011,218.976,13.05,measured,active
NOMAD-0527,5.039,0.914,confirmed,191.038,186.0,6.85,measured,active
NOMAD-0528,5.039,0.913,confirmed,198.631,193.6,8.8,measured,active
NOMAD-0529,5.039,0.812,confirmed,191.131,186.093,7.0,measured,active
NOMAD-0530,5.039,0.857,confirmed,170.674,165.64,2.85,measured,active
NOMAD-0531,5.039,0.738,confirmed,217.138,212.107,9.5,measured,active
NOMAD-0533,5.039,0.941,confirmed,160.852,155.827,2.3,measured,active
NOMAD-0534,5.039,0.883,confirmed,178.569,173.533,5.15,measured,active
NOMAD-0535,5.039,0.889,confirmed,181.17,176.133,11.45,measured,active
NOMAD-0536,5.039,0.817,confirmed,177.733,172.707,0.4,measured,active
NOMAD-0537,5.039,0.885,confirmed,204.506,199.467,6.35,measured,active
NOMAD-0538,5.039,0.826,confirmed,171.232,166.2,7.8,measured,active
NOMAD-0539,5.039,0.778,confirmed,188.577,183.533,1.05,measured,active
NOMAD-0540,5.039,0.933,confirmed,199.699,194.667,2.2,measured,active
NOMAD-0541,5.039,0.886,confirmed,193.778,188.733,0.75,measured,active
NOMAD-0542,5.039,0.85,confirmed,158.437,153.4,0.35,measured,active
NOMAD-0543,5.039,0.861,confirmed,211.333,206.293,5.6,measured,active
NOMAD-0544,5.039,0.915,confirmed,186.882,181.84,10.85,measured,active
NOMAD-0545,5.039,0.89,confirmed,186.905,181.867,2.2,measured,active
NOMAD-0546,5.039,0.873,confirmed,206.294,201.267,8.85,measured,active
NOMAD-0547,5.039,0.93,confirmed,194.034,189.0,2.2,measured,active
NOMAD-0548,5.039,0.829,confirmed,222.153,217.12,9.3,measured,active
NOMAD-0549,5.039,0.864,confirmed,197.099,192.067,5.8,measured,active
NOMAD-0550,5.039,0.805,confirmed,231.511,226.48,21.3,measured,active
NOMAD-0551,5.039,0.762,confirmed,297.595,292.571,14.4,measured,active
NOMAD-0552,5.039,0.911,confirmed,253.337,248.294,17.4,measured,active
NOMAD-0553,5.039,0.855,confirmed,155.28,150.24,4.2,measured,active
NOMAD-0554,5.039,0.711,confirmed,420.428,415.399,0.55,measured,active
NOMAD-0555,5.039,0.952,confirmed,520.692,515.667,54.75,measured,active
NOMAD-0556,5.016,0.84,confirmed,197.091,192.067,5.8,measured,active
NOMAD-0557,5.039,0.796,confirmed,213.376,208.333,2.6,measured,active
NOMAD-0558,5.039,0.836,confirmed,250.946,245.92,5.35,measured,active
NOMAD-0559,5.039,0.913,confirmed,298.431,293.4,13.5,measured,active
NOMAD-0560,5.016,0.775,confirmed,168.167,163.143,4.2,measured,active
NOMAD-0561,5.016,0.829,confirmed,190.067,185.001,8.2,measured,active
NOMAD-0562,5.016,0.67,confirmed,163.8,158.778,7.55,measured,active
NOMAD-0563,5.016,0.688,confirmed,212.37,207.333,5.1,measured,active
NOMAD-0564,5.016,0.643,confirmed,221.054,216.025,19.55,measured,active
NOMAD-0565,5.016,0.846,confirmed,262.9,257.853,8.85,measured,active
NOMAD-0566,5.016,0.756,confirmed,166.186,161.149,11.8,measured,active
NOMAD-0567,5.016,0.895,confirmed,203.2,198.147,5.45,measured,active
NOMAD-0568,5.016,0.925,confirmed,248.633,243.573,22.9,measured,active
NOMAD-0569,5.016,0.616,confirmed,190.706,185.678,7.05,measured,active
NOMAD-0570,5.016,0.588,confirmed,160.967,155.925,10.0,measured,active
NOMAD-0571,5.016,0.606,confirmed,147.61,142.592,7.95,measured,active
NOMAD-0572,5.016,0.801,confirmed,165.071,160.043,10.45,measured,active
NOMAD-0573,5.016,0.485,confirmed,150.833,145.792,3.5,measured,active
NOMAD-0574,5.016,0.641,confirmed,124.3,119.253,6.45,measured,active
NOMAD-0575,5.016,0.684,confirmed,231.201,226.176,13.1,measured,active
NOMAD-0576,5.016,0.701,confirmed,152.904,147.883,1.25,measured,active
NOMAD-0577,5.016,0.6,confirmed,303.333,298.271,7.7,measured,active
NOMAD-0578,5.016,0.643,confirmed,169.297,164.267,10.35,measured,active
NOMAD-0579,5.016,0.744,confirmed,178.567,173.505,7.6,measured,active
NOMAD-0580,16.349,0.899,needs-review,437.533,419.029,61.2,measured,active
NOMAD-0581,5.016,0.805,confirmed,248.036,243.0,7.0,measured,active
NOMAD-0582,5.016,0.794,confirmed,170.7,165.667,6.4,measured,active
NOMAD-0583,5.016,0.883,confirmed,224.793,219.76,18.6,measured,active
NOMAD-0584,5.016,0.863,confirmed,199.204,194.173,12.3,measured,active
NOMAD-0585,5.016,0.736,confirmed,196.5,191.467,12.15,measured,active
NOMAD-0586,5.016,0.904,confirmed,198.926,193.893,7.4,measured,active
NOMAD-0587,5.016,0.777,confirmed,198.5,193.467,0.4,measured,active
NOMAD-0588,5.016,0.855,confirmed,181.302,176.267,7.75,measured,active
NOMAD-0589,5.016,0.747,confirmed,197.625,192.592,0.65,measured,active
NOMAD-0590,5.016,0.968,confirmed,197.904,192.596,0.65,measured,active
NOMAD-0591,5.016,0.95,confirmed,272.7,267.653,25.1,measured,active
NOMAD-0592,5.016,0.522,confirmed,318.114,313.086,13.65,measured,active
NOMAD-0593,5.016,0.879,confirmed,194.7,189.653,6.8,measured,active
NOMAD-0594,5.016,0.853,confirmed,233.965,228.933,14.05,measured,active
NOMAD-0595,5.016,0.839,confirmed,182.0,176.973,5.5,measured,active
NOMAD-0596,5.016,0.866,confirmed,353.803,348.773,23.1,measured,active
NOMAD-0597,5.016,0.785,confirmed,224.367,219.333,13.45,measured,active
NOMAD-0598,5.016,0.801,confirmed,201.267,196.227,6.9,measured,active
NOMAD-0599,5.016,0.839,confirmed,170.969,165.933,6.45,measured,active
NOMAD-0600,5.016,0.827,confirmed,184.901,179.867,7.8,measured,active
NOMAD-0601,5.016,0.819,confirmed,169.97,164.933,6.4,measured,active
NOMAD-0602,5.016,0.722,confirmed,194.862,189.827,12.35,measured,active
NOMAD-0603,5.016,0.784,confirmed,167.765,162.733,6.6,measured,active
NOMAD-0604,5.016,0.85,confirmed,217.896,212.867,14.6,measured,active
NOMAD-0605,5.016,0.861,confirmed,202.571,197.533,16.2,measured,active
NOMAD-0606,5.016,0.872,confirmed,191.133,186.093,13.45,measured,active
NOMAD-0607,5.016,0.846,confirmed,208.3,203.267,16.25,measured,active
NOMAD-0608,5.016,0.91,confirmed,188.567,183.507,12.65,measured,active
NOMAD-0609,5.016,0.878,confirmed,189.8,184.76,14.55,measured,active
NOMAD-0610,5.016,0.812,confirmed,202.3,197.267,10.75,measured,active
NOMAD-0611,5.016,0.796,confirmed,191.402,186.373,1.35,measured,active
NOMAD-0612,5.016,0.726,confirmed,226.567,221.533,3.55,measured,active
NOMAD-0613,5.016,0.886,confirmed,195.837,190.8,0.45,measured,active
NOMAD-0614,5.016,0.859,confirmed,231.503,226.467,14.05,measured,active
NOMAD-0615,5.016,0.868,confirmed,266.449,261.427,6.4,measured,active
NOMAD-0616,5.016,0.81,confirmed,219.475,214.44,14.65,measured,active
NOMAD-0617,5.016,0.834,confirmed,336.367,331.324,2.55,measured,active
NOMAD-0618,5.016,0.904,confirmed,222.378,217.344,6.0,measured,active
NOMAD-0619,5.176,0.827,confirmed,171.033,166.004,3.1,measured,active
NOMAD-0620,5.016,0.896,confirmed,238.075,233.053,9.6,measured,active
NOMAD-0621,5.016,0.659,confirmed,201.267,196.224,0.45,measured,active
NOMAD-0622,5.016,0.764,confirmed,234.233,229.184,0.4,measured,active
NOMAD-0623,5.016,0.84,confirmed,194.0,188.96,4.2,measured,active
NOMAD-0624,5.016,0.754,confirmed,277.943,267.88,8.0,measured,active
NOMAD-0625,5.016,0.895,confirmed,227.347,217.25,0.25,measured,active
NOMAD-0626,5.016,0.866,confirmed,246.085,236.013,19.65,measured,active
NOMAD-0627,5.016,0.69,confirmed,270.072,259.987,11.1,measured,active
NOMAD-0628,5.016,0.621,confirmed,150.373,140.293,7.35,measured,active
NOMAD-0629,5.016,0.713,confirmed,236.774,226.731,14.8,measured,active
NOMAD-0630,5.016,0.777,confirmed,170.179,160.093,0.9,measured,active
NOMAD-0631,5.016,0.831,confirmed,260.087,249.986,11.85,measured,active
NOMAD-0632,5.016,0.824,confirmed,208.632,198.587,1.75,measured,active
NOMAD-0633,5.016,0.843,confirmed,296.078,285.987,0.0,measured,active
NOMAD-0634,5.016,0.827,confirmed,258.973,248.88,13.7,measured,active
NOMAD-0635,5.016,0.843,confirmed,239.05,228.965,1.9,measured,active
NOMAD-0636,5.016,0.622,confirmed,230.784,220.693,4.45,measured,active
NOMAD-0637,5.016,0.874,confirmed,164.978,154.933,0.05,measured,active
NOMAD-0638,5.016,0.941,confirmed,210.187,200.096,3.35,measured,active
NOMAD-0639,5.016,0.916,confirmed,416.915,406.84,11.6,measured,active
NOMAD-0640,5.016,0.856,confirmed,247.409,237.33,8.0,measured,active
NOMAD-0641,5.016,0.731,confirmed,167.114,157.065,0.2,measured,active
NOMAD-0642,5.016,0.649,confirmed,285.281,275.213,8.4,measured,active
NOMAD-0643,5.016,0.726,confirmed,249.336,239.256,19.7,measured,active
NOMAD-0644,5.016,0.936,confirmed,235.033,225.0,8.15,measured,active
NOMAD-0645,5.016,0.918,confirmed,261.132,251.095,15.3,measured,active
NOMAD-0646,5.016,0.883,confirmed,285.118,275.064,5.1,measured,active
NOMAD-0647,5.016,0.954,confirmed,370.382,360.313,22.9,measured,active
NOMAD-0648,5.016,0.838,confirmed,189.754,179.667,0.95,measured,active
NOMAD-0649,5.016,0.795,confirmed,290.319,280.267,1.25,measured,active
NOMAD-0650,5.016,0.811,confirmed,290.319,248.297,6.15,measured,active
NOMAD-0651,5.016,0.69,confirmed,308.71,298.609,27.95,measured,active
NOMAD-0652,5.016,0.757,confirmed,233.477,223.4,20.5,measured,active
NOMAD-0653,5.016,0.939,confirmed,207.61,197.542,1.95,measured,active
NOMAD-0654,5.016,0.678,confirmed,233.732,223.64,7.45,measured,active
NOMAD-0655,5.016,0.918,confirmed,290.714,280.627,11.85,measured,active
NOMAD-0656,5.016,0.624,confirmed,175.613,165.558,6.1,measured,active
NOMAD-0657,5.016,0.912,confirmed,249.545,239.44,0.35,measured,active
NOMAD-0658,5.016,0.785,confirmed,221.031,210.96,14.35,measured,active
NOMAD-0659,5.016,0.716,confirmed,208.051,197.937,0.65,measured,active
NOMAD-0660,5.016,0.785,confirmed,221.031,210.96,14.35,measured,active
NOMAD-0661,5.016,0.57,confirmed,181.209,171.164,6.3,measured,active
NOMAD-0662,5.016,0.881,confirmed,364.832,354.8,9.55,measured,active
NOMAD-0663,5.016,0.79,confirmed,196.302,186.234,6.15,measured,active
NOMAD-0664,5.016,0.866,confirmed,161.681,151.59,0.6,measured,active
NOMAD-0665,5.016,0.786,confirmed,252.239,242.161,14.75,measured,active
NOMAD-0666,4.974,0.054,needs-review,248.918,238.805,48.35,measured,active
NOMAD-0667,5.016,0.751,confirmed,314.77,304.72,12.7,measured,active
NOMAD-0668,14.278,0.017,needs-review,187.223,170.083,9.25,measured,active
NOMAD-0669,5.016,0.837,confirmed,247.479,237.411,13.85,measured,active
NOMAD-0670,5.016,0.751,confirmed,314.77,304.72,12.7,measured,active
NOMAD-0671,5.016,0.785,confirmed,164.003,153.94,0.1,measured,active
NOMAD-0672,5.016,0.701,confirmed,187.618,177.502,7.35,measured,active
NOMAD-0673,5.016,0.764,confirmed,185.551,175.438,0.25,measured,active
NOMAD-0674,5.016,0.608,confirmed,305.668,295.573,27.1,measured,active
NOMAD-0675,5.016,0.858,confirmed,260.18,250.124,3.65,measured,active
NOMAD-0676,5.016,0.836,confirmed,198.252,188.16,11.2,measured,active
NOMAD-0677,5.016,0.927,confirmed,229.112,219.003,9.15,measured,active
NOMAD-0678,5.016,0.872,confirmed,293.477,283.427,14.65,measured,active
NOMAD-0679,5.016,0.78,confirmed,238.237,228.153,1.75,measured,active
NOMAD-0680,5.016,0.773,confirmed,191.147,181.081,12.8,measured,active
NOMAD-0681,5.016,0.96,confirmed,235.938,225.893,0.25,measured,active
NOMAD-0682,5.016,0.967,confirmed,468.254,458.2,51.9,measured,active
NOMAD-0683,5.016,0.787,confirmed,226.836,216.764,8.0,measured,active
NOMAD-0684,5.016,0.679,confirmed,172.78,162.702,8.8,measured,active
NOMAD-0685,5.016,0.741,confirmed,261.411,251.36,32.5,measured,active
NOMAD-0686,5.016,0.849,confirmed,211.348,201.297,19.6,measured,active
NOMAD-0687,5.016,0.735,confirmed,197.347,187.253,0.6,measured,active
NOMAD-0688,5.016,0.832,confirmed,184.019,173.933,1.5,measured,active
NOMAD-0689,5.016,0.788,confirmed,176.17,166.088,1.15,measured,active
NOMAD-0690,5.016,0.61,confirmed,274.971,264.933,9.1,measured,active
NOMAD-0691,5.016,0.76,confirmed,404.004,393.907,14.05,measured,active
NOMAD-0692,5.016,0.801,confirmed,263.942,253.892,5.15,measured,active
NOMAD-0693,5.016,0.633,confirmed,200.853,190.775,9.1,measured,active
NOMAD-0694,5.016,0.768,confirmed,188.918,178.84,14.5,measured,active
NOMAD-0695,5.016,0.818,confirmed,339.267,329.189,3.6,measured,active
NOMAD-0696,5.016,0.829,confirmed,228.369,218.32,15.65,measured,active
NOMAD-0697,5.016,0.904,confirmed,176.844,166.75,0.55,measured,active
NOMAD-0698,5.016,0.795,confirmed,237.61,227.56,6.9,measured,active
NOMAD-0699,5.016,0.597,confirmed,243.044,232.986,13.9,measured,active
NOMAD-0700,5.016,0.624,confirmed,290.784,280.733,26.95,measured,active
NOMAD-0701,5.016,0.899,confirmed,224.073,213.987,5.4,measured,active
NOMAD-0702,5.016,0.879,confirmed,314.445,304.36,1.1,measured,active
NOMAD-0703,5.016,0.78,confirmed,287.045,276.99,3.8,measured,active
NOMAD-0704,5.016,0.802,confirmed,202.386,192.333,21.6,measured,active
NOMAD-0705,8.015,0.893,confirmed,199.042,185.961,0.05,measured,active
NOMAD-0706,5.016,0.47,confirmed,216.317,206.227,22.8,measured,active
NOMAD-0707,5.016,0.939,confirmed,267.401,257.36,20.7,measured,active
NOMAD-0708,5.016,0.967,confirmed,300.583,290.478,13.3,measured,active
NOMAD-0709,5.016,0.437,confirmed,205.474,195.4,1.45,measured,active
NOMAD-0710,5.016,0.67,confirmed,179.607,169.52,23.65,measured,active
NOMAD-0711,5.016,0.937,confirmed,239.119,229.013,2.45,measured,active
NOMAD-0712,5.016,0.749,confirmed,303.485,293.4,15.1,measured,active
NOMAD-0713,5.016,0.898,confirmed,307.108,297.032,25.85,measured,active
NOMAD-0714,5.016,0.836,confirmed,332.371,322.333,2.25,measured,active
NOMAD-0715,5.016,0.673,confirmed,335.343,325.293,13.7,measured,active
NOMAD-0716,5.016,0.831,confirmed,177.54,167.442,2.7,measured,active
NOMAD-0717,5.016,0.817,confirmed,180.512,170.438,1.25,measured,active
NOMAD-0718,5.016,0.856,confirmed,178.376,168.276,0.9,measured,active
NOMAD-0719,5.016,0.847,confirmed,177.749,167.654,0.7,measured,active
NOMAD-0720,5.016,0.845,confirmed,192.981,182.923,19.0,measured,active
NOMAD-0721,5.016,0.927,confirmed,180.582,170.516,11.25,measured,active
NOMAD-0722,5.016,0.85,confirmed,137.277,127.181,0.0,measured,active
NOMAD-0723,5.016,0.621,confirmed,174.777,164.733,0.1,measured,active
NOMAD-0724,5.016,0.788,confirmed,191.472,181.414,2.55,measured,active
NOMAD-0725,5.016,0.891,confirmed,176.077,166.007,1.5,measured,active
NOMAD-0726,5.016,0.803,confirmed,143.941,133.86,0.6,measured,active
NOMAD-0727,5.016,0.605,confirmed,184.971,174.927,0.0,measured,active
NOMAD-0728,5.016,0.658,confirmed,172.014,161.913,5.85,measured,active
NOMAD-0729,5.016,0.797,confirmed,218.709,208.64,20.7,measured,active
NOMAD-0730,5.016,0.902,confirmed,241.418,231.301,1.7,measured,active
NOMAD-0731,5.016,0.881,confirmed,281.542,271.462,24.25,measured,active
NOMAD-0732,5.016,0.835,confirmed,185.551,175.44,26.75,measured,active
NOMAD-0733,5.016,0.79,confirmed,240.698,230.609,9.85,measured,active
NOMAD-0734,5.016,0.852,confirmed,223.469,213.42,14.85,measured,active
NOMAD-0735,5.016,0.865,confirmed,274.182,264.114,23.2,measured,active
NOMAD-0736,5.016,0.795,confirmed,210.373,200.28,6.45,measured,active
NOMAD-0737,5.016,0.764,confirmed,218.013,207.914,11.95,measured,active
NOMAD-0738,5.016,0.728,confirmed,261.945,251.867,6.4,measured,active
NOMAD-0739,5.016,0.936,confirmed,264.569,254.499,8.0,measured,active
NOMAD-0740,5.016,0.588,confirmed,181.604,171.504,5.8,measured,active
NOMAD-0741,5.016,0.845,confirmed,167.811,157.742,0.3,measured,active
NOMAD-0742,5.016,0.876,confirmed,135.117,125.053,1.4,measured,active
NOMAD-0743,5.016,0.791,confirmed,243.833,233.8,3.05,measured,active
NOMAD-0744,5.016,0.746,confirmed,295.405,285.333,17.45,measured,active
NOMAD-0745,5.016,0.618,confirmed,285.443,275.307,10.35,measured,active
NOMAD-0746,5.016,0.702,confirmed,204.243,194.12,12.45,measured,active
NOMAD-0747,5.016,0.471,confirmed,216.387,206.315,0.6,measured,active
NOMAD-0748,5.016,0.881,confirmed,189.22,179.107,39.75,measured,active
NOMAD-0749,5.016,0.847,confirmed,234.638,224.6,2.75,measured,active
NOMAD-0750,5.016,0.931,confirmed,268.214,258.16,8.55,measured,active
NOMAD-0751,5.016,0.922,confirmed,356.52,346.453,0.4,measured,active
NOMAD-0752,5.016,0.751,confirmed,219.452,209.36,5.1,measured,active
NOMAD-0753,5.016,0.789,confirmed,227.045,216.875,11.45,measured,active
NOMAD-0754,5.016,0.836,confirmed,303.973,293.933,4.75,measured,active
NOMAD-0755,5.016,0.885,confirmed,324.546,314.373,30.4,measured,active
NOMAD-0756,5.016,0.86,confirmed,229.506,219.4,8.95,measured,active
NOMAD-0757,5.016,0.886,confirmed,266.682,256.6,12.9,measured,active
NOMAD-0758,5.016,0.85,confirmed,208.121,198.009,0.4,measured,active
NOMAD-0759,5.016,0.777,confirmed,207.587,197.52,8.65,measured,active
NOMAD-0760,5.016,0.646,confirmed,247.734,237.63,19.25,measured,active
NOMAD-0761,5.016,0.748,confirmed,209.909,199.841,0.45,measured,active
NOMAD-0762,5.016,0.892,confirmed,238.516,228.467,7.2,measured,active
NOMAD-0763,5.016,0.669,confirmed,174.568,164.493,9.85,measured,active
NOMAD-0764,5.016,0.654,confirmed,251.612,241.44,0.4,measured,active
NOMAD-0765,5.016,0.896,confirmed,297.867,287.827,28.45,measured,active
NOMAD-0766,5.016,0.573,confirmed,315.838,305.75,10.35,measured,active
NOMAD-0767,5.016,0.673,confirmed,205.985,195.925,4.7,measured,active
NOMAD-0768,5.016,0.882,confirmed,258.81,248.694,23.7,measured,active
NOMAD-0769,5.016,0.91,confirmed,356.566,346.507,32.0,measured,active
NOMAD-0770,5.016,0.892,confirmed,276.782,266.72,8.0,measured,active
NOMAD-0771,5.016,0.774,confirmed,213.787,203.638,5.65,measured,active
NOMAD-0772,5.016,0.917,confirmed,172.641,162.531,4.7,measured,active
NOMAD-0773,5.016,0.69,confirmed,191.681,181.531,0.9,measured,active
NOMAD-0774,5.016,0.721,confirmed,226.349,216.28,5.45,measured,active
NOMAD-0775,5.016,0.826,confirmed,190.752,180.68,8.0,measured,active
NOMAD-0776,5.016,0.818,confirmed,202.432,192.36,6.3,measured,active
NOMAD-0777,5.016,0.868,confirmed,209.653,199.6,8.95,measured,active
NOMAD-0778,5.016,0.908,confirmed,185.04,174.96,5.4,measured,active
NOMAD-0779,5.016,0.7,confirmed,224.003,213.84,5.65,measured,active
NOMAD-0780,5.016,0.763,confirmed,206.054,196.0,5.7,measured,active
NOMAD-0781,5.016,0.901,confirmed,141.131,131.0,16.0,measured,active
NOMAD-0782,5.016,0.776,confirmed,224.7,214.64,11.4,measured,active
NOMAD-0783,5.016,0.874,confirmed,229.321,219.213,11.95,measured,active
NOMAD-0784,5.016,0.809,confirmed,206.867,196.728,8.6,measured,active
NOMAD-0785,5.016,0.777,confirmed,207.68,197.627,10.75,measured,active
NOMAD-0786,5.016,0.882,confirmed,274.274,264.107,21.2,measured,active
NOMAD-0787,5.016,0.9,confirmed,240.838,230.8,21.65,measured,active
NOMAD-0788,5.016,0.913,confirmed,217.78,207.693,3.55,measured,active
NOMAD-0789,5.016,0.637,confirmed,169.436,159.4,4.9,measured,active
NOMAD-0790,5.042,0.881,confirmed,288.741,277.611,13.35,measured,active
NOMAD-0791,5.016,0.956,confirmed,268.632,258.6,20.35,measured,active
NOMAD-0792,5.016,0.856,confirmed,278.315,268.267,0.65,measured,active
NOMAD-0793,5.016,0.777,confirmed,224.282,214.24,16.25,measured,active
NOMAD-0794,5.016,0.747,confirmed,532.016,521.92,8.4,measured,active
NOMAD-0795,5.016,0.916,confirmed,261.712,251.667,9.05,measured,active
NOMAD-0796,5.016,0.913,confirmed,225.977,215.938,0.1,measured,active
NOMAD-0797,5.016,0.865,confirmed,290.343,280.293,0.9,measured,active
NOMAD-0798,5.016,0.752,confirmed,175.613,165.57,9.2,measured,active
NOMAD-0799,5.016,0.768,confirmed,193.283,183.24,12.6,measured,active
NOMAD-0800,5.016,0.774,confirmed,212.37,202.333,19.35,measured,active
NOMAD-0801,5.016,0.751,confirmed,182.95,170.8,2.55,measured,active
NOMAD-0802,5.016,0.912,confirmed,147.865,137.189,10.1,measured,active
NOMAD-0803,5.016,0.63,confirmed,261.086,249.693,8.95,measured,active
NOMAD-0804,5.016,0.664,confirmed,282.285,270.2,47.4,measured,active
NOMAD-0805,5.016,0.997,confirmed,239.073,228.16,1.65,measured,active
NOMAD-0806,5.016,0.948,confirmed,194.073,181.448,0.2,measured,active
NOMAD-0807,5.016,0.882,confirmed,225.211,213.28,10.4,measured,active
NOMAD-0808,5.016,0.754,confirmed,182.068,169.707,7.6,measured,active
NOMAD-0809,5.016,0.869,confirmed,213.485,201.693,16.75,measured,active
NOMAD-0810,5.016,0.955,confirmed,253.168,241.96,0.0,measured,active
NOMAD-0811,5.016,0.9,confirmed,183.74,172.042,10.0,measured,active
NOMAD-0812,5.016,0.846,confirmed,236.008,225.96,0.05,measured,active
NOMAD-0813,5.016,0.995,confirmed,306.899,295.867,19.25,measured,active
NOMAD-0814,5.016,0.692,confirmed,228.787,217.867,24.0,measured,active
NOMAD-0815,5.016,0.904,confirmed,293.083,282.471,7.5,measured,active
NOMAD-0816,5.016,0.821,confirmed,231.945,220.238,14.85,measured,active
NOMAD-0817,5.016,0.826,confirmed,255.048,244.827,12.9,measured,active
NOMAD-0818,5.016,0.848,confirmed,175.102,164.827,0.5,measured,active
NOMAD-0819,5.016,0.934,confirmed,219.034,207.16,21.4,measured,active
NOMAD-0820,5.016,0.934,confirmed,217.246,207.16,21.4,measured,active
NOMAD-0821,5.016,0.997,confirmed,596.451,586.4,9.8,measured,active
NOMAD-0822,5.016,0.926,confirmed,265.451,254.68,12.1,measured,active
NOMAD-0823,5.016,0.969,confirmed,202.618,191.311,1.1,measured,active
NOMAD-0824,5.016,0.972,confirmed,204.916,194.867,0.8,measured,active
NOMAD-0825,5.016,0.933,confirmed,168.415,158.019,5.75,measured,active
NOMAD-0826,5.016,0.931,confirmed,169.878,159.836,3.15,measured,active
NOMAD-0827,5.016,0.954,confirmed,189.266,178.167,1.3,measured,active
NOMAD-0828,5.016,0.915,confirmed,239.932,229.669,5.75,measured,active
NOMAD-0829,5.016,0.928,confirmed,262.316,251.067,24.95,measured,active
NOMAD-0830,5.016,0.866,confirmed,235.01,223.939,0.85,measured,active
NOMAD-0831,5.063,0.938,confirmed,274.853,263.275,20.45,measured,active
NOMAD-0832,5.063,0.82,confirmed,197.415,186.387,8.0,measured,active
NOMAD-0833,5.063,0.546,confirmed,307.918,297.693,13.85,measured,active
NOMAD-0834,5.068,0.134,needs-review,302.949,292.807,3.6,measured,active
NOMAD-0835,5.063,0.921,confirmed,179.465,167.317,0.8,measured,active
NOMAD-0836,5.063,0.897,confirmed,300.395,289.733,30.5,measured,active
NOMAD-0837,5.063,0.832,confirmed,253.653,241.893,8.1,measured,active
NOMAD-0838,5.063,0.955,confirmed,211.254,199.587,4.75,measured,active
NOMAD-0839,5.063,0.942,confirmed,284.164,272.893,6.4,measured,active
NOMAD-0840,5.063,0.889,confirmed,222.585,211.467,14.7,measured,active
NOMAD-0841,5.063,0.66,confirmed,180.301,170.133,14.45,measured,active
NOMAD-0842,5.063,0.927,confirmed,283.328,273.032,24.95,measured,active
NOMAD-0843,5.063,0.876,confirmed,259.69,249.302,19.25,measured,active
NOMAD-0844,5.063,0.888,confirmed,204.752,192.7,1.2,measured,active
NOMAD-0845,5.063,0.507,confirmed,244.017,232.56,12.4,measured,active
NOMAD-0846,5.063,0.529,confirmed,135.649,124.891,14.3,measured,active
NOMAD-0847,4.934,0.405,confirmed,204.45,193.254,11.55,measured,active
NOMAD-0848,5.063,0.855,confirmed,142.964,131.947,5.95,measured,active
NOMAD-0849,5.039,0.37,confirmed,224.326,214.047,2.5,measured,active
NOMAD-0850,5.063,0.871,confirmed,185.596,173.573,10.3,measured,active
NOMAD-0851,5.063,0.723,confirmed,148.699,137.013,8.5,measured,active
NOMAD-0852,5.063,0.972,confirmed,174.891,164.362,8.9,measured,active
NOMAD-0853,5.063,0.681,confirmed,297.051,285.733,6.75,measured,active
NOMAD-0854,5.063,0.565,confirmed,343.282,332.88,8.8,measured,active
NOMAD-0855,5.063,0.354,confirmed,274.946,263.654,2.75,measured,active
NOMAD-0856,5.063,0.905,confirmed,249.334,237.76,31.9,measured,active
NOMAD-0857,5.063,0.633,confirmed,164.465,154.304,0.3,measured,active
NOMAD-0858,5.063,0.801,confirmed,237.399,226.023,1.4,measured,active
NOMAD-0859,5.063,0.588,confirmed,271.254,260.467,8.5,measured,active
NOMAD-0860,5.063,0.892,confirmed,219.822,208.627,0.15,measured,active
NOMAD-0861,5.063,0.925,confirmed,300.047,289.32,1.75,measured,active
NOMAD-0862,5.063,0.922,confirmed,228.135,217.973,8.45,measured,active
NOMAD-0863,5.063,0.915,confirmed,219.613,207.773,0.0,measured,active
NOMAD-0864,5.063,0.914,confirmed,230.665,219.733,0.2,measured,active
NOMAD-0865,5.063,0.81,confirmed,173.916,162.08,6.25,measured,active
NOMAD-0866,5.063,0.881,confirmed,303.599,293.453,16.0,measured,active
NOMAD-0867,5.063,0.76,confirmed,182.113,170.163,8.9,measured,active
NOMAD-0868,5.063,0.609,confirmed,149.256,138.472,10.8,measured,active
NOMAD-0869,5.063,0.922,confirmed,268.351,258.2,8.0,measured,active
NOMAD-0870,5.063,0.799,confirmed,241.718,231.36,2.5,measured,active
NOMAD-0871,5.063,0.581,confirmed,253.026,241.72,10.75,measured,active
NOMAD-0872,5.063,0.736,confirmed,214.504,204.347,8.0,measured,active
NOMAD-0873,5.063,0.882,confirmed,238.816,227.173,10.85,measured,active
NOMAD-0874,5.063,0.865,confirmed,278.754,267.248,4.9,measured,active
NOMAD-0875,5.063,0.648,confirmed,226.857,214.987,11.2,measured,active
NOMAD-0876,5.063,0.915,confirmed,186.455,176.307,11.4,measured,active
NOMAD-0877,5.063,0.934,confirmed,153.389,142.867,12.1,measured,active
NOMAD-0878,5.063,0.682,confirmed,309.033,297.867,31.8,measured,active
NOMAD-0879,5.063,0.547,confirmed,164.79,154.24,3.0,measured,active
NOMAD-0880,5.063,0.954,confirmed,236.819,225.44,14.95,measured,active
NOMAD-0881,5.063,0.917,confirmed,269.025,258.027,8.0,measured,active
NOMAD-0882,5.063,0.85,confirmed,233.986,223.147,0.55,measured,active
NOMAD-0883,5.063,0.786,confirmed,280.496,269.444,8.05,measured,active
NOMAD-0884,5.063,0.882,confirmed,230.921,220.089,4.6,measured,active
NOMAD-0885,5.063,0.947,confirmed,210.696,200.387,15.55,measured,active
NOMAD-0886,5.063,0.813,confirmed,280.588,269.773,4.2,measured,active
NOMAD-0887,5.063,0.9,confirmed,182.368,171.493,0.25,measured,active
NOMAD-0888,5.063,0.935,confirmed,181.184,170.127,6.85,measured,active
NOMAD-0889,5.063,0.776,confirmed,216.757,204.689,4.3,measured,active
NOMAD-0890,5.063,0.773,confirmed,268.514,257.38,0.05,measured,active
NOMAD-0891,5.063,0.556,confirmed,183.088,172.92,13.05,measured,active
NOMAD-0892,5.063,0.763,confirmed,251.122,240.0,0.15,measured,active
NOMAD-0893,5.063,0.782,confirmed,155.549,144.2,1.5,measured,active
NOMAD-0894,5.063,0.784,confirmed,165.557,154.16,12.45,measured,active
NOMAD-0895,5.063,0.889,confirmed,252.098,240.0,8.0,measured,active
NOMAD-0896,5.063,0.828,confirmed,203.15,192.0,10.15,measured,active
NOMAD-0897,5.063,0.891,confirmed,179.164,169.013,0.7,measured,active
NOMAD-0898,5.063,0.878,confirmed,159.218,147.96,13.7,measured,active
NOMAD-0899,5.063,0.918,confirmed,233.429,222.093,13.8,measured,active
NOMAD-0900,5.063,0.949,confirmed,273.088,262.613,5.35,measured,active
NOMAD-0901,5.063,0.838,confirmed,212.391,201.228,1.6,measured,active
NOMAD-0902,5.063,0.97,confirmed,256.184,245.0,17.35,measured,active
NOMAD-0903,5.063,0.52,confirmed,208.189,196.8,11.1,measured,active
NOMAD-0904,5.063,0.822,confirmed,273.483,261.387,1.4,measured,active
NOMAD-0905,5.063,0.771,confirmed,240.72,228.733,8.0,measured,active
NOMAD-0906,5.063,0.878,confirmed,238.351,227.053,11.65,measured,active
NOMAD-0907,5.063,0.662,confirmed,206.308,196.153,5.6,measured,active
NOMAD-0908,5.063,0.809,confirmed,196.648,185.293,6.35,measured,active
NOMAD-0909,5.063,0.94,confirmed,254.466,242.608,14.8,measured,active
NOMAD-0910,5.063,0.857,confirmed,193.235,181.212,14.9,measured,active
NOMAD-0911,5.063,0.995,confirmed,452.021,440.107,2.55,measured,active
NOMAD-0912,5.063,0.879,confirmed,385.821,374.566,1.4,measured,active
NOMAD-0913,5.031,0.827,confirmed,177.724,167.131,12.05,measured,active
NOMAD-0914,5.063,0.447,confirmed,258.529,247.013,14.1,measured,active
NOMAD-0915,5.063,0.991,confirmed,232.059,220.147,47.4,measured,active
NOMAD-0916,5.063,0.752,confirmed,235.193,223.547,16.15,measured,active
NOMAD-0917,5.063,0.876,confirmed,410.852,400.04,12.15,measured,active
NOMAD-0918,5.063,0.842,confirmed,414.707,404.547,38.9,measured,active
NOMAD-0919,5.063,0.991,confirmed,574.855,564.267,24.15,measured,active
NOMAD-0920,5.063,0.423,confirmed,288.414,276.947,12.7,measured,active
NOMAD-0921,5.063,0.7,confirmed,270.0,259.147,23.05,measured,active
NOMAD-0922,5.063,0.852,confirmed,260.782,250.047,15.55,measured,active
NOMAD-0923,5.063,0.287,needs-review,130.889,120.667,12.15,measured,active
NOMAD-0924,5.063,0.854,confirmed,328.352,317.107,6.7,measured,active
NOMAD-0925,5.063,0.923,confirmed,192.863,181.44,0.55,measured,active
NOMAD-0926,5.063,0.866,confirmed,251.563,241.023,0.15,measured,active
NOMAD-0927,5.063,0.646,confirmed,240.557,229.83,14.1,measured,active
NOMAD-0928,5.063,0.833,confirmed,242.066,231.64,13.65,measured,active
NOMAD-0929,5.063,0.885,confirmed,131.377,121.213,0.35,measured,active
NOMAD-0930,5.063,0.946,confirmed,214.62,202.72,4.55,measured,active
NOMAD-0931,5.063,0.872,confirmed,206.447,196.173,0.9,measured,active
NOMAD-0932,5.063,0.734,confirmed,238.816,228.427,5.15,measured,active
NOMAD-0933,5.063,0.865,confirmed,167.948,157.675,0.15,measured,active
NOMAD-0934,5.063,0.897,confirmed,138.064,126.13,6.35,measured,active
NOMAD-0935,5.063,0.895,confirmed,134.024,123.094,2.35,measured,active
NOMAD-0936,5.063,0.611,confirmed,136.23,125.0,1.4,measured,active
NOMAD-0937,5.063,0.845,confirmed,213.692,201.68,4.85,measured,active
NOMAD-0938,5.063,0.563,confirmed,369.358,358.307,18.7,measured,active
NOMAD-0939,5.063,0.589,confirmed,194.628,184.24,4.95,measured,active
NOMAD-0940,5.063,0.57,confirmed,276.896,264.973,0.9,measured,active
NOMAD-0941,5.063,0.35,confirmed,139.04,128.88,5.85,measured,active
NOMAD-0942,5.063,0.907,confirmed,256.091,244.693,6.35,measured,active
NOMAD-0943,5.063,0.781,confirmed,170.99,159.844,20.2,measured,active
NOMAD-0944,5.063,0.77,confirmed,300.952,289.72,1.1,measured,active
NOMAD-0945,5.063,0.868,confirmed,248.638,238.49,8.2,measured,active
NOMAD-0946,5.063,0.943,confirmed,221.749,211.24,0.6,measured,active
NOMAD-0947,5.063,0.938,confirmed,292.268,282.107,27.6,measured,active
NOMAD-0948,5.063,0.887,confirmed,290.898,280.747,31.8,measured,active
NOMAD-0949,5.063,0.642,confirmed,269.164,257.307,20.2,measured,active
NOMAD-0950,5.063,0.88,confirmed,189.288,178.613,6.45,measured,active
NOMAD-0951,5.063,0.8,confirmed,190.959,180.802,1.65,measured,active
NOMAD-0952,5.063,0.964,confirmed,167.647,157.079,2.65,measured,active
NOMAD-0953,5.063,0.896,confirmed,221.215,210.0,0.2,measured,active
NOMAD-0954,5.039,0.875,confirmed,221.728,211.573,9.85,measured,active
NOMAD-0955,5.039,0.799,confirmed,169.055,158.6,5.6,measured,active
NOMAD-0956,5.039,0.933,confirmed,140.381,130.227,14.3,measured,active
NOMAD-0957,5.039,0.925,confirmed,251.821,241.667,2.0,measured,active
NOMAD-0958,5.039,0.886,confirmed,241.721,231.44,7.35,measured,active
NOMAD-0959,5.039,0.9,confirmed,237.355,226.733,1.2,measured,active
NOMAD-0960,5.039,0.863,confirmed,298.261,288.107,6.2,measured,active
NOMAD-0961,5.039,0.786,confirmed,338.621,328.467,12.3,measured,active
NOMAD-0962,5.039,0.885,confirmed,218.421,207.627,16.1,measured,active
NOMAD-0963,5.039,0.956,confirmed,304.821,294.667,32.0,measured,active
NOMAD-0964,5.039,0.805,confirmed,283.19,273.036,15.15,measured,active
NOMAD-0965,5.039,0.775,confirmed,218.066,207.911,23.85,measured,active
NOMAD-0966,5.039,0.975,confirmed,311.888,301.733,2.15,measured,active
NOMAD-0967,5.039,0.9,confirmed,183.888,173.558,23.0,measured,active
NOMAD-0968,5.063,0.926,confirmed,377.23,366.933,16.0,measured,active
NOMAD-0969,5.039,0.811,confirmed,255.488,245.333,13.45,measured,active
NOMAD-0970,5.063,0.883,confirmed,255.395,245.16,17.15,measured,active
NOMAD-0971,5.063,0.843,confirmed,318.599,307.483,16.45,measured,active
NOMAD-0972,5.063,0.828,confirmed,213.227,202.92,0.4,measured,active
NOMAD-0973,5.063,0.967,confirmed,478.33,468.08,22.8,measured,active
NOMAD-0974,5.039,0.85,confirmed,241.275,231.121,3.95,measured,active
NOMAD-0975,5.039,0.562,confirmed,248.521,237.853,2.3,measured,active
NOMAD-0976,5.215,0.01,needs-review,102.329,91.648,1.7,measured,active
NOMAD-0977,5.039,0.917,confirmed,216.321,205.893,0.4,measured,active
NOMAD-0978,5.039,0.978,confirmed,176.821,166.126,2.5,measured,active
NOMAD-0979,5.039,0.784,confirmed,285.293,275.139,15.05,measured,active
NOMAD-0980,5.039,0.813,confirmed,187.455,176.88,18.3,measured,active
NOMAD-0981,5.039,0.584,confirmed,234.914,224.76,17.75,measured,active
NOMAD-0982,5.039,0.351,confirmed,268.088,257.733,1.35,measured,active
NOMAD-0983,5.039,0.881,confirmed,218.288,207.893,3.45,measured,active
NOMAD-0984,5.039,0.783,confirmed,304.557,294.401,16.1,measured,active
NOMAD-0985,5.039,0.923,confirmed,211.955,201.025,17.2,measured,active
NOMAD-0986,5.039,0.77,confirmed,154.521,144.0,11.9,measured,active
NOMAD-0987,5.039,0.722,confirmed,211.954,201.522,0.65,measured,active
NOMAD-0988,5.039,0.806,confirmed,176.241,166.12,0.15,measured,active
NOMAD-0989,5.039,0.911,confirmed,317.054,306.733,58.55,measured,active
NOMAD-0990,5.039,0.991,confirmed,319.421,309.0,0.05,measured,active
NOMAD-0991,5.039,0.716,confirmed,243.554,232.867,0.25,measured,active
NOMAD-0992,5.039,0.799,confirmed,285.021,274.758,0.95,measured,active
NOMAD-0993,5.039,0.707,confirmed,224.987,214.76,10.65,measured,active
NOMAD-0994,5.039,0.814,confirmed,191.334,181.213,0.85,measured,active
NOMAD-0995,5.039,0.859,confirmed,236.218,226.097,9.55,measured,active
NOMAD-0996,5.039,0.872,confirmed,197.021,186.543,2.75,measured,active
NOMAD-0997,5.063,0.842,confirmed,236.888,225.027,6.2,measured,active
NOMAD-0998,5.039,0.89,confirmed,172.414,162.293,8.75,measured,active
NOMAD-0999,5.039,0.672,confirmed,284.441,274.32,8.6,measured,active
NOMAD-1000,5.039,0.844,confirmed,295.588,285.467,0.8,measured,active
NOMAD-1001,7.771,0.039,needs-review,176.641,227.307,14.25,measured,active
NOMAD-1002,5.039,0.866,confirmed,186.987,176.8,0.5,measured,active
NOMAD-1003,5.039,0.878,confirmed,208.254,197.453,16.9,measured,active
NOMAD-1004,5.039,0.757,confirmed,202.321,192.007,6.05,measured,active
NOMAD-1005,5.039,0.803,confirmed,321.408,311.327,0.45,measured,active
NOMAD-1006,5.039,0.964,confirmed,62.121,52.032,1.9,measured,active
NOMAD-1007,5.039,0.987,confirmed,137.134,127.013,0.05,measured,active
NOMAD-1008,5.039,0.81,confirmed,197.621,187.188,0.1,measured,active
NOMAD-1009,5.039,0.959,confirmed,265.587,254.723,7.8,measured,active
NOMAD-1010,5.039,0.89,confirmed,287.042,276.921,14.15,measured,active
NOMAD-1011,5.039,0.892,confirmed,178.387,168.02,10.15,measured,active
NOMAD-1012,5.039,0.871,confirmed,342.441,332.32,24.0,measured,active
NOMAD-1013,5.039,0.968,confirmed,304.487,294.307,7.35,measured,active
NOMAD-1014,5.039,0.806,confirmed,296.868,286.747,21.6,measured,active
NOMAD-1015,5.039,0.913,confirmed,337.414,327.293,48.75,measured,active
NOMAD-1016,5.039,0.921,confirmed,273.954,263.213,27.5,measured,active
NOMAD-1017,5.039,0.721,confirmed,277.721,267.28,6.6,measured,active
NOMAD-1018,5.039,0.924,confirmed,149.411,139.29,12.4,measured,active
NOMAD-1019,5.039,0.91,confirmed,156.187,145.482,3.4,measured,active
NOMAD-1020,5.039,0.925,confirmed,239.0,228.879,3.4,measured,active
NOMAD-1021,5.063,0.842,confirmed,316.022,305.8,16.9,measured,active
NOMAD-1022,5.039,0.868,confirmed,175.721,165.187,0.1,measured,active
NOMAD-1023,5.039,0.934,confirmed,249.154,238.422,0.25,measured,active
NOMAD-1024,5.039,0.944,confirmed,274.221,264.001,8.0,measured,active
NOMAD-1025,5.039,0.871,confirmed,193.854,183.463,1.1,measured,active
NOMAD-1026,5.039,0.608,confirmed,451.748,441.627,0.45,measured,active
NOMAD-1027,5.039,0.662,confirmed,142.068,131.947,0.0,measured,active
NOMAD-1028,5.039,0.742,confirmed,223.054,212.952,7.55,measured,active
NOMAD-1029,5.039,0.841,confirmed,301.988,291.867,5.35,measured,active
NOMAD-1030,5.039,0.91,confirmed,275.587,265.36,23.65,measured,active
NOMAD-1031,5.039,0.963,confirmed,154.554,143.508,8.55,measured,active
NOMAD-1032,5.039,0.919,confirmed,452.521,441.797,45.65,measured,active
NOMAD-1033,5.039,0.928,confirmed,312.721,302.158,9.9,measured,active
NOMAD-1034,5.039,0.714,confirmed,323.887,313.56,15.5,measured,active
NOMAD-1035,5.039,0.735,confirmed,183.134,173.013,11.1,measured,active
NOMAD-1036,5.039,0.891,confirmed,181.494,171.373,0.0,measured,active
NOMAD-1037,5.039,0.846,confirmed,311.221,300.693,4.9,measured,active
NOMAD-1038,5.039,0.798,confirmed,316.974,306.853,8.8,measured,active
NOMAD-1039,5.039,0.819,confirmed,192.121,181.413,2.65,measured,active
NOMAD-1040,5.039,0.842,confirmed,117.454,107.333,1.25,measured,active
NOMAD-1041,5.039,0.559,confirmed,221.254,210.727,1.05,measured,active
NOMAD-1042,5.039,0.502,confirmed,259.041,248.92,7.95,measured,active
NOMAD-1043,5.039,0.613,confirmed,255.708,245.587,0.0,measured,active
NOMAD-1044,5.039,0.946,confirmed,178.976,168.476,22.35,measured,active
NOMAD-1045,5.039,0.943,confirmed,216.854,206.733,16.1,measured,active
NOMAD-1046,5.039,0.743,confirmed,201.686,191.565,20.55,measured,active
NOMAD-1047,5.063,0.991,confirmed,378.089,367.907,1.55,measured,active
NOMAD-1048,3.149,0.893,needs-review,312.781,306.491,2.15,measured,active
NOMAD-1049,5.039,0.655,confirmed,179.814,169.693,5.1,measured,active
NOMAD-1050,5.039,0.69,confirmed,192.387,181.867,13.2,measured,active
NOMAD-1051,5.039,0.786,confirmed,214.821,203.883,14.85,measured,active
NOMAD-1052,5.063,0.322,confirmed,168.599,156.867,8.25,measured,active
NOMAD-1053,5.039,0.686,confirmed,279.454,268.733,8.6,measured,active
NOMAD-1054,5.039,0.825,confirmed,208.234,197.666,17.85,measured,active
NOMAD-1055,5.039,0.863,confirmed,234.854,224.515,9.65,measured,active
NOMAD-1056,5.063,0.888,confirmed,279.218,267.714,17.9,measured,active
NOMAD-1057,5.063,0.869,confirmed,206.772,196.625,0.2,measured,active
NOMAD-1058,5.063,0.922,confirmed,285.999,275.774,32.35,measured,active
NOMAD-1059,5.063,0.86,confirmed,171.78,160.009,4.25,measured,active
NOMAD-1060,5.039,0.886,confirmed,198.254,187.733,2.0,measured,active
NOMAD-1061,5.063,0.757,confirmed,263.754,252.262,18.65,measured,active
NOMAD-1062,5.063,0.942,confirmed,180.116,169.412,19.05,measured,active
NOMAD-1063,5.063,0.833,confirmed,177.887,166.933,7.8,measured,active
NOMAD-1064,5.063,0.937,confirmed,177.887,166.28,2.15,measured,active
NOMAD-1065,5.063,0.841,confirmed,242.252,231.933,12.7,measured,active
NOMAD-1066,5.063,0.864,confirmed,196.834,185.973,2.25,measured,active
NOMAD-1067,5.063,0.938,confirmed,184.783,172.846,8.4,measured,active
NOMAD-1068,5.063,0.73,confirmed,196.95,184.905,16.0,measured,active
NOMAD-1069,5.063,0.835,confirmed,259.923,248.093,8.65,measured,active
NOMAD-1070,5.063,0.766,confirmed,225.72,214.468,14.05,measured,active
NOMAD-1071,5.063,0.929,confirmed,336.757,325.493,8.0,measured,active
NOMAD-1072,5.063,0.942,confirmed,191.888,179.879,0.3,measured,active
NOMAD-1073,5.063,0.964,confirmed,196.23,184.268,10.7,measured,active
NOMAD-1074,5.063,0.743,confirmed,246.896,235.669,0.1,measured,active
NOMAD-1075,5.063,0.691,confirmed,163.583,151.787,0.3,measured,active
NOMAD-1076,5.063,0.527,confirmed,138.227,126.667,3.85,measured,active
NOMAD-1077,5.063,0.936,confirmed,212.624,201.84,6.35,measured,active
NOMAD-1078,5.063,0.94,confirmed,261.687,250.84,1.3,measured,active
NOMAD-1079,5.063,0.773,confirmed,206.633,195.76,10.35,measured,active
NOMAD-1080,5.063,0.889,confirmed,152.646,141.084,11.4,measured,active
NOMAD-1081,5.063,0.922,confirmed,233.731,221.952,4.25,measured,active
NOMAD-1082,5.063,0.727,confirmed,212.299,200.806,5.1,measured,active
NOMAD-1083,5.063,0.735,confirmed,244.388,233.013,0.5,measured,active
NOMAD-1084,5.063,0.728,confirmed,295.658,285.269,14.15,measured,active
NOMAD-1085,5.039,0.609,confirmed,308.392,298.271,12.35,measured,active
NOMAD-1086,5.063,0.817,confirmed,216.362,205.4,0.15,measured,active
NOMAD-1087,5.063,0.727,confirmed,229.992,219.507,4.1,measured,active
NOMAD-1088,5.063,0.871,confirmed,202.848,191.013,0.7,measured,active
NOMAD-1089,5.063,0.771,confirmed,239.025,228.213,17.4,measured,active
NOMAD-1090,5.063,0.88,confirmed,242.693,232.498,4.45,measured,active
NOMAD-1091,5.063,0.792,confirmed,156.896,145.151,4.45,measured,active
NOMAD-1092,5.063,0.856,confirmed,262.895,252.56,38.15,measured,active
NOMAD-1093,5.063,0.844,confirmed,421.023,410.867,6.05,measured,active
NOMAD-1094,5.063,0.654,confirmed,261.943,251.784,7.25,measured,active
NOMAD-1095,14.644,0.027,needs-review,186.501,174.78,13.9,measured,active
NOMAD-1096,5.063,0.951,confirmed,182.577,172.427,8.45,measured,active
NOMAD-1097,5.063,0.922,confirmed,213.39,203.24,31.5,measured,active
NOMAD-1098,5.063,0.869,confirmed,322.106,311.947,15.15,measured,active
NOMAD-1099,5.063,0.845,confirmed,244.365,233.373,5.9,measured,active
NOMAD-1100,5.063,0.885,confirmed,323.731,312.867,19.25,measured,active
NOMAD-1101,5.063,0.902,confirmed,306.525,295.133,24.85,measured,active
NOMAD-1102,19.897,0.015,needs-review,274.18,262.541,4.9,measured,active
NOMAD-1103,5.063,0.884,confirmed,221.935,210.28,5.35,measured,active
NOMAD-1104,5.063,0.872,confirmed,233.893,223.725,33.35,measured,active
NOMAD-1105,5.063,0.806,confirmed,203.916,193.724,5.85,measured,active
NOMAD-1106,5.063,0.812,confirmed,222.469,212.107,8.75,measured,active
NOMAD-1107,5.063,0.956,confirmed,216.687,205.099,1.5,measured,active
NOMAD-1108,5.063,0.978,confirmed,305.921,293.75,8.0,measured,active
NOMAD-1109,5.063,0.822,confirmed,182.298,170.162,4.05,measured,active
NOMAD-1110,5.063,0.966,confirmed,323.127,312.293,43.25,measured,active
NOMAD-1111,8.063,0.913,confirmed,204.961,191.8,0.05,measured,active
NOMAD-1112,5.063,0.842,confirmed,228.181,217.464,16.45,measured,active
NOMAD-1113,5.063,0.855,confirmed,187.616,177.0,12.1,measured,active
NOMAD-1114,5.063,0.917,confirmed,211.161,199.478,8.5,measured,active
NOMAD-1115,5.063,0.825,confirmed,278.081,267.893,2.65,measured,active
NOMAD-1116,8.063,0.913,confirmed,278.197,264.92,0.0,measured,active
NOMAD-1117,5.063,0.658,confirmed,199.04,188.893,8.55,measured,active
NOMAD-1118,8.063,0.957,confirmed,307.663,294.107,0.1,measured,active
NOMAD-1119,5.063,0.732,confirmed,250.89,239.92,22.15,measured,active
NOMAD-1120,5.063,0.87,confirmed,266.447,256.28,12.05,measured,active
NOMAD-1121,5.063,0.829,confirmed,263.29,253.133,20.15,measured,active
NOMAD-1122,5.063,0.822,confirmed,139.225,129.067,10.6,measured,active
NOMAD-1123,5.063,0.583,confirmed,242.484,231.373,6.3,measured,active
NOMAD-1124,5.063,0.876,confirmed,251.889,239.96,6.55,measured,active
NOMAD-1125,5.059,0.925,confirmed,224.324,212.815,14.0,measured,active
NOMAD-1126,5.059,0.956,confirmed,342.02,331.6,0.05,measured,active
NOMAD-1127,5.059,0.895,confirmed,183.279,172.525,17.9,measured,active
NOMAD-1128,5.059,0.847,confirmed,107.929,96.985,10.75,measured,active
NOMAD-1129,5.059,0.998,confirmed,394.052,383.267,12.75,measured,active
NOMAD-1130,5.059,0.918,confirmed,258.223,247.723,30.7,measured,active
NOMAD-1131,5.059,0.961,confirmed,244.228,232.44,1.1,measured,active
NOMAD-1132,8.059,0.677,confirmed,210.009,196.8,0.75,measured,active
NOMAD-1133,5.059,0.82,confirmed,175.449,163.545,14.1,measured,active
NOMAD-1134,5.059,0.846,confirmed,227.652,215.467,9.7,measured,active
NOMAD-1135,5.059,0.92,confirmed,293.743,283.253,22.3,measured,active
NOMAD-1136,5.059,0.922,confirmed,280.644,270.493,1.4,measured,active
NOMAD-1137,5.059,0.942,confirmed,265.625,254.742,24.6,measured,active
NOMAD-1138,5.059,0.766,confirmed,195.951,185.626,12.0,measured,active
NOMAD-1139,5.059,0.92,confirmed,181.487,171.333,13.5,measured,active
NOMAD-1140,5.059,0.951,confirmed,294.02,283.293,24.0,measured,active
NOMAD-1141,5.059,0.932,confirmed,211.332,201.173,8.15,measured,active
NOMAD-1142,5.059,0.864,confirmed,174.127,163.973,0.0,measured,active
NOMAD-1143,5.059,0.888,confirmed,233.924,223.293,17.5,measured,active
NOMAD-1144,5.059,0.962,confirmed,253.593,241.653,27.85,measured,active
NOMAD-1145,5.059,0.605,confirmed,213.679,203.474,8.45,measured,active
NOMAD-1146,5.059,0.745,confirmed,225.391,215.053,0.0,measured,active
NOMAD-1147,5.059,0.85,confirmed,224.58,212.922,4.45,measured,active
NOMAD-1148,8.059,0.775,confirmed,205.145,191.413,0.4,measured,active
NOMAD-1149,5.059,0.765,confirmed,147.289,137.133,18.55,measured,active
NOMAD-1150,5.059,0.832,confirmed,273.561,262.44,7.75,measured,active
NOMAD-1151,5.059,0.905,confirmed,242.329,231.627,15.65,measured,active
NOMAD-1152,5.059,0.6,confirmed,258.607,248.453,14.35,measured,active
NOMAD-1153,5.059,0.879,confirmed,215.663,204.693,9.35,measured,active
NOMAD-1154,5.059,0.746,confirmed,285.828,273.693,6.8,measured,active
NOMAD-1155,5.059,0.797,confirmed,478.084,466.467,30.7,measured,active
NOMAD-1156,5.059,0.929,confirmed,250.031,239.88,7.8,measured,active
NOMAD-1157,5.059,0.903,confirmed,214.916,203.813,9.45,measured,active
NOMAD-1158,5.059,0.716,confirmed,273.476,261.827,9.95,measured,active
NOMAD-1159,5.059,0.957,confirmed,174.788,164.2,50.05,measured,active
NOMAD-1160,5.059,0.674,confirmed,212.612,202.0,7.8,measured,active
NOMAD-1161,5.059,0.941,confirmed,281.86,269.84,19.85,measured,active
NOMAD-1162,5.059,0.804,confirmed,191.023,179.86,3.7,measured,active
NOMAD-1163,5.016,0.375,confirmed,188.064,178.011,1.4,measured,active
NOMAD-1164,5.037,0.806,confirmed,167.119,157.0,7.85,measured,active
NOMAD-1165,8.059,0.952,confirmed,247.385,234.227,1.15,measured,active
NOMAD-1166,8.059,0.512,confirmed,228.292,215.133,0.25,measured,active
NOMAD-1167,5.059,0.856,confirmed,211.225,199.645,5.0,measured,active
NOMAD-1168,5.059,0.924,confirmed,221.977,210.56,23.75,measured,active
NOMAD-1169,5.059,0.957,confirmed,197.892,186.333,13.0,measured,active
NOMAD-1170,5.059,0.462,confirmed,198.063,187.2,3.75,measured,active
NOMAD-1171,5.059,0.918,confirmed,222.148,212.0,20.55,measured,active
NOMAD-1172,5.059,0.794,confirmed,237.209,225.053,4.25,measured,active
NOMAD-1173,5.059,0.762,confirmed,243.609,232.124,6.45,measured,active
NOMAD-1174,5.059,0.946,confirmed,193.583,182.107,13.5,measured,active
NOMAD-1175,5.059,0.987,confirmed,267.972,257.827,11.7,measured,active
NOMAD-1176,8.059,0.826,confirmed,190.468,177.321,0.55,measured,active
NOMAD-1177,8.059,0.968,confirmed,199.193,186.027,1.15,measured,active
NOMAD-1178,5.059,0.96,confirmed,235.076,224.053,14.8,measured,active
NOMAD-1179,8.059,0.853,confirmed,133.892,120.744,0.25,measured,active
NOMAD-1180,8.059,0.907,confirmed,216.409,203.267,0.55,measured,active
NOMAD-1181,8.059,0.76,confirmed,371.439,357.74,1.95,measured,active
NOMAD-1182,5.059,0.894,confirmed,206.511,194.627,6.9,measured,active
NOMAD-1183,5.059,0.583,confirmed,256.409,245.264,11.35,measured,active
NOMAD-1184,5.059,0.748,confirmed,223.748,211.88,7.15,measured,active
NOMAD-1185,5.059,0.939,confirmed,232.153,221.027,4.7,measured,active
NOMAD-1186,5.059,0.761,confirmed,216.644,205.747,14.95,measured,active
NOMAD-1187,5.016,0.87,confirmed,222.652,212.6,21.25,measured,active
NOMAD-1188,5.016,0.506,confirmed,279.586,269.533,18.6,measured,active
NOMAD-1189,5.059,0.38,confirmed,226.927,216.773,10.65,measured,active
NOMAD-1190,5.016,0.959,confirmed,63.952,53.6,10.5,measured,active
NOMAD-1191,5.016,0.848,confirmed,315.426,305.373,9.3,measured,active
NOMAD-1192,5.059,0.871,confirmed,223.449,211.933,19.7,measured,active
NOMAD-1193,5.059,0.858,confirmed,234.628,223.067,19.0,measured,active
NOMAD-1194,5.016,0.758,confirmed,142.631,132.307,9.3,measured,active
NOMAD-1195,5.016,0.62,confirmed,317.931,306.24,16.25,measured,active
NOMAD-1196,5.016,0.825,confirmed,262.064,251.493,8.05,measured,active
NOMAD-1197,5.016,0.852,confirmed,231.764,221.293,21.8,measured,active
NOMAD-1198,5.016,0.874,confirmed,233.898,223.867,9.65,measured,active
NOMAD-1199,5.016,0.612,confirmed,142.898,132.867,1.35,measured,active
NOMAD-1200,5.016,0.987,confirmed,164.127,154.096,2.25,measured,active
NOMAD-1201,5.016,0.971,confirmed,211.531,201.231,0.0,measured,active
NOMAD-1202,5.016,0.831,confirmed,208.731,198.0,16.45,measured,active
NOMAD-1203,5.016,0.861,confirmed,197.698,187.667,11.05,measured,active
NOMAD-1204,5.016,0.577,confirmed,342.664,331.674,25.1,measured,active
NOMAD-1205,5.016,0.876,confirmed,227.497,217.2,21.5,measured,active
NOMAD-1206,5.016,0.797,confirmed,222.418,212.387,4.05,measured,active
NOMAD-1207,5.016,0.794,confirmed,326.397,314.886,5.55,measured,active
NOMAD-1208,5.016,0.822,confirmed,197.364,187.333,3.75,measured,active
NOMAD-1209,5.016,0.946,confirmed,233.264,223.093,25.05,measured,active
NOMAD-1210,5.016,0.929,confirmed,200.031,189.069,0.1,measured,active
NOMAD-1211,5.016,0.932,confirmed,250.418,240.387,24.95,measured,active
NOMAD-1212,5.016,0.837,confirmed,194.531,184.197,5.35,measured,active
NOMAD-1213,5.016,0.861,confirmed,225.731,214.239,4.7,measured,active
NOMAD-1214,5.016,0.928,confirmed,196.631,186.173,2.3,measured,active
NOMAD-1215,5.016,0.922,confirmed,223.764,212.126,29.2,measured,active
NOMAD-1216,5.016,0.905,confirmed,219.031,207.424,3.4,measured,active
NOMAD-1217,5.016,0.627,confirmed,287.497,275.795,4.45,measured,active
NOMAD-1218,5.016,0.901,confirmed,209.631,197.904,5.5,measured,active
NOMAD-1219,5.016,0.736,confirmed,229.661,219.63,3.3,measured,active
NOMAD-1220,5.016,0.44,confirmed,285.497,273.934,16.95,measured,active
NOMAD-1221,5.016,0.499,confirmed,246.764,235.92,3.2,measured,active
NOMAD-1222,5.016,0.862,confirmed,228.631,218.333,6.8,measured,active
NOMAD-1223,5.016,0.723,confirmed,309.464,298.06,18.6,measured,active
NOMAD-1224,5.016,0.868,confirmed,198.797,187.48,4.8,measured,active
NOMAD-1225,5.016,0.961,confirmed,404.697,393.091,3.65,measured,active
NOMAD-1226,5.016,0.604,confirmed,231.564,221.184,8.85,measured,active
NOMAD-1227,5.016,0.825,confirmed,284.597,274.133,3.2,measured,active
NOMAD-1228,5.016,0.875,confirmed,172.964,161.195,25.75,measured,active
NOMAD-1229,5.016,0.591,confirmed,203.064,192.0,21.05,measured,active
NOMAD-1230,5.016,0.902,confirmed,389.231,377.507,9.65,measured,active
NOMAD-1231,5.016,0.372,confirmed,111.731,101.293,4.8,measured,active
NOMAD-1232,5.016,0.939,confirmed,214.397,203.093,2.75,measured,active
NOMAD-1233,5.016,0.778,confirmed,240.464,229.88,17.55,measured,active
NOMAD-1234,5.016,0.909,confirmed,233.102,223.071,4.7,measured,active
NOMAD-1235,5.016,0.941,confirmed,233.264,222.318,14.25,measured,active
NOMAD-1236,5.016,0.388,confirmed,179.997,169.343,28.45,measured,active
NOMAD-1237,5.016,0.835,confirmed,227.871,217.84,1.55,measured,active
NOMAD-1238,5.016,0.939,confirmed,238.397,228.16,15.55,measured,active
NOMAD-1239,5.016,0.864,confirmed,197.964,186.491,5.15,measured,active
NOMAD-1240,5.016,0.814,confirmed,218.531,206.947,16.45,measured,active
NOMAD-1241,5.016,0.91,confirmed,228.564,217.718,4.5,measured,active
NOMAD-1242,5.016,0.948,confirmed,339.497,327.75,35.2,measured,active
NOMAD-1243,5.016,0.779,confirmed,98.797,87.765,1.45,measured,active
NOMAD-1244,5.016,0.88,confirmed,161.364,150.747,5.7,measured,active
NOMAD-1245,5.016,0.916,confirmed,168.464,158.0,22.15,measured,active
NOMAD-1246,5.016,0.828,confirmed,265.564,254.037,18.95,measured,active
NOMAD-1248,5.016,0.992,confirmed,230.031,218.326,89.6,measured,active
NOMAD-1249,5.016,0.969,confirmed,152.397,140.667,3.3,measured,active
NOMAD-1250,5.016,0.975,confirmed,216.497,205.205,3.65,measured,active
NOMAD-1251,5.016,0.465,confirmed,361.631,350.18,6.05,measured,active
NOMAD-1252,5.016,0.895,confirmed,376.231,365.013,9.0,measured,active
NOMAD-1253,5.016,0.783,confirmed,135.164,123.646,0.45,measured,active
NOMAD-1254,5.016,0.447,confirmed,359.631,347.986,12.55,measured,active
NOMAD-1255,5.016,0.689,confirmed,186.697,175.501,2.65,measured,active
NOMAD-1256,5.016,0.968,confirmed,257.831,246.521,9.3,measured,active
NOMAD-1257,5.016,0.954,confirmed,449.097,438.161,3.65,measured,active
NOMAD-1258,5.016,0.902,confirmed,201.487,191.456,4.55,measured,active
NOMAD-1259,5.016,0.894,confirmed,280.264,269.733,20.2,measured,active
NOMAD-1260,5.016,0.972,confirmed,177.264,166.601,21.1,measured,active
NOMAD-1261,5.016,0.656,confirmed,238.831,227.881,16.75,measured,active
NOMAD-1262,5.016,0.927,confirmed,186.297,174.701,13.15,measured,active
NOMAD-1263,5.016,0.967,confirmed,263.297,251.976,25.05,measured,active
NOMAD-1264,5.016,0.897,confirmed,295.231,283.453,23.8,measured,active
NOMAD-1265,5.016,0.722,confirmed,237.444,227.413,14.25,measured,active
NOMAD-1266,5.016,0.896,confirmed,195.831,184.933,3.25,measured,active
NOMAD-1267,5.016,0.846,confirmed,205.264,194.301,7.65,measured,active
NOMAD-1268,8.015,0.77,confirmed,123.331,109.401,2.3,measured,active
NOMAD-1269,8.015,0.808,confirmed,183.231,169.406,0.25,measured,active
NOMAD-1270,5.016,0.608,confirmed,229.164,219.027,4.05,measured,active
NOMAD-1271,8.015,0.632,confirmed,207.764,194.354,0.1,measured,active
NOMAD-1272,5.016,0.909,confirmed,189.031,179.0,12.95,measured,active
NOMAD-1273,5.016,0.868,confirmed,210.404,200.373,13.25,measured,active
NOMAD-1274,5.016,0.896,confirmed,196.864,186.613,14.4,measured,active
NOMAD-1275,5.016,0.789,confirmed,190.031,178.941,6.7,measured,active
NOMAD-1276,5.016,0.899,confirmed,244.664,233.96,16.05,measured,active
NOMAD-1277,5.016,0.428,confirmed,56.731,46.333,15.05,measured,active
NOMAD-1278,8.015,0.833,confirmed,240.218,227.187,0.35,measured,active
NOMAD-1279,5.016,0.9,confirmed,209.178,199.147,6.15,measured,active
NOMAD-1280,5.016,0.913,confirmed,195.664,185.267,23.9,measured,active
NOMAD-1281,5.016,0.863,confirmed,156.597,145.573,31.85,measured,active
NOMAD-1282,5.016,0.844,confirmed,226.464,216.147,20.75,measured,active
NOMAD-1283,5.016,0.841,confirmed,144.844,134.813,9.0,measured,active
NOMAD-1284,8.015,0.93,confirmed,254.831,241.333,0.05,measured,active
NOMAD-1285,5.016,0.976,confirmed,349.697,339.414,9.6,measured,active
NOMAD-1286,5.016,0.902,confirmed,232.164,222.133,24.0,measured,active
NOMAD-1287,8.015,0.774,confirmed,208.231,194.421,0.05,measured,active
NOMAD-1288,5.016,0.877,confirmed,232.497,221.467,14.5,measured,active
NOMAD-1289,5.016,0.912,confirmed,286.204,276.173,14.6,measured,active
NOMAD-1290,5.016,0.906,confirmed,237.464,226.733,6.85,measured,active
NOMAD-1291,5.016,0.764,confirmed,293.098,283.067,10.35,measured,active
NOMAD-1292,5.016,0.848,confirmed,206.218,196.187,2.65,measured,active
NOMAD-1293,5.016,0.896,confirmed,255.064,245.027,7.85,measured,active
NOMAD-1294,5.016,0.798,confirmed,122.071,112.04,6.6,measured,active
NOMAD-1295,5.016,0.862,confirmed,203.164,192.558,6.0,measured,active
NOMAD-1296,5.016,0.885,confirmed,242.064,231.427,11.45,measured,active
NOMAD-1297,5.016,0.583,confirmed,205.831,194.201,6.25,measured,active
NOMAD-1298,5.016,0.905,confirmed,198.231,186.941,32.45,measured,active
NOMAD-1299,5.016,0.909,confirmed,243.084,233.053,9.2,measured,active
NOMAD-1300,8.015,0.82,confirmed,208.331,194.477,2.05,measured,active
NOMAD-1301,8.015,0.916,confirmed,254.697,241.159,0.1,measured,active
NOMAD-1302,5.016,0.895,confirmed,190.73,180.699,0.7,measured,active
NOMAD-1303,5.016,0.939,confirmed,199.031,188.966,11.2,measured,active
NOMAD-1304,5.016,0.959,confirmed,235.731,225.48,4.7,measured,active
NOMAD-1305,5.016,0.922,confirmed,297.631,287.6,10.0,measured,active
NOMAD-1306,5.016,0.904,confirmed,313.997,303.773,55.9,measured,active
NOMAD-1307,8.015,0.613,confirmed,249.264,235.827,0.95,measured,active
NOMAD-1308,8.015,0.877,confirmed,160.231,146.593,0.0,measured,active
NOMAD-1309,5.016,0.726,confirmed,242.964,232.667,14.6,measured,active
NOMAD-1310,5.016,0.872,confirmed,346.031,336.0,14.3,measured,active
NOMAD-1311,5.016,0.944,confirmed,370.731,360.0,16.0,measured,active
NOMAD-1312,5.016,0.903,confirmed,253.797,243.267,6.9,measured,active
NOMAD-1313,5.016,0.805,confirmed,207.497,195.701,19.0,measured,active
NOMAD-1314,5.016,0.842,confirmed,332.897,321.241,21.55,measured,active
NOMAD-1315,5.016,0.869,confirmed,317.031,305.381,3.1,measured,active
NOMAD-1316,5.016,0.652,confirmed,242.071,232.04,12.75,measured,active
NOMAD-1317,5.016,0.794,confirmed,255.371,245.34,11.95,measured,active
NOMAD-1318,8.015,0.712,confirmed,249.271,236.278,0.35,measured,active
NOMAD-1319,5.016,0.687,confirmed,207.564,196.401,18.3,measured,active
NOMAD-1320,5.016,0.618,confirmed,272.531,260.981,11.35,measured,active
NOMAD-1321,5.016,0.743,confirmed,265.297,253.761,16.0,measured,active
NOMAD-1322,5.016,0.711,confirmed,295.164,283.641,18.95,measured,active
NOMAD-1323,5.016,0.905,confirmed,284.797,273.301,26.7,measured,active
NOMAD-1324,5.016,0.747,confirmed,210.578,200.547,3.25,measured,active
NOMAD-1325,5.016,0.979,confirmed,246.797,236.578,10.85,measured,active
NOMAD-1326,8.015,0.701,confirmed,287.868,274.861,0.7,measured,active
NOMAD-1327,5.016,0.675,confirmed,329.397,317.761,24.65,measured,active
NOMAD-1328,5.016,0.866,confirmed,233.465,223.434,4.3,measured,active
NOMAD-1329,5.016,0.865,confirmed,217.331,205.801,8.85,measured,active
NOMAD-1330,8.015,0.763,confirmed,289.631,276.261,1.5,measured,active
NOMAD-1331,5.016,0.844,confirmed,253.564,240.441,1.45,measured,active
NOMAD-1332,5.016,0.843,confirmed,217.153,207.125,1.3,measured,active
NOMAD-1333,5.016,0.87,confirmed,288.264,276.841,7.55,measured,active
NOMAD-1334,5.016,0.828,confirmed,318.331,306.73,17.05,measured,active
NOMAD-1335,5.016,0.973,confirmed,245.264,233.6,8.9,measured,active
NOMAD-1336,8.015,0.877,confirmed,248.364,234.483,2.7,measured,active
NOMAD-1337,8.015,0.876,confirmed,382.031,369.0,1.55,measured,active
NOMAD-1338,5.016,0.917,confirmed,135.564,124.273,1.6,measured,active
NOMAD-1339,8.015,0.772,confirmed,254.031,240.844,1.15,measured,active
NOMAD-1340,5.016,0.832,confirmed,430.597,419.04,11.25,measured,active
NOMAD-1341,5.016,0.88,confirmed,236.797,226.067,11.2,measured,active
NOMAD-1342,5.016,0.825,confirmed,310.831,299.081,26.3,measured,active
NOMAD-1343,5.016,0.834,confirmed,160.197,148.992,5.3,measured,active
NOMAD-1344,5.016,0.933,confirmed,233.464,222.6,9.95,measured,active
NOMAD-1345,5.016,0.89,confirmed,313.431,303.413,0.35,measured,active
NOMAD-1346,8.015,0.477,confirmed,44.331,30.772,0.15,measured,active
NOMAD-1347,8.015,0.876,confirmed,191.731,177.848,0.2,measured,active
NOMAD-1348,8.015,0.872,confirmed,217.864,204.8,1.95,measured,active
NOMAD-1349,5.016,0.988,confirmed,301.131,289.501,35.55,measured,active
NOMAD-1350,5.016,0.844,confirmed,334.464,322.981,36.2,measured,active
NOMAD-1351,8.015,0.595,confirmed,232.564,219.361,0.8,measured,active
NOMAD-1352,5.016,0.744,confirmed,235.197,224.52,4.3,measured,active
NOMAD-1353,5.016,0.92,confirmed,222.231,211.385,6.15,measured,active
NOMAD-1354,5.016,0.917,confirmed,221.631,211.493,5.8,measured,active
NOMAD-1355,5.016,0.955,confirmed,234.364,224.0,0.25,measured,active
NOMAD-1356,5.016,0.925,confirmed,289.131,277.6,10.0,measured,active
NOMAD-1357,5.016,0.986,confirmed,163.764,152.267,1.3,measured,active
NOMAD-1358,5.016,0.819,confirmed,150.831,138.101,5.55,measured,active
NOMAD-1359,5.016,0.971,confirmed,315.531,305.027,0.4,measured,active
NOMAD-1360,8.015,0.95,confirmed,178.464,164.321,0.0,measured,active
NOMAD-1361,5.016,0.711,confirmed,232.097,221.933,10.4,measured,active
NOMAD-1362,8.015,0.917,confirmed,143.797,130.0,2.0,measured,active
NOMAD-1363,5.016,0.944,confirmed,229.797,218.881,12.8,measured,active
NOMAD-1364,8.015,0.868,confirmed,199.998,186.986,1.4,measured,active
NOMAD-1365,5.016,0.904,confirmed,332.397,321.467,13.7,measured,active
NOMAD-1366,5.016,0.97,confirmed,323.631,310.821,13.8,measured,active
NOMAD-1367,8.015,0.71,confirmed,315.131,301.12,0.5,measured,active
NOMAD-1368,5.016,0.91,confirmed,230.397,220.213,10.6,measured,active
NOMAD-1369,5.016,0.979,confirmed,328.331,317.92,10.5,measured,active
NOMAD-1370,8.015,0.761,confirmed,183.464,168.901,0.0,measured,active
NOMAD-1371,5.016,0.816,confirmed,220.864,209.827,9.4,measured,active
NOMAD-1372,5.016,0.963,confirmed,235.567,225.542,2.1,measured,active
NOMAD-1373,5.016,0.848,confirmed,263.831,253.547,9.6,measured,active
NOMAD-1374,5.016,0.914,confirmed,230.364,218.081,6.7,measured,active
NOMAD-1375,5.016,0.832,confirmed,295.431,282.641,16.85,measured,active
NOMAD-1376,8.015,0.866,confirmed,193.997,180.281,0.4,measured,active
NOMAD-1377,5.016,0.765,confirmed,249.707,239.693,0.55,measured,active
NOMAD-1378,5.016,0.923,confirmed,192.702,182.68,10.3,measured,active
NOMAD-1379,5.016,0.887,confirmed,242.097,231.6,4.6,measured,active
NOMAD-1380,5.016,0.857,confirmed,344.964,332.001,1.2,measured,active
NOMAD-1381,5.016,0.837,confirmed,207.697,194.781,0.15,measured,active
NOMAD-1382,5.016,0.951,confirmed,310.497,299.8,2.35,measured,active
NOMAD-1383,5.016,0.805,confirmed,240.964,230.627,2.8,measured,active
NOMAD-1384,5.016,0.744,confirmed,358.431,345.501,10.1,measured,active
NOMAD-1385,5.016,0.593,confirmed,170.464,159.568,1.05,measured,active
NOMAD-1386,5.016,0.568,confirmed,189.264,178.507,4.7,measured,active
NOMAD-1387,5.016,0.71,confirmed,260.431,249.0,1.15,measured,active
NOMAD-1388,5.016,0.923,confirmed,207.364,197.16,7.25,measured,active
NOMAD-1389,5.016,0.931,confirmed,230.697,219.88,20.5,measured,active
NOMAD-1390,8.015,0.695,confirmed,193.997,180.975,0.6,measured,active
NOMAD-1391,5.016,0.78,confirmed,232.931,220.056,4.25,measured,active
NOMAD-1392,5.016,0.875,confirmed,186.697,176.56,6.3,measured,active
NOMAD-1393,5.016,0.901,confirmed,243.864,232.394,4.85,measured,active
NOMAD-1394,5.016,0.859,confirmed,399.631,386.881,2.1,measured,active
NOMAD-1395,5.016,0.966,confirmed,223.197,212.84,1.6,measured,active
NOMAD-1396,5.016,0.859,confirmed,135.464,124.92,10.6,measured,active
NOMAD-1397,5.016,0.897,confirmed,228.097,215.221,0.2,measured,active
NOMAD-1398,5.016,0.882,confirmed,243.931,232.467,8.2,measured,active
NOMAD-1399,5.016,0.94,confirmed,80.631,70.427,0.25,measured,active
NOMAD-1400,5.016,0.935,confirmed,220.497,207.701,10.95,measured,active
NOMAD-1401,5.016,0.766,confirmed,298.364,285.561,0.5,measured,active
NOMAD-1402,5.016,0.546,confirmed,181.431,171.0,4.3,measured,active
NOMAD-1403,5.016,0.793,confirmed,263.477,253.453,4.2,measured,active
NOMAD-1404,5.016,0.781,confirmed,211.897,201.36,2.75,measured,active
NOMAD-1405,5.016,0.94,confirmed,322.164,309.481,2.85,measured,active
NOMAD-1406,8.015,0.892,confirmed,241.131,227.11,0.4,measured,active
NOMAD-1407,5.016,0.748,confirmed,313.131,302.408,6.5,measured,active
NOMAD-1408,5.016,0.66,confirmed,183.364,173.333,10.75,measured,active
NOMAD-1409,5.016,0.602,confirmed,266.231,254.869,11.75,measured,active
NOMAD-1410,5.016,0.947,confirmed,157.931,146.667,0.9,measured,active
NOMAD-1411,5.016,0.901,confirmed,170.331,158.933,7.95,measured,active
NOMAD-1412,5.016,0.928,confirmed,276.397,264.867,4.15,measured,active
NOMAD-1413,5.016,0.907,confirmed,221.597,210.267,3.4,measured,active
NOMAD-1414,5.016,0.97,confirmed,292.131,281.573,19.95,measured,active
NOMAD-1415,5.016,0.909,confirmed,251.634,241.627,6.0,measured,active
NOMAD-1416,8.015,0.945,confirmed,145.964,131.761,0.05,measured,active
NOMAD-1417,5.016,0.959,confirmed,335.164,324.467,0.35,measured,active
NOMAD-1418,5.016,0.818,confirmed,270.697,257.781,1.1,measured,active
NOMAD-1419,8.015,0.77,confirmed,221.331,207.413,0.45,measured,active
NOMAD-1420,5.016,0.917,confirmed,290.631,279.56,0.2,measured,active
NOMAD-1421,5.016,0.979,confirmed,206.897,194.021,0.5,measured,active
NOMAD-1422,5.016,0.803,confirmed,358.497,345.757,7.1,measured,active
NOMAD-1423,5.016,0.879,confirmed,198.664,187.84,6.9,measured,active
NOMAD-1424,5.016,0.904,confirmed,213.197,202.491,3.95,measured,active
NOMAD-1425,5.016,0.916,confirmed,194.864,183.253,0.6,measured,active
NOMAD-1426,5.016,0.843,confirmed,215.764,204.88,21.0,measured,active
NOMAD-1427,5.016,0.656,confirmed,257.031,247.013,7.55,measured,active
NOMAD-1428,5.016,0.942,confirmed,218.931,208.907,26.05,measured,active
NOMAD-1429,5.016,0.881,confirmed,204.031,193.16,0.95,measured,active
NOMAD-1430,5.016,0.902,confirmed,209.231,196.521,0.3,measured,active
NOMAD-1431,8.015,0.753,confirmed,241.771,228.761,1.7,measured,active
NOMAD-1432,5.016,0.801,confirmed,247.031,236.733,1.0,measured,active
NOMAD-1433,5.016,0.898,confirmed,206.597,195.893,10.75,measured,active
NOMAD-1434,8.015,0.855,confirmed,254.197,240.236,0.55,measured,active
NOMAD-1435,5.016,0.876,confirmed,89.977,79.96,11.1,measured,active
NOMAD-1436,5.016,0.676,confirmed,166.764,155.648,8.1,measured,active
NOMAD-1437,5.016,0.832,confirmed,505.031,494.187,5.6,measured,active
NOMAD-1438,5.016,0.691,confirmed,260.631,247.979,3.8,measured,active
NOMAD-1439,8.015,0.936,confirmed,282.297,267.92,0.2,measured,active
NOMAD-1440,8.015,0.968,confirmed,331.664,317.617,3.6,measured,active
NOMAD-1441,5.016,0.909,confirmed,215.131,204.44,7.7,measured,active
NOMAD-1442,8.015,0.889,confirmed,130.131,115.8,1.75,measured,active
NOMAD-1443,5.016,0.914,confirmed,264.831,253.64,0.2,measured,active
NOMAD-1444,5.016,0.952,confirmed,234.452,224.427,8.6,measured,active
NOMAD-1445,5.016,0.937,confirmed,264.764,253.307,1.55,measured,active
NOMAD-1446,5.016,0.523,confirmed,193.531,183.107,2.1,measured,active
NOMAD-1447,5.016,0.934,confirmed,312.831,302.267,2.2,measured,active
NOMAD-1448,5.016,0.667,confirmed,200.997,189.387,13.7,measured,active
NOMAD-1449,5.016,0.755,confirmed,572.364,559.581,0.4,measured,active
NOMAD-1450,5.016,0.721,confirmed,342.897,331.994,9.5,measured,active
NOMAD-1451,5.016,0.849,confirmed,152.997,142.387,2.75,measured,active
NOMAD-1452,5.016,0.815,confirmed,205.097,192.421,2.1,measured,active
NOMAD-1453,5.016,0.955,confirmed,144.664,133.293,6.6,measured,active
NOMAD-1454,5.016,0.973,confirmed,267.464,256.76,10.25,measured,active
NOMAD-1455,5.016,0.99,confirmed,256.897,244.101,0.4,measured,active
NOMAD-1456,5.016,0.985,confirmed,183.364,171.827,27.95,measured,active
NOMAD-1457,5.016,0.973,confirmed,380.397,369.573,23.35,measured,active
NOMAD-1458,8.015,0.941,confirmed,219.064,204.792,0.95,measured,active
NOMAD-1459,8.015,0.808,confirmed,224.564,210.933,0.15,measured,active
NOMAD-1460,5.016,0.909,confirmed,271.097,258.121,11.2,measured,active
NOMAD-1461,5.016,0.96,confirmed,271.931,260.373,9.85,measured,active
NOMAD-1462,5.016,0.934,confirmed,360.497,350.467,13.3,measured,active
NOMAD-1463,5.016,0.912,confirmed,267.931,256.76,3.7,measured,active
NOMAD-1464,5.016,0.893,confirmed,238.197,226.933,13.75,measured,active
NOMAD-1465,5.016,0.933,confirmed,259.464,249.44,16.2,measured,active
NOMAD-1466,5.016,0.558,confirmed,313.631,302.214,12.1,measured,active
NOMAD-1467,5.016,0.883,confirmed,191.297,178.761,3.25,measured,active
NOMAD-1468,8.015,0.791,confirmed,223.697,210.463,1.65,measured,active
NOMAD-1469,5.016,0.777,confirmed,295.197,282.641,0.2,measured,active
NOMAD-1470,5.016,0.914,confirmed,282.364,272.347,34.7,measured,active
NOMAD-1471,5.016,0.777,confirmed,295.197,282.641,0.2,measured,active
NOMAD-1472,5.016,0.835,confirmed,182.397,171.187,1.05,measured,active
NOMAD-1473,5.016,0.928,confirmed,279.631,269.6,2.3,measured,active
NOMAD-1474,8.015,0.858,confirmed,253.664,239.68,0.75,measured,active
NOMAD-1475,5.016,0.997,confirmed,263.997,253.507,19.7,measured,active
NOMAD-1476,5.016,0.928,confirmed,180.164,169.0,0.0,measured,active
NOMAD-1477,5.016,0.819,confirmed,318.164,306.867,20.6,measured,active
NOMAD-1478,5.016,0.647,confirmed,278.664,267.813,13.1,measured,active
NOMAD-1479,5.016,0.932,confirmed,287.231,276.773,0.25,measured,active
NOMAD-1480,5.016,0.915,confirmed,276.031,264.827,0.35,measured,active
NOMAD-1481,8.015,0.896,confirmed,269.664,255.507,0.3,measured,active
NOMAD-1482,5.016,0.9,confirmed,235.631,225.573,3.1,measured,active
NOMAD-1483,5.016,0.84,confirmed,221.831,209.061,17.95,measured,active
NOMAD-1484,5.016,0.892,confirmed,266.431,255.08,0.15,measured,active
NOMAD-1485,5.016,0.933,confirmed,252.964,240.021,1.35,measured,active
NOMAD-1486,5.016,0.991,confirmed,286.397,275.862,1.85,measured,active
NOMAD-1487,5.016,0.878,confirmed,249.631,237.061,3.3,measured,active
NOMAD-1488,5.016,0.514,confirmed,233.131,222.32,11.6,measured,active
NOMAD-1489,8.015,0.788,confirmed,261.197,246.988,0.0,measured,active
NOMAD-1490,5.016,0.77,confirmed,234.364,224.0,7.05,measured,active
NOMAD-1491,5.016,0.767,confirmed,263.331,252.92,10.85,measured,active
NOMAD-1492,5.016,0.814,confirmed,243.897,233.133,16.95,measured,active
NOMAD-1493,8.015,0.803,confirmed,254.097,240.747,0.25,measured,active
NOMAD-1494,5.016,0.81,confirmed,275.964,263.314,0.35,measured,active
NOMAD-1495,5.016,0.744,confirmed,241.831,228.901,3.4,measured,active
NOMAD-1496,5.016,0.922,confirmed,340.697,330.4,0.45,measured,active
NOMAD-1497,5.016,0.848,confirmed,166.364,153.381,14.55,measured,active
NOMAD-1498,8.015,0.905,confirmed,355.797,341.221,0.3,measured,active
NOMAD-1499,5.016,0.851,confirmed,239.264,226.981,0.1,measured,active
NOMAD-1500,5.016,0.944,confirmed,312.931,302.68,1.05,measured,active
NOMAD-1501,5.016,0.915,confirmed,203.731,192.933,0.55,measured,active
NOMAD-1502,5.016,0.686,confirmed,178.497,165.504,0.65,measured,active
NOMAD-1503,5.016,0.912,confirmed,209.497,198.027,10.55,measured,active
NOMAD-1504,8.015,0.886,confirmed,244.497,230.2,0.35,measured,active
NOMAD-1505,5.016,0.979,confirmed,333.531,322.067,28.65,measured,active
NOMAD-1506,5.016,0.701,confirmed,181.364,168.721,1.9,measured,active
NOMAD-1507,5.016,0.973,confirmed,418.364,405.541,9.7,measured,active
