NOMAD-0001	andrewdropboxfull:/Andrew Beveridge/MediaUnsynced/Karaoke/Tracks-Organized/NOMAD-0001 - This Is Me Smiling - Prettier/This Is Me Smiling - Prettier.mp3	NOMAD-0001 - This Is Me Smiling - Prettier.mp3
NOMAD-0002	andrewdropboxfull:/Andrew Beveridge/MediaUnsynced/Karaoke/Tracks-Organized/NOMAD-0002 - Ленинград - Алкаш/Ленинград - Алкаш.mp3	NOMAD-0002 - Ленинград - Алкаш.mp3
NOMAD-0003	andrewdropboxfull:/Andrew Beveridge/MediaUnsynced/Karaoke/Tracks-Organized/NOMAD-0003 - Cher - Apples Don't Fall Far From The Tree/Cher - Apples Don't Fall Far From The Tree.mp3	NOMAD-0003 - Cher - Apples Don't Fall Far From The Tree.mp3
NOMAD-0004	andrewdropboxfull:/Andrew Beveridge/MediaUnsynced/Karaoke/Tracks-Organized/NOMAD-0004 - The Hush Sound - Don't Wake Me Up/06 Don't Wake Me Up.mp3	NOMAD-0004 - The Hush Sound - Don't Wake Me Up.mp3
NOMAD-0005	andrewdropboxfull:/Andrew Beveridge/MediaUnsynced/Karaoke/Tracks-Organized/NOMAD-0005 - ABBA - I Am The City/16 - I Am The City.mp3	NOMAD-0005 - ABBA - I Am The City.mp3
NOMAD-0006	andrewdropboxfull:/Andrew Beveridge/MediaUnsynced/Karaoke/Tracks-Organized/NOMAD-0006 - ABBA - Under Attack/18 - Under Attack.mp3	NOMAD-0006 - ABBA - Under Attack.mp3
NOMAD-0007	andrewdropboxfull:/Andrew Beveridge/MediaUnsynced/Karaoke/Tracks-Organized/NOMAD-0007 - The Hush Sound - A Dark Congregation/The Hush Sound - A Dark Congregation.mp3	NOMAD-0007 - The Hush Sound - A Dark Congregation.mp3
NOMAD-0008	andrewdropboxfull:/Andrew Beveridge/MediaUnsynced/Karaoke/Tracks-Organized/NOMAD-0008 - The Hush Sound - As You Cry/The Hush Sound - As You Cry.mp3	NOMAD-0008 - The Hush Sound - As You Cry.mp3
NOMAD-0009	andrewdropboxfull:/Andrew Beveridge/MediaUnsynced/Karaoke/Tracks-Organized/NOMAD-0009 - The Hush Sound - Boys Are Too Refined/The Hush Sound - Boys Are Too Refined.mp3	NOMAD-0009 - The Hush Sound - Boys Are Too Refined.mp3
NOMAD-0010	andrewdropboxfull:/Andrew Beveridge/MediaUnsynced/Karaoke/Tracks-Organized/NOMAD-0010 - The Hush Sound - Break the Sky/The Hush Sound - Break the Sky.mp3	NOMAD-0010 - The Hush Sound - Break the Sky.mp3
NOMAD-0011	andrewdropboxfull:/Andrew Beveridge/MediaUnsynced/Karaoke/Tracks-Organized/NOMAD-0011 - The Hush Sound - Carry Me Home/The Hush Sound - Carry Me Home.mp3	NOMAD-0011 - The Hush Sound - Carry Me Home.mp3
NOMAD-0012	andrewdropboxfull:/Andrew Beveridge/MediaUnsynced/Karaoke/Tracks-Organized/NOMAD-0012 - The Hush Sound - City Traffic Puzzle/The Hush Sound - City Traffic Puzzle.mp3	NOMAD-0012 - The Hush Sound - City Traffic Puzzle.mp3
NOMAD-0013	andrewdropboxfull:/Andrew Beveridge/MediaUnsynced/Karaoke/Tracks-Organized/NOMAD-0013 - The Hush Sound - Crawling Towards The Sun/The Hush Sound - Crawling Towards The Sun.mp3	NOMAD-0013 - The Hush Sound - Crawling Towards The Sun.mp3
NOMAD-0014	andrewdropboxfull:/Andrew Beveridge/MediaUnsynced/Karaoke/Tracks-Organized/NOMAD-0014 - The Hush Sound - Echo/The Hush Sound - Echo.mp3	NOMAD-0014 - The Hush Sound - Echo.mp3
NOMAD-0015	andrewdropboxfull:/Andrew Beveridge/MediaUnsynced/Karaoke/Tracks-Organized/NOMAD-0015 - The Hush Sound - Eileen/The Hush Sound - Eileen (Youtube LS1tUNy5ulQ).wav	NOMAD-0015 - The Hush Sound - Eileen.wav
NOMAD-0016	andrewdropboxfull:/Andrew Beveridge/MediaUnsynced/Karaoke/Tracks-Organized/NOMAD-0016 - The Hush Sound - Honey/The Hush Sound - Honey.mp3	NOMAD-0016 - The Hush Sound - Honey.mp3
NOMAD-0017	andrewdropboxfull:/Andrew Beveridge/MediaUnsynced/Karaoke/Tracks-Organized/NOMAD-0017 - The Hush Sound - Hospital Bed Crawl/The Hush Sound - Hospital Bed Crawl.mp3	NOMAD-0017 - The Hush Sound - Hospital Bed Crawl.mp3
NOMAD-0018	andrewdropboxfull:/Andrew Beveridge/MediaUnsynced/Karaoke/Tracks-Organized/NOMAD-0018 - The Hush Sound - Hourglass/The Hush Sound - Hourglass.mp3	NOMAD-0018 - The Hush Sound - Hourglass.mp3
NOMAD-0019	andrewdropboxfull:/Andrew Beveridge/MediaUnsynced/Karaoke/Tracks-Organized/NOMAD-0019 - The Hush Sound - Hurricane/The Hush Sound - Hurricane.mp3	NOMAD-0019 - The Hush Sound - Hurricane.mp3
NOMAD-0020	andrewdropboxfull:/Andrew Beveridge/MediaUnsynced/Karaoke/Tracks-Organized/NOMAD-0020 - The Hush Sound - Intro/The Hush Sound - Intro.mp3	NOMAD-0020 - The Hush Sound - Intro.mp3
NOMAD-0021	andrewdropboxfull:/Andrew Beveridge/MediaUnsynced/Karaoke/Tracks-Organized/NOMAD-0021 - The Hush Sound - Lions Roar/04 Lions Roar.mp3	NOMAD-0021 - The Hush Sound - Lions Roar.mp3
NOMAD-0022	andrewdropboxfull:/Andrew Beveridge/MediaUnsynced/Karaoke/Tracks-Organized/NOMAD-0022 - The Hush Sound - Love You Much Better/The Hush Sound - Love You Much Better.mp3	NOMAD-0022 - The Hush Sound - Love You Much Better.mp3
NOMAD-0023	andrewdropboxfull:/Andrew Beveridge/MediaUnsynced/Karaoke/Tracks-Organized/NOMAD-0023 - The Hush Sound - Magnolia/The Hush Sound - Magnolia.mp3	NOMAD-0023 - The Hush Sound - Magnolia.mp3
NOMAD-0024	andrewdropboxfull:/Andrew Beveridge/MediaUnsynced/Karaoke/Tracks-Organized/NOMAD-0024 - The Hush Sound - Medicine Man/The Hush Sound - Medicine Man.mp3	NOMAD-0024 - The Hush Sound - Medicine Man.mp3
NOMAD-0025	andrewdropboxfull:/Andrew Beveridge/MediaUnsynced/Karaoke/Tracks-Organized/NOMAD-0025 - The Hush Sound - Molasses/The Hush Sound - Molasses.mp3	NOMAD-0025 - The Hush Sound - Molasses.mp3
NOMAD-0026	andrewdropboxfull:/Andrew Beveridge/MediaUnsynced/Karaoke/Tracks-Organized/NOMAD-0026 - The Hush Sound - Momentum/The Hush Sound - Momentum.mp3	NOMAD-0026 - The Hush Sound - Momentum.mp3
NOMAD-0027	andrewdropboxfull:/Andrew Beveridge/MediaUnsynced/Karaoke/Tracks-Organized/NOMAD-0027 - The Hush Sound - My Apologies/The Hush Sound - My Apologies.mp3	NOMAD-0027 - The Hush Sound - My Apologies.mp3
NOMAD-0028	andrewdropboxfull:/Andrew Beveridge/MediaUnsynced/Karaoke/Tracks-Organized/NOMAD-0028 - The Hush Sound - Not Your Concern/The Hush Sound - Not Your Concern.mp3	NOMAD-0028 - The Hush Sound - Not Your Concern.mp3
NOMAD-0029	andrewdropboxfull:/Andrew Beveridge/MediaUnsynced/Karaoke/Tracks-Organized/NOMAD-0029 - The Hush Sound - Out Through The Curtain/The Hush Sound - Out Through The Curtain.mp3	NOMAD-0029 - The Hush Sound - Out Through The Curtain.mp3
NOMAD-0030	andrewdropboxfull:/Andrew Beveridge/MediaUnsynced/Karaoke/Tracks-Organized/NOMAD-0030 - The Hush Sound - Sweet Tangerine/03 Sweet Tangerine.mp3	NOMAD-0030 - The Hush Sound - Sweet Tangerine.mp3
NOMAD-0031	andrewdropboxfull:/Andrew Beveridge/MediaUnsynced/Karaoke/Tracks-Organized/NOMAD-0031 - The Hush Sound - That's Okay/The Hush Sound - That's Okay.mp3	NOMAD-0031 - The Hush Sound - That's Okay.mp3
NOMAD-0032	andrewdropboxfull:/Andrew Beveridge/MediaUnsynced/Karaoke/Tracks-Organized/NOMAD-0032 - The Hush Sound - The Artist/The Hush Sound - The Artist.mp3	NOMAD-0032 - The Hush Sound - The Artist.mp3
NOMAD-0033	andrewdropboxfull:/Andrew Beveridge/MediaUnsynced/Karaoke/Tracks-Organized/NOMAD-0033 - The Hush Sound - The Market/The Hush Sound - The Market.mp3	NOMAD-0033 - The Hush Sound - The Market.mp3
NOMAD-0034	andrewdropboxfull:/Andrew Beveridge/MediaUnsynced/Karaoke/Tracks-Organized/NOMAD-0034 - The Hush Sound - Tides Change/The Hush Sound - Tides Change.mp3	NOMAD-0034 - The Hush Sound - Tides Change.mp3
NOMAD-0035	andrewdropboxfull:/Andrew Beveridge/MediaUnsynced/Karaoke/Tracks-Organized/NOMAD-0035 - The Hush Sound - Unsafe Safe/The Hush Sound - Unsafe Safe.mp3	NOMAD-0035 - The Hush Sound - Unsafe Safe.mp3
NOMAD-0036	andrewdropboxfull:/Andrew Beveridge/MediaUnsynced/Karaoke/Tracks-Organized/NOMAD-0036 - The Hush Sound - We Intertwined/The Hush Sound - We Intertwined.mp3	NOMAD-0036 - The Hush Sound - We Intertwined.mp3
NOMAD-0037	andrewdropboxfull:/Andrew Beveridge/MediaUnsynced/Karaoke/Tracks-Organized/NOMAD-0037 - The Hush Sound - Weeping Willow/The Hush Sound - Weeping Willow.mp3	NOMAD-0037 - The Hush Sound - Weeping Willow.mp3
NOMAD-0038	andrewdropboxfull:/Andrew Beveridge/MediaUnsynced/Karaoke/Tracks-Organized/NOMAD-0038 - The Hush Sound - Where We Went Wrong/The Hush Sound - Where We Went Wrong.mp3	NOMAD-0038 - The Hush Sound - Where We Went Wrong.mp3
NOMAD-0039	andrewdropboxfull:/Andrew Beveridge/MediaUnsynced/Karaoke/Tracks-Organized/NOMAD-0039 - The Hush Sound - Wine Red/The Hush Sound - Wine Red.mp3	NOMAD-0039 - The Hush Sound - Wine Red.mp3
NOMAD-0040	andrewdropboxfull:/Andrew Beveridge/MediaUnsynced/Karaoke/Tracks-Organized/NOMAD-0040 - The Hush Sound - You Are The Moon/The Hush Sound - You Are The Moon.mp3	NOMAD-0040 - The Hush Sound - You Are The Moon.mp3
NOMAD-0041	andrewdropboxfull:/Andrew Beveridge/MediaUnsynced/Karaoke/Tracks-Organized/NOMAD-0041 - The Hush Sound - Lighthouse/05 Lighthouse.mp3	NOMAD-0041 - The Hush Sound - Lighthouse.mp3
NOMAD-0042	andrewdropboxfull:/Andrew Beveridge/MediaUnsynced/Karaoke/Tracks-Organized/NOMAD-0042 - Allie X - GLAM!/Allie X - GLAM!.mp3	NOMAD-0042 - Allie X - GLAM!.mp3
NOMAD-0043	andrewdropboxfull:/Andrew Beveridge/MediaUnsynced/Karaoke/Tracks-Organized/NOMAD-0043 - Lemaitre - Rocket Girl (feat. Betty Who)/Lemaitre - Rocket Girl (feat. Betty Who).mp3	NOMAD-0043 - Lemaitre - Rocket Girl (feat. Betty Who).mp3
NOMAD-0044	andrewdropboxfull:/Andrew Beveridge/MediaUnsynced/Karaoke/Tracks-Organized/NOMAD-0044 - Just Jack - 253/Just Jack - 253.mp3	NOMAD-0044 - Just Jack - 253.mp3
NOMAD-0045	andrewdropboxfull:/Andrew Beveridge/MediaUnsynced/Karaoke/Tracks-Organized/NOMAD-0045 - Just Jack - All Night Cinema/Just Jack - All Night Cinema.mp3	NOMAD-0045 - Just Jack - All Night Cinema.mp3
NOMAD-0046	andrewdropboxfull:/Andrew Beveridge/MediaUnsynced/Karaoke/Tracks-Organized/NOMAD-0046 - Just Jack - Astronaut/Just Jack - Astronaut.mp3	NOMAD-0046 - Just Jack - Astronaut.mp3
NOMAD-0047	andrewdropboxfull:/Andrew Beveridge/MediaUnsynced/Karaoke/Tracks-Organized/NOMAD-0047 - Just Jack - Blood/Just Jack - Blood.mp3	NOMAD-0047 - Just Jack - Blood.mp3
NOMAD-0048	andrewdropboxfull:/Andrew Beveridge/MediaUnsynced/Karaoke/Tracks-Organized/NOMAD-0048 - Just Jack - Disco Friends/Just Jack - Disco Friends.mp3	NOMAD-0048 - Just Jack - Disco Friends.mp3
NOMAD-0049	andrewdropboxfull:/Andrew Beveridge/MediaUnsynced/Karaoke/Tracks-Organized/NOMAD-0049 - Just Jack - Doctor Doctor/Just Jack - Doctor Doctor.mp3	NOMAD-0049 - Just Jack - Doctor Doctor.mp3
NOMAD-0050	andrewdropboxfull:/Andrew Beveridge/MediaUnsynced/Karaoke/Tracks-Organized/NOMAD-0050 - Just Jack - Embers/Just Jack - Embers.mp3	NOMAD-0050 - Just Jack - Embers.mp3
NOMAD-0051	andrewdropboxfull:/Andrew Beveridge/MediaUnsynced/Karaoke/Tracks-Organized/NOMAD-0051 - Just Jack - Glory Days/Just Jack - Glory Days.mp3	NOMAD-0051 - Just Jack - Glory Days.mp3
NOMAD-0052	andrewdropboxfull:/Andrew Beveridge/MediaUnsynced/Karaoke/Tracks-Organized/NOMAD-0052 - Just Jack - Goth In The Disco/Just Jack - Goth In The Disco.mp3	NOMAD-0052 - Just Jack - Goth In The Disco.mp3
NOMAD-0053	andrewdropboxfull:/Andrew Beveridge/MediaUnsynced/Karaoke/Tracks-Organized/NOMAD-0053 - Just Jack - Hold On/Just Jack - Hold On.mp3	NOMAD-0053 - Just Jack - Hold On.mp3
NOMAD-0054	andrewdropboxfull:/Andrew Beveridge/MediaUnsynced/Karaoke/Tracks-Organized/NOMAD-0054 - Just Jack - I Talk Too Much/Just Jack - I Talk Too Much.mp3	NOMAD-0054 - Just Jack - I Talk Too Much.mp3
NOMAD-0055	andrewdropboxfull:/Andrew Beveridge/MediaUnsynced/Karaoke/Tracks-Organized/NOMAD-0055 - Just Jack - Life Stories/Just Jack - Life Stories.mp3	NOMAD-0055 - Just Jack - Life Stories.mp3
NOMAD-0056	andrewdropboxfull:/Andrew Beveridge/MediaUnsynced/Karaoke/Tracks-Organized/NOMAD-0056 - Just Jack - Lo And Behold/Just Jack - Lo And Behold.mp3	NOMAD-0056 - Just Jack - Lo And Behold.mp3
NOMAD-0057	andrewdropboxfull:/Andrew Beveridge/MediaUnsynced/Karaoke/Tracks-Organized/NOMAD-0057 - Just Jack - Lost/Just Jack - Lost.mp3	NOMAD-0057 - Just Jack - Lost.mp3
NOMAD-0058	andrewdropboxfull:/Andrew Beveridge/MediaUnsynced/Karaoke/Tracks-Organized/NOMAD-0058 - Just Jack - Mourning Morning/Just Jack - Mourning Morning.mp3	NOMAD-0058 - Just Jack - Mourning Morning.mp3
NOMAD-0059	andrewdropboxfull:/Andrew Beveridge/MediaUnsynced/Karaoke/Tracks-Organized/NOMAD-0059 - Just Jack - No Time/Just Jack - No Time.mp3	NOMAD-0059 - Just Jack - No Time.mp3
NOMAD-0060	andrewdropboxfull:/Andrew Beveridge/MediaUnsynced/Karaoke/Tracks-Organized/NOMAD-0060 - Just Jack - So Wrong/Just Jack - So Wrong.mp3	NOMAD-0060 - Just Jack - So Wrong.mp3
NOMAD-0061	andrewdropboxfull:/Andrew Beveridge/MediaUnsynced/Karaoke/Tracks-Organized/NOMAD-0061 - Just Jack - Spectacular Failures/Just Jack - Spectacular Failures.mp3	NOMAD-0061 - Just Jack - Spectacular Failures.mp3
NOMAD-0062	andrewdropboxfull:/Andrew Beveridge/MediaUnsynced/Karaoke/Tracks-Organized/NOMAD-0062 - Just Jack - Starz in Their Eyes/Just Jack - Starz in Their Eyes.mp3	NOMAD-0062 - Just Jack - Starz in Their Eyes.mp3
NOMAD-0063	andrewdropboxfull:/Andrew Beveridge/MediaUnsynced/Karaoke/Tracks-Organized/NOMAD-0063 - Just Jack - Symphony of Sirens/Just Jack - Symphony of Sirens.mp3	NOMAD-0063 - Just Jack - Symphony of Sirens.mp3
NOMAD-0064	andrewdropboxfull:/Andrew Beveridge/MediaUnsynced/Karaoke/Tracks-Organized/NOMAD-0064 - Just Jack - The Day I Died/Just Jack - The Day I Died.mp3	NOMAD-0064 - Just Jack - The Day I Died.mp3
NOMAD-0065	andrewdropboxfull:/Andrew Beveridge/MediaUnsynced/Karaoke/Tracks-Organized/NOMAD-0065 - Just Jack - Writers Block/Just Jack - Writers Block.mp3	NOMAD-0065 - Just Jack - Writers Block.mp3
NOMAD-0066	andrewdropboxfull:/Andrew Beveridge/MediaUnsynced/Karaoke/Tracks-Organized/NOMAD-0066 - Los Campesinos! - This Is How You Spell "HAHAHA, We Destroyed the Hopes and Dreams of a Generation of Faux-Romantics"/Los Campesinos! - This Is How You Spell "HAHAHA, We Destroyed the Hopes and Dreams of a Generation of Faux-Romantics".mp3	NOMAD-0066 - Los Campesinos! - This Is How You Spell "HAHAHA, We Destroyed the Hopes and Dreams of a Generation of Faux-Romantics".mp3
NOMAD-0067	andrewdropboxfull:/Andrew Beveridge/MediaUnsynced/Karaoke/Tracks-Organized/NOMAD-0067 - Los Campesinos! - 2007, The Year Punk Broke (My Heart)/12 2007_ The Year Punk Broke (My Heart).mp3	NOMAD-0067 - Los Campesinos! - 2007, The Year Punk Broke (My Heart).mp3
NOMAD-0068	andrewdropboxfull:/Andrew Beveridge/MediaUnsynced/Karaoke/Tracks-Organized/NOMAD-0068 - Los Campesinos! - And We Exhale and Roll Our Eyes in Unison/Los Campesinos! - And We Exhale and Roll Our Eyes in Unison.mp3	NOMAD-0068 - Los Campesinos! - And We Exhale and Roll Our Eyes in Unison.mp3
NOMAD-0069	andrewdropboxfull:/Andrew Beveridge/MediaUnsynced/Karaoke/Tracks-Organized/NOMAD-0069 - Los Campesinos! - Broken Heartbeats Sounds Like Breakbeats/Los Campesinos! - Broken Heartbeats Sounds Like Breakbeats.mp3	NOMAD-0069 - Los Campesinos! - Broken Heartbeats Sounds Like Breakbeats.mp3
NOMAD-0070	andrewdropboxfull:/Andrew Beveridge/MediaUnsynced/Karaoke/Tracks-Organized/NOMAD-0070 - Los Campesinos! - Death to Los Campesinos!/Los Campesinos! - Death to Los Campesinos!.mp3	NOMAD-0070 - Los Campesinos! - Death to Los Campesinos!.mp3
NOMAD-0071	andrewdropboxfull:/Andrew Beveridge/MediaUnsynced/Karaoke/Tracks-Organized/NOMAD-0071 - Los Campesinos! - Don't Tell Me to Do the Math(s)/Los Campesinos! - Don't Tell Me to Do the Math(s).mp3	NOMAD-0071 - Los Campesinos! - Don't Tell Me to Do the Math(s).mp3
NOMAD-0072	andrewdropboxfull:/Andrew Beveridge/MediaUnsynced/Karaoke/Tracks-Organized/NOMAD-0072 - Los Campesinos! - Drop It Doe Eyes/Los Campesinos! - Drop It Doe Eyes.mp3	NOMAD-0072 - Los Campesinos! - Drop It Doe Eyes.mp3
NOMAD-0073	andrewdropboxfull:/Andrew Beveridge/MediaUnsynced/Karaoke/Tracks-Organized/NOMAD-0073 - Los Campesinos! - Knee Deep At ATP/Los Campesinos! - Knee Deep At ATP.mp3	NOMAD-0073 - Los Campesinos! - Knee Deep At ATP.mp3
NOMAD-0074	andrewdropboxfull:/Andrew Beveridge/MediaUnsynced/Karaoke/Tracks-Organized/NOMAD-0074 - Los Campesinos! - My Year In Lists/Los Campesinos! - My Year In Lists.mp3	NOMAD-0074 - Los Campesinos! - My Year In Lists.mp3
NOMAD-0075	andrewdropboxfull:/Andrew Beveridge/MediaUnsynced/Karaoke/Tracks-Organized/NOMAD-0075 - Los Campesinos! - Sweet Dreams, Sweet Cheeks/Los Campesinos! - Sweet Dreams, Sweet Cheeks.mp3	NOMAD-0075 - Los Campesinos! - Sweet Dreams, Sweet Cheeks.mp3
NOMAD-0076	andrewdropboxfull:/Andrew Beveridge/MediaUnsynced/Karaoke/Tracks-Organized/NOMAD-0076 - Los Campesinos! - We Are All Accelerated Readers/Los Campesinos! - We Are All Accelerated Readers.mp3	NOMAD-0076 - Los Campesinos! - We Are All Accelerated Readers.mp3
NOMAD-0077	andrewdropboxfull:/Andrew Beveridge/MediaUnsynced/Karaoke/Tracks-Organized/NOMAD-0077 - Los Campesinos! - You! Me! Dancing!/Los Campesinos! - You! Me! Dancing!.mp3	NOMAD-0077 - Los Campesinos! - You! Me! Dancing!.mp3
NOMAD-0078	andrewdropboxfull:/Andrew Beveridge/MediaUnsynced/Karaoke/Tracks-Organized/NOMAD-0078 - Mew - 156/Mew - 156.mp3	NOMAD-0078 - Mew - 156.mp3
NOMAD-0079	andrewdropboxfull:/Andrew Beveridge/MediaUnsynced/Karaoke/Tracks-Organized/NOMAD-0079 - Mew - Am I Wry? No/01 Am I Wry  No.mp3	NOMAD-0079 - Mew - Am I Wry? No.mp3
NOMAD-0080	andrewdropboxfull:/Andrew Beveridge/MediaUnsynced/Karaoke/Tracks-Organized/NOMAD-0080 - Mew - Behind the Drapes/Mew - Behind the Drapes.mp3	NOMAD-0080 - Mew - Behind the Drapes.mp3
NOMAD-0081	andrewdropboxfull:/Andrew Beveridge/MediaUnsynced/Karaoke/Tracks-Organized/NOMAD-0081 - Mew - Comforting Sounds/Mew - Comforting Sounds.mp3	NOMAD-0081 - Mew - Comforting Sounds.mp3
NOMAD-0082	andrewdropboxfull:/Andrew Beveridge/MediaUnsynced/Karaoke/Tracks-Organized/NOMAD-0082 - Mew - Eight Flew Over, One was Destroyed/Mew - Eight Flew Over, One was Destroyed.mp3	NOMAD-0082 - Mew - Eight Flew Over, One was Destroyed.mp3
NOMAD-0083	andrewdropboxfull:/Andrew Beveridge/MediaUnsynced/Karaoke/Tracks-Organized/NOMAD-0083 - Mew - Her Voice is Beyond Her Years/Mew - Her Voice is Beyond Her Years.mp3	NOMAD-0083 - Mew - Her Voice is Beyond Her Years.mp3
NOMAD-0084	andrewdropboxfull:/Andrew Beveridge/MediaUnsynced/Karaoke/Tracks-Organized/NOMAD-0084 - Mew - She Came Home for Christmas/Mew - She Came Home for Christmas.mp3	NOMAD-0084 - Mew - She Came Home for Christmas.mp3
NOMAD-0085	andrewdropboxfull:/Andrew Beveridge/MediaUnsynced/Karaoke/Tracks-Organized/NOMAD-0085 - Mew - She Spider/Mew - She Spider.mp3	NOMAD-0085 - Mew - She Spider.mp3
NOMAD-0086	andrewdropboxfull:/Andrew Beveridge/MediaUnsynced/Karaoke/Tracks-Organized/NOMAD-0086 - Mew - Snow Brigade/Mew - Snow Brigade.mp3	NOMAD-0086 - Mew - Snow Brigade.mp3
NOMAD-0087	andrewdropboxfull:/Andrew Beveridge/MediaUnsynced/Karaoke/Tracks-Organized/NOMAD-0087 - Mew - Symmetry/Mew - Symmetry.mp3	NOMAD-0087 - Mew - Symmetry.mp3
NOMAD-0088	andrewdropboxfull:/Andrew Beveridge/MediaUnsynced/Karaoke/Tracks-Organized/NOMAD-0088 - of Montreal - Gronlandic Edit/of Montreal - Gronlandic Edit.mp3	NOMAD-0088 - of Montreal - Gronlandic Edit.mp3
NOMAD-0089	andrewdropboxfull:/Andrew Beveridge/MediaUnsynced/Karaoke/Tracks-Organized/NOMAD-0089 - Idlewild - (I Am) What I Am Not/Idlewild - (I Am) What I Am Not.mp3	NOMAD-0089 - Idlewild - (I Am) What I Am Not.mp3
NOMAD-0090	andrewdropboxfull:/Andrew Beveridge/MediaUnsynced/Karaoke/Tracks-Organized/NOMAD-0090 - Idlewild - A Modern Way of Letting Go/Idlewild - A Modern Way of Letting Go.mp3	NOMAD-0090 - Idlewild - A Modern Way of Letting Go.mp3
NOMAD-0091	andrewdropboxfull:/Andrew Beveridge/MediaUnsynced/Karaoke/Tracks-Organized/NOMAD-0091 - Idlewild - Actually It's Darkness/Idlewild - Actually It's Darkness.mp3	NOMAD-0091 - Idlewild - Actually It's Darkness.mp3
NOMAD-0092	andrewdropboxfull:/Andrew Beveridge/MediaUnsynced/Karaoke/Tracks-Organized/NOMAD-0092 - Idlewild - American English/Idlewild - American English.mp3	NOMAD-0092 - Idlewild - American English.mp3
NOMAD-0093	andrewdropboxfull:/Andrew Beveridge/MediaUnsynced/Karaoke/Tracks-Organized/NOMAD-0093 - Idlewild - Century After Century/Idlewild - Century After Century.mp3	NOMAD-0093 - Idlewild - Century After Century.mp3
NOMAD-0094	andrewdropboxfull:/Andrew Beveridge/MediaUnsynced/Karaoke/Tracks-Organized/NOMAD-0094 - Idlewild - I Don't Have The Map/Idlewild - I Don't Have The Map.mp3	NOMAD-0094 - Idlewild - I Don't Have The Map.mp3
NOMAD-0095	andrewdropboxfull:/Andrew Beveridge/MediaUnsynced/Karaoke/Tracks-Organized/NOMAD-0095 - Idlewild - I Never Wanted/Idlewild - I Never Wanted.mp3	NOMAD-0095 - Idlewild - I Never Wanted.mp3
NOMAD-0096	andrewdropboxfull:/Andrew Beveridge/MediaUnsynced/Karaoke/Tracks-Organized/NOMAD-0096 - Idlewild - Idea Track/Idlewild - Idea Track.mp3	NOMAD-0096 - Idlewild - Idea Track.mp3
NOMAD-0097	andrewdropboxfull:/Andrew Beveridge/MediaUnsynced/Karaoke/Tracks-Organized/NOMAD-0097 - Idlewild - In Remote Part , Scottish Fiction/Idlewild - In Remote Part , Scottish Fiction.mp3	NOMAD-0097 - Idlewild - In Remote Part , Scottish Fiction.mp3
NOMAD-0098	andrewdropboxfull:/Andrew Beveridge/MediaUnsynced/Karaoke/Tracks-Organized/NOMAD-0098 - Idlewild - Let Me Sleep (Next To The Mirror)/Idlewild - Let Me Sleep (Next To The Mirror).mp3	NOMAD-0098 - Idlewild - Let Me Sleep (Next To The Mirror).mp3
NOMAD-0099	andrewdropboxfull:/Andrew Beveridge/MediaUnsynced/Karaoke/Tracks-Organized/NOMAD-0099 - Idlewild - Listen To What You've Got/Idlewild - Listen To What You've Got.mp3	NOMAD-0099 - Idlewild - Listen To What You've Got.mp3
NOMAD-0100	andrewdropboxfull:/Andrew Beveridge/MediaUnsynced/Karaoke/Tracks-Organized/NOMAD-0100 - Idlewild - Little Discourage/Idlewild - Little Discourage.mp3	NOMAD-0100 - Idlewild - Little Discourage.mp3
NOMAD-0101	andrewdropboxfull:/Andrew Beveridge/MediaUnsynced/Karaoke/Tracks-Organized/NOMAD-0101 - Idlewild - Live in a Hiding Place/Idlewild - Live in a Hiding Place.mp3	NOMAD-0101 - Idlewild - Live in a Hiding Place.mp3
NOMAD-0102	andrewdropboxfull:/Andrew Beveridge/MediaUnsynced/Karaoke/Tracks-Organized/NOMAD-0102 - Idlewild - Mistake Pageant/Idlewild - Mistake Pageant.mp3	NOMAD-0102 - Idlewild - Mistake Pageant.mp3
NOMAD-0103	andrewdropboxfull:/Andrew Beveridge/MediaUnsynced/Karaoke/Tracks-Organized/NOMAD-0103 - Idlewild - Out of Routine/Idlewild - Out of Routine.mp3	NOMAD-0103 - Idlewild - Out of Routine.mp3
NOMAD-0104	andrewdropboxfull:/Andrew Beveridge/MediaUnsynced/Karaoke/Tracks-Organized/NOMAD-0104 - Idlewild - Quiet Crown/Idlewild - Quiet Crown.mp3	NOMAD-0104 - Idlewild - Quiet Crown.mp3
NOMAD-0105	andrewdropboxfull:/Andrew Beveridge/MediaUnsynced/Karaoke/Tracks-Organized/NOMAD-0105 - Idlewild - Roseability/Idlewild - Roseability.mp3	NOMAD-0105 - Idlewild - Roseability.mp3
NOMAD-0106	andrewdropboxfull:/Andrew Beveridge/MediaUnsynced/Karaoke/Tracks-Organized/NOMAD-0106 - Idlewild - Rusty/Idlewild - Rusty.mp3	NOMAD-0106 - Idlewild - Rusty.mp3
NOMAD-0107	andrewdropboxfull:/Andrew Beveridge/MediaUnsynced/Karaoke/Tracks-Organized/NOMAD-0107 - Idlewild - Stay the Same/Idlewild - Stay the Same.mp3	NOMAD-0107 - Idlewild - Stay the Same.mp3
NOMAD-0108	andrewdropboxfull:/Andrew Beveridge/MediaUnsynced/Karaoke/Tracks-Organized/NOMAD-0108 - Idlewild - Tell Me Ten Words/Idlewild - Tell Me Ten Words.mp3	NOMAD-0108 - Idlewild - Tell Me Ten Words.mp3
NOMAD-0109	andrewdropboxfull:/Andrew Beveridge/MediaUnsynced/Karaoke/Tracks-Organized/NOMAD-0109 - Idlewild - The Bronze Medal/Idlewild - The Bronze Medal.mp3	NOMAD-0109 - Idlewild - The Bronze Medal.mp3
NOMAD-0110	andrewdropboxfull:/Andrew Beveridge/MediaUnsynced/Karaoke/Tracks-Organized/NOMAD-0110 - Idlewild - These Wooden Ideas/Idlewild - These Wooden Ideas.mp3	NOMAD-0110 - Idlewild - These Wooden Ideas.mp3
NOMAD-0111	andrewdropboxfull:/Andrew Beveridge/MediaUnsynced/Karaoke/Tracks-Organized/NOMAD-0111 - Idlewild - You Held the World in Your Arms/Idlewild - You Held the World in Your Arms.mp3	NOMAD-0111 - Idlewild - You Held the World in Your Arms.mp3
NOMAD-0112	andrewdropboxfull:/Andrew Beveridge/MediaUnsynced/Karaoke/Tracks-Organized/NOMAD-0112 - Los Campesinos! - A Heat Rash in the Shape of the Show Me State/Los Campesinos! - A Heat Rash in the Shape of the Show Me State.mp3	NOMAD-0112 - Los Campesinos! - A Heat Rash in the Shape of the Show Me State.mp3
NOMAD-0113	andrewdropboxfull:/Andrew Beveridge/MediaUnsynced/Karaoke/Tracks-Organized/NOMAD-0113 - Los Campesinos! - All Your Kayfabe Friends/Los Campesinos! - All Your Kayfabe Friends.mp3	NOMAD-0113 - Los Campesinos! - All Your Kayfabe Friends.mp3
NOMAD-0114	andrewdropboxfull:/Andrew Beveridge/MediaUnsynced/Karaoke/Tracks-Organized/NOMAD-0114 - Los Campesinos! - Coda A Burn Scar in the Shape of the Sooner State/Los Campesinos! - Coda A Burn Scar in the Shape of the Sooner State.mp3	NOMAD-0114 - Los Campesinos! - Coda A Burn Scar in the Shape of the Sooner State.mp3
NOMAD-0115	andrewdropboxfull:/Andrew Beveridge/MediaUnsynced/Karaoke/Tracks-Organized/NOMAD-0115 - Los Campesinos! - Documented Minor Emotional Breakdown #1/Los Campesinos! - Documented Minor Emotional Breakdown #1.mp3	NOMAD-0115 - Los Campesinos! - Documented Minor Emotional Breakdown #1.mp3
NOMAD-0116	andrewdropboxfull:/Andrew Beveridge/MediaUnsynced/Karaoke/Tracks-Organized/NOMAD-0116 - Los Campesinos! - Heart Swells:100-1/Los Campesinos! - Heart Swells:100-1.mp3	NOMAD-0116 - Los Campesinos! - Heart Swells:100-1.mp3
NOMAD-0117	andrewdropboxfull:/Andrew Beveridge/MediaUnsynced/Karaoke/Tracks-Organized/NOMAD-0117 - Los Campesinos! - Heart Swells ／ Pacific Daylight Time/Los Campesinos! - Heart Swells ／ Pacific Daylight Time.mp3	NOMAD-0117 - Los Campesinos! - Heart Swells ／ Pacific Daylight Time.mp3
NOMAD-0118	andrewdropboxfull:/Andrew Beveridge/MediaUnsynced/Karaoke/Tracks-Organized/NOMAD-0118 - Los Campesinos! - I Just Sighed, I Just Signed, Just So You Know/Los Campesinos! - I Just Sighed, I Just Signed, Just So You Know.mp3	NOMAD-0118 - Los Campesinos! - I Just Sighed, I Just Signed, Just So You Know.mp3
NOMAD-0119	andrewdropboxfull:/Andrew Beveridge/MediaUnsynced/Karaoke/Tracks-Organized/NOMAD-0119 - Los Campesinos! - I Warned You, Do Not Make an Enemy of Me/Los Campesinos! - I Warned You, Do Not Make an Enemy of Me.mp3	NOMAD-0119 - Los Campesinos! - I Warned You, Do Not Make an Enemy of Me.mp3
NOMAD-0120	andrewdropboxfull:/Andrew Beveridge/MediaUnsynced/Karaoke/Tracks-Organized/NOMAD-0120 - Los Campesinos! - In Medias Res/Los Campesinos! - In Medias Res.mp3	NOMAD-0120 - Los Campesinos! - In Medias Res.mp3
NOMAD-0121	andrewdropboxfull:/Andrew Beveridge/MediaUnsynced/Karaoke/Tracks-Organized/NOMAD-0121 - Los Campesinos! - It's Never That Easy Though, Is It (Song For The Other Kurt)/Los Campesinos! - It's Never That Easy Though, Is It (Song For The Other Kurt).mp3	NOMAD-0121 - Los Campesinos! - It's Never That Easy Though, Is It (Song For The Other Kurt).mp3
NOMAD-0122	andrewdropboxfull:/Andrew Beveridge/MediaUnsynced/Karaoke/Tracks-Organized/NOMAD-0122 - Los Campesinos! - Miserabilia/Los Campesinos! - Miserabilia.mp3	NOMAD-0122 - Los Campesinos! - Miserabilia.mp3
NOMAD-0123	andrewdropboxfull:/Andrew Beveridge/MediaUnsynced/Karaoke/Tracks-Organized/NOMAD-0123 - Los Campesinos! - Plan A/Los Campesinos! - Plan A.mp3	NOMAD-0123 - Los Campesinos! - Plan A.mp3
NOMAD-0124	andrewdropboxfull:/Andrew Beveridge/MediaUnsynced/Karaoke/Tracks-Organized/NOMAD-0124 - Los Campesinos! - Romance is Boring/Los Campesinos! - Romance is Boring.mp3	NOMAD-0124 - Los Campesinos! - Romance is Boring.mp3
NOMAD-0125	andrewdropboxfull:/Andrew Beveridge/MediaUnsynced/Karaoke/Tracks-Organized/NOMAD-0125 - Los Campesinos! - Straight in at 101/Los Campesinos! - Straight in at 101.mp3	NOMAD-0125 - Los Campesinos! - Straight in at 101.mp3
NOMAD-0126	andrewdropboxfull:/Andrew Beveridge/MediaUnsynced/Karaoke/Tracks-Organized/NOMAD-0126 - Los Campesinos! - The End Of The Asterisk/Los Campesinos! - The End Of The Asterisk.mp3	NOMAD-0126 - Los Campesinos! - The End Of The Asterisk.mp3
NOMAD-0127	andrewdropboxfull:/Andrew Beveridge/MediaUnsynced/Karaoke/Tracks-Organized/NOMAD-0127 - Los Campesinos! - The Sea is a Good Place to Think of the Future/Los Campesinos! - The Sea is a Good Place to Think of the Future.mp3	NOMAD-0127 - Los Campesinos! - The Sea is a Good Place to Think of the Future.mp3
NOMAD-0128	andrewdropboxfull:/Andrew Beveridge/MediaUnsynced/Karaoke/Tracks-Organized/NOMAD-0128 - Los Campesinos! - There Are Listed Buildings/Los Campesinos! - There Are Listed Buildings.mp3	NOMAD-0128 - Los Campesinos! - There Are Listed Buildings.mp3
NOMAD-0129	andrewdropboxfull:/Andrew Beveridge/MediaUnsynced/Karaoke/Tracks-Organized/NOMAD-0129 - Los Campesinos! - This is a Flag, There is No Wind/Los Campesinos! - This is a Flag, There is No Wind.mp3	NOMAD-0129 - Los Campesinos! - This is a Flag, There is No Wind.mp3
NOMAD-0130	andrewdropboxfull:/Andrew Beveridge/MediaUnsynced/Karaoke/Tracks-Organized/NOMAD-0130 - Los Campesinos! - Ways To Make It Through The Wall/Los Campesinos! - Ways To Make It Through The Wall.mp3	NOMAD-0130 - Los Campesinos! - Ways To Make It Through The Wall.mp3
NOMAD-0131	andrewdropboxfull:/Andrew Beveridge/MediaUnsynced/Karaoke/Tracks-Organized/NOMAD-0131 - Los Campesinos! - We Are Beautiful, We Are Doomed/Los Campesinos! - We Are Beautiful, We Are Doomed.mp3	NOMAD-0131 - Los Campesinos! - We Are Beautiful, We Are Doomed.mp3
NOMAD-0132	andrewdropboxfull:/Andrew Beveridge/MediaUnsynced/Karaoke/Tracks-Organized/NOMAD-0132 - Los Campesinos! - We've Got Your Back/Los Campesinos! - We've Got Your Back.mp3	NOMAD-0132 - Los Campesinos! - We've Got Your Back.mp3
NOMAD-0133	andrewdropboxfull:/Andrew Beveridge/MediaUnsynced/Karaoke/Tracks-Organized/NOMAD-0133 - Los Campesinos! - Who Fell Asleep In/Los Campesinos! - Who Fell Asleep In.mp3	NOMAD-0133 - Los Campesinos! - Who Fell Asleep In.mp3
NOMAD-0134	andrewdropboxfull:/Andrew Beveridge/MediaUnsynced/Karaoke/Tracks-Organized/NOMAD-0134 - Los Campesinos! - You'll Need Those Fingers For Crossing/Los Campesinos! - You'll Need Those Fingers For Crossing.mp3	NOMAD-0134 - Los Campesinos! - You'll Need Those Fingers For Crossing.mp3
NOMAD-0135	andrewdropboxfull:/Andrew Beveridge/MediaUnsynced/Karaoke/Tracks-Organized/NOMAD-0135 - Miracles of Modern Science - Bossa Supernova/Miracles of Modern Science - Bossa Supernova.mp3	NOMAD-0135 - Miracles of Modern Science - Bossa Supernova.mp3
NOMAD-0136	andrewdropboxfull:/Andrew Beveridge/MediaUnsynced/Karaoke/Tracks-Organized/NOMAD-0136 - Miracles of Modern Science - Eating Me Alive/Miracles of Modern Science - Eating Me Alive.mp3	NOMAD-0136 - Miracles of Modern Science - Eating Me Alive.mp3
NOMAD-0137	andrewdropboxfull:/Andrew Beveridge/MediaUnsynced/Karaoke/Tracks-Organized/NOMAD-0137 - Miracles of Modern Science - Friend Of The Animals/Miracles of Modern Science - Friend Of The Animals.mp3	NOMAD-0137 - Miracles of Modern Science - Friend Of The Animals.mp3
NOMAD-0138	andrewdropboxfull:/Andrew Beveridge/MediaUnsynced/Karaoke/Tracks-Organized/NOMAD-0138 - Miracles of Modern Science - I Found Space/Miracles of Modern Science - I Found Space.mp3	NOMAD-0138 - Miracles of Modern Science - I Found Space.mp3
NOMAD-0139	andrewdropboxfull:/Andrew Beveridge/MediaUnsynced/Karaoke/Tracks-Organized/NOMAD-0139 - Miracles of Modern Science - Luminol/Miracles of Modern Science - Luminol.mp3	NOMAD-0139 - Miracles of Modern Science - Luminol.mp3
NOMAD-0140	andrewdropboxfull:/Andrew Beveridge/MediaUnsynced/Karaoke/Tracks-Organized/NOMAD-0140 - Miracles of Modern Science - MOMS AWAY!/Miracles of Modern Science - MOMS AWAY!.mp3	NOMAD-0140 - Miracles of Modern Science - MOMS AWAY!.mp3
NOMAD-0141	andrewdropboxfull:/Andrew Beveridge/MediaUnsynced/Karaoke/Tracks-Organized/NOMAD-0141 - Miracles of Modern Science - Quantum Of Solace/Miracles of Modern Science - Quantum Of Solace.mp3	NOMAD-0141 - Miracles of Modern Science - Quantum Of Solace.mp3
NOMAD-0142	andrewdropboxfull:/Andrew Beveridge/MediaUnsynced/Karaoke/Tracks-Organized/NOMAD-0142 - Miracles of Modern Science - Secret Track/Miracles of Modern Science - Secret Track.mp3	NOMAD-0142 - Miracles of Modern Science - Secret Track.mp3
NOMAD-0143	andrewdropboxfull:/Andrew Beveridge/MediaUnsynced/Karaoke/Tracks-Organized/NOMAD-0143 - Miracles of Modern Science - Space Chopper/Miracles of Modern Science - Space Chopper.mp3	NOMAD-0143 - Miracles of Modern Science - Space Chopper.mp3
NOMAD-0144	andrewdropboxfull:/Andrew Beveridge/MediaUnsynced/Karaoke/Tracks-Organized/NOMAD-0144 - Miracles of Modern Science - Strangerous/Miracles of Modern Science - Strangerous.mp3	NOMAD-0144 - Miracles of Modern Science - Strangerous.mp3
NOMAD-0145	andrewdropboxfull:/Andrew Beveridge/MediaUnsynced/Karaoke/Tracks-Organized/NOMAD-0145 - Miracles of Modern Science - Tensity/Miracles of Modern Science - Tensity.mp3	NOMAD-0145 - Miracles of Modern Science - Tensity.mp3
NOMAD-0146	andrewdropboxfull:/Andrew Beveridge/MediaUnsynced/Karaoke/Tracks-Organized/NOMAD-0146 - Miracles of Modern Science - The Moon & Australia/Miracles of Modern Science - The Moon & Australia.mp3	NOMAD-0146 - Miracles of Modern Science - The Moon & Australia.mp3
NOMAD-0147	andrewdropboxfull:/Andrew Beveridge/MediaUnsynced/Karaoke/Tracks-Organized/NOMAD-0147 - Nia Archives - (Over)Thinking/Nia Archives - (Over)Thinking.mp3	NOMAD-0147 - Nia Archives - (Over)Thinking.mp3
NOMAD-0148	andrewdropboxfull:/Andrew Beveridge/MediaUnsynced/Karaoke/Tracks-Organized/NOMAD-0148 - Nia Archives - 18 & Over/Nia Archives - 18 & Over.mp3	NOMAD-0148 - Nia Archives - 18 & Over.mp3
NOMAD-0149	andrewdropboxfull:/Andrew Beveridge/MediaUnsynced/Karaoke/Tracks-Organized/NOMAD-0149 - Nia Archives - Crossroads/Nia Archives - Crossroads.mp3	NOMAD-0149 - Nia Archives - Crossroads.mp3
NOMAD-0150	andrewdropboxfull:/Andrew Beveridge/MediaUnsynced/Karaoke/Tracks-Organized/NOMAD-0150 - Nia Archives - Don't Kid Urself/Nia Archives - Don't Kid Urself.mp3	NOMAD-0150 - Nia Archives - Don't Kid Urself.mp3
NOMAD-0151	andrewdropboxfull:/Andrew Beveridge/MediaUnsynced/Karaoke/Tracks-Organized/NOMAD-0151 - Nia Archives - Gud Gudbyez/Nia Archives - Gud Gudbyez.mp3	NOMAD-0151 - Nia Archives - Gud Gudbyez.mp3
NOMAD-0152	andrewdropboxfull:/Andrew Beveridge/MediaUnsynced/Karaoke/Tracks-Organized/NOMAD-0152 - Nia Archives - Headz Gone West/Nia Archives - Headz Gone West.mp3	NOMAD-0152 - Nia Archives - Headz Gone West.mp3
NOMAD-0153	andrewdropboxfull:/Andrew Beveridge/MediaUnsynced/Karaoke/Tracks-Organized/NOMAD-0153 - Nia Archives - Luv Like/Nia Archives - Luv Like.mp3	NOMAD-0153 - Nia Archives - Luv Like.mp3
NOMAD-0154	andrewdropboxfull:/Andrew Beveridge/MediaUnsynced/Karaoke/Tracks-Organized/NOMAD-0154 - Nia Archives - Part Of Me/Nia Archives - Part Of Me.mp3	NOMAD-0154 - Nia Archives - Part Of Me.mp3
NOMAD-0155	andrewdropboxfull:/Andrew Beveridge/MediaUnsynced/Karaoke/Tracks-Organized/NOMAD-0155 - Nia Archives - Sober Feels/Nia Archives - Sober Feels.mp3	NOMAD-0155 - Nia Archives - Sober Feels.mp3
NOMAD-0156	andrewdropboxfull:/Andrew Beveridge/MediaUnsynced/Karaoke/Tracks-Organized/NOMAD-0156 - This Is Me Smiling - A Better Way to Fall in Love/This Is Me Smiling - A Better Way to Fall in Love.mp3	NOMAD-0156 - This Is Me Smiling - A Better Way to Fall in Love.mp3
NOMAD-0157	andrewdropboxfull:/Andrew Beveridge/MediaUnsynced/Karaoke/Tracks-Organized/NOMAD-0157 - This Is Me Smiling - Alive in the Chase/This Is Me Smiling - Alive in the Chase.mp3	NOMAD-0157 - This Is Me Smiling - Alive in the Chase.mp3
NOMAD-0158	andrewdropboxfull:/Andrew Beveridge/MediaUnsynced/Karaoke/Tracks-Organized/NOMAD-0158 - This Is Me Smiling - Ephemera/This Is Me Smiling - Ephemera.mp3	NOMAD-0158 - This Is Me Smiling - Ephemera.mp3
NOMAD-0159	andrewdropboxfull:/Andrew Beveridge/MediaUnsynced/Karaoke/Tracks-Organized/NOMAD-0159 - This Is Me Smiling - Feelin' the Time Pass By/This Is Me Smiling - Feelin' the Time Pass By.mp3	NOMAD-0159 - This Is Me Smiling - Feelin' the Time Pass By.mp3
NOMAD-0160	andrewdropboxfull:/Andrew Beveridge/MediaUnsynced/Karaoke/Tracks-Organized/NOMAD-0160 - This Is Me Smiling - For When You Don't Hear It Right/This Is Me Smiling - For When You Don't Hear It Right.mp3	NOMAD-0160 - This Is Me Smiling - For When You Don't Hear It Right.mp3
NOMAD-0161	andrewdropboxfull:/Andrew Beveridge/MediaUnsynced/Karaoke/Tracks-Organized/NOMAD-0161 - This Is Me Smiling - Goodbye to Each New Day/This Is Me Smiling - Goodbye to Each New Day.mp3	NOMAD-0161 - This Is Me Smiling - Goodbye to Each New Day.mp3
NOMAD-0162	andrewdropboxfull:/Andrew Beveridge/MediaUnsynced/Karaoke/Tracks-Organized/NOMAD-0162 - This Is Me Smiling - Matter to Matter/This Is Me Smiling - Matter to Matter.mp3	NOMAD-0162 - This Is Me Smiling - Matter to Matter.mp3
NOMAD-0163	andrewdropboxfull:/Andrew Beveridge/MediaUnsynced/Karaoke/Tracks-Organized/NOMAD-0163 - This Is Me Smiling - Mixin' Up Adjectives/This Is Me Smiling - Mixin' Up Adjectives.mp3	NOMAD-0163 - This Is Me Smiling - Mixin' Up Adjectives.mp3
NOMAD-0164	andrewdropboxfull:/Andrew Beveridge/MediaUnsynced/Karaoke/Tracks-Organized/NOMAD-0164 - This Is Me Smiling - Say What You're Gonna Say/This Is Me Smiling - Say What You're Gonna Say.mp3	NOMAD-0164 - This Is Me Smiling - Say What You're Gonna Say.mp3
NOMAD-0165	andrewdropboxfull:/Andrew Beveridge/MediaUnsynced/Karaoke/Tracks-Organized/NOMAD-0165 - This Is Me Smiling - So Excited to Sleep/This Is Me Smiling - So Excited to Sleep.mp3	NOMAD-0165 - This Is Me Smiling - So Excited to Sleep.mp3
NOMAD-0166	andrewdropboxfull:/Andrew Beveridge/MediaUnsynced/Karaoke/Tracks-Organized/NOMAD-0166 - This Is Me Smiling - Up in All Directions/This Is Me Smiling - Up in All Directions.mp3	NOMAD-0166 - This Is Me Smiling - Up in All Directions.mp3
NOMAD-0167	andrewdropboxfull:/Andrew Beveridge/MediaUnsynced/Karaoke/Tracks-Organized/NOMAD-0167 - Bug Hunter - Dear McCracken/Bug Hunter - Dear McCracken.mp3	NOMAD-0167 - Bug Hunter - Dear McCracken.mp3
NOMAD-0168	andrewdropboxfull:/Andrew Beveridge/MediaUnsynced/Karaoke/Tracks-Organized/NOMAD-0168 - Ken Ashcorp - Burgz/Ken Ashcorp - Burgz.mp3	NOMAD-0168 - Ken Ashcorp - Burgz.mp3
NOMAD-0169	andrewdropboxfull:/Andrew Beveridge/MediaUnsynced/Karaoke/Tracks-Organized/NOMAD-0169 - Ken Ashcorp - Absolute Territory/Ken Ashcorp - Absolute Territory.wav	NOMAD-0169 - Ken Ashcorp - Absolute Territory.wav
NOMAD-0170	andrewdropboxfull:/Andrew Beveridge/MediaUnsynced/Karaoke/Tracks-Organized/NOMAD-0170 - Ken Ashcorp - I'm Your Slave/Ken Ashcorp - I'm Your Slave.mp3	NOMAD-0170 - Ken Ashcorp - I'm Your Slave.mp3
NOMAD-0171	andrewdropboxfull:/Andrew Beveridge/MediaUnsynced/Karaoke/Tracks-Organized/NOMAD-0171 - Mew - A Dark Design/Mew - A Dark Design.mp3	NOMAD-0171 - Mew - A Dark Design.mp3
NOMAD-0172	andrewdropboxfull:/Andrew Beveridge/MediaUnsynced/Karaoke/Tracks-Organized/NOMAD-0172 - Mew - An Envoy To The Open Fields/Mew - An Envoy To The Open Fields.mp3	NOMAD-0172 - Mew - An Envoy To The Open Fields.mp3
NOMAD-0173	andrewdropboxfull:/Andrew Beveridge/MediaUnsynced/Karaoke/Tracks-Organized/NOMAD-0173 - Mew - Apocalypso/Mew - Apocalypso.mp3	NOMAD-0173 - Mew - Apocalypso.mp3
NOMAD-0174	andrewdropboxfull:/Andrew Beveridge/MediaUnsynced/Karaoke/Tracks-Organized/NOMAD-0174 - Mew - Chinaberry Tree/Mew - Chinaberry Tree.mp3	NOMAD-0174 - Mew - Chinaberry Tree.mp3
NOMAD-0175	andrewdropboxfull:/Andrew Beveridge/MediaUnsynced/Karaoke/Tracks-Organized/NOMAD-0175 - Mew - Fox Cub/Mew - Fox Cub.mp3	NOMAD-0175 - Mew - Fox Cub.mp3
NOMAD-0176	andrewdropboxfull:/Andrew Beveridge/MediaUnsynced/Karaoke/Tracks-Organized/NOMAD-0176 - Mew - Louise Louisa/Mew - Louise Louisa.mp3	NOMAD-0176 - Mew - Louise Louisa.mp3
NOMAD-0177	andrewdropboxfull:/Andrew Beveridge/MediaUnsynced/Karaoke/Tracks-Organized/NOMAD-0177 - Mew - Saviours Of Jazz Ballet/Mew - Saviours Of Jazz Ballet.mp3	NOMAD-0177 - Mew - Saviours Of Jazz Ballet.mp3
NOMAD-0178	andrewdropboxfull:/Andrew Beveridge/MediaUnsynced/Karaoke/Tracks-Organized/NOMAD-0178 - Mew - Special/Mew - Special.mp3	NOMAD-0178 - Mew - Special.mp3
NOMAD-0179	andrewdropboxfull:/Andrew Beveridge/MediaUnsynced/Karaoke/Tracks-Organized/NOMAD-0179 - Mew - The Seething Rain Weeps For You/Mew - The Seething Rain Weeps For You.mp3	NOMAD-0179 - Mew - The Seething Rain Weeps For You.mp3
NOMAD-0180	andrewdropboxfull:/Andrew Beveridge/MediaUnsynced/Karaoke/Tracks-Organized/NOMAD-0180 - Mew - The Zookeeper's Boy/Mew - The Zookeeper's Boy.mp3	NOMAD-0180 - Mew - The Zookeeper's Boy.mp3
NOMAD-0181	andrewdropboxfull:/Andrew Beveridge/MediaUnsynced/Karaoke/Tracks-Organized/NOMAD-0181 - Mew - White Lips Kissed/Mew - White Lips Kissed.mp3	NOMAD-0181 - Mew - White Lips Kissed.mp3
NOMAD-0182	andrewdropboxfull:/Andrew Beveridge/MediaUnsynced/Karaoke/Tracks-Organized/NOMAD-0182 - Mew - Why Are You Looking Grave/Mew - Why Are You Looking Grave.mp3	NOMAD-0182 - Mew - Why Are You Looking Grave.mp3
NOMAD-0183	andrewdropboxfull:/Andrew Beveridge/MediaUnsynced/Karaoke/Tracks-Organized/NOMAD-0183 - Get Cape. Wear Cape. Fly - An Oak Tree/Get Cape. Wear Cape. Fly - An Oak Tree.mp3	NOMAD-0183 - Get Cape. Wear Cape. Fly - An Oak Tree.mp3
NOMAD-0184	andrewdropboxfull:/Andrew Beveridge/MediaUnsynced/Karaoke/Tracks-Organized/NOMAD-0184 - Get Cape. Wear Cape. Fly - Call Me Ishmael/Get Cape. Wear Cape. Fly - Call Me Ishmael.mp3	NOMAD-0184 - Get Cape. Wear Cape. Fly - Call Me Ishmael.mp3
NOMAD-0185	andrewdropboxfull:/Andrew Beveridge/MediaUnsynced/Karaoke/Tracks-Organized/NOMAD-0185 - Get Cape. Wear Cape. Fly - Get Cape. Wear Cape. Fly/Get Cape. Wear Cape. Fly - Get Cape. Wear Cape. Fly.mp3	NOMAD-0185 - Get Cape. Wear Cape. Fly - Get Cape. Wear Cape. Fly.mp3
NOMAD-0186	andrewdropboxfull:/Andrew Beveridge/MediaUnsynced/Karaoke/Tracks-Organized/NOMAD-0186 - Get Cape. Wear Cape. Fly - Glasshouses/Get Cape. Wear Cape. Fly - Glasshouses.mp3	NOMAD-0186 - Get Cape. Wear Cape. Fly - Glasshouses.mp3
NOMAD-0187	andrewdropboxfull:/Andrew Beveridge/MediaUnsynced/Karaoke/Tracks-Organized/NOMAD-0187 - Get Cape. Wear Cape. Fly - I-Spy/Get Cape. Wear Cape. Fly - I-Spy.mp3	NOMAD-0187 - Get Cape. Wear Cape. Fly - I-Spy.mp3
NOMAD-0188	andrewdropboxfull:/Andrew Beveridge/MediaUnsynced/Karaoke/Tracks-Organized/NOMAD-0188 - Get Cape. Wear Cape. Fly - If I Had £1 For Every Stale Song Title I'd Be 30 Short Of Getting Out Of This Mess/Get Cape. Wear Cape. Fly - If I Had £1 For Every Stale Song Title I'd Be 30 Short Of Getting Out Of This Mess.mp3	NOMAD-0188 - Get Cape. Wear Cape. Fly - If I Had £1 For Every Stale Song Title I'd Be 30 Short Of Getting Out Of This Mess.mp3
NOMAD-0189	andrewdropboxfull:/Andrew Beveridge/MediaUnsynced/Karaoke/Tracks-Organized/NOMAD-0189 - Get Cape. Wear Cape. Fly - Once More With Feeling/Get Cape. Wear Cape. Fly - Once More With Feeling.mp3	NOMAD-0189 - Get Cape. Wear Cape. Fly - Once More With Feeling.mp3
NOMAD-0190	andrewdropboxfull:/Andrew Beveridge/MediaUnsynced/Karaoke/Tracks-Organized/NOMAD-0190 - Get Cape. Wear Cape. Fly - The Chronicles Of A Bohemian Teenager (Part Two)/Get Cape. Wear Cape. Fly - The Chronicles Of A Bohemian Teenager (Part Two).mp3	NOMAD-0190 - Get Cape. Wear Cape. Fly - The Chronicles Of A Bohemian Teenager (Part Two).mp3
NOMAD-0191	andrewdropboxfull:/Andrew Beveridge/MediaUnsynced/Karaoke/Tracks-Organized/NOMAD-0191 - Get Cape. Wear Cape. Fly - The Chronicles Of A Bohemian Teenager (Part One)/Get Cape. Wear Cape. Fly - The Chronicles Of A Bohemian Teenager (Part One).mp3	NOMAD-0191 - Get Cape. Wear Cape. Fly - The Chronicles Of A Bohemian Teenager (Part One).mp3
NOMAD-0192	andrewdropboxfull:/Andrew Beveridge/MediaUnsynced/Karaoke/Tracks-Organized/NOMAD-0192 - Get Cape. Wear Cape. Fly - The Lighthousekeeper/Get Cape. Wear Cape. Fly - The Lighthousekeeper.mp3	NOMAD-0192 - Get Cape. Wear Cape. Fly - The Lighthousekeeper.mp3
NOMAD-0193	andrewdropboxfull:/Andrew Beveridge/MediaUnsynced/Karaoke/Tracks-Organized/NOMAD-0193 - Get Cape. Wear Cape. Fly - War Of The Worlds/Get Cape. Wear Cape. Fly - War Of The Worlds.mp3	NOMAD-0193 - Get Cape. Wear Cape. Fly - War Of The Worlds.mp3
NOMAD-0194	andrewdropboxfull:/Andrew Beveridge/MediaUnsynced/Karaoke/Tracks-Organized/NOMAD-0194 - Get Cape. Wear Cape. Fly - Whitewash Is Brainwash/Get Cape. Wear Cape. Fly - Whitewash Is Brainwash.mp3	NOMAD-0194 - Get Cape. Wear Cape. Fly - Whitewash Is Brainwash.mp3
NOMAD-0195	andrewdropboxfull:/Andrew Beveridge/MediaUnsynced/Karaoke/Tracks-Organized/NOMAD-0195 - Hi I'm Case - Smoke Damage (Youtube version)/Hi I'm Case - Smoke Damage.wav	NOMAD-0195 - Hi I'm Case - Smoke Damage (Youtube version).wav
NOMAD-0196	andrewdropboxfull:/Andrew Beveridge/MediaUnsynced/Karaoke/Tracks-Organized/NOMAD-0196 - Ken Ashcorp - Wear/Ken Ashcorp - Wear.wav	NOMAD-0196 - Ken Ashcorp - Wear.wav
NOMAD-0198	andrewdropboxfull:/Andrew Beveridge/MediaUnsynced/Karaoke/Tracks-Organized/NOMAD-0198 - Neil Diamond - The Look Of Love/2OvV_PaqoPk-Neil-Diamond-The-Look-Of-Love.wav	NOMAD-0198 - Neil Diamond - The Look Of Love.wav
NOMAD-0201	andrewdropboxfull:/Andrew Beveridge/MediaUnsynced/Karaoke/Tracks-Organized/NOMAD-0201 - Calum Scott - Dancing On My Own (Short Version)/Calum Scott - Dancing On My Own (Short).wav	NOMAD-0201 - Calum Scott - Dancing On My Own (Short Version).wav
NOMAD-0202	andrewdropboxfull:/Andrew Beveridge/MediaUnsynced/Karaoke/Tracks-Organized/NOMAD-0202 - Ed Sheeran - Shivers (Short Version)/Ed Sheeran - Shivers (Short).wav	NOMAD-0202 - Ed Sheeran - Shivers (Short Version).wav
NOMAD-0203	andrewdropboxfull:/Andrew Beveridge/MediaUnsynced/Karaoke/Tracks-Organized/NOMAD-0203 - Eminem - Without Me (Short Version)/Eminem - Without Me_Short.wav	NOMAD-0203 - Eminem - Without Me (Short Version).wav
NOMAD-0204	andrewdropboxfull:/Andrew Beveridge/MediaUnsynced/Karaoke/Tracks-Organized/NOMAD-0204 - Gnarls Barkley - Crazy (Short Version)/Gnarls Barkley - Crazy (Short).wav	NOMAD-0204 - Gnarls Barkley - Crazy (Short Version).wav
NOMAD-0206	andrewdropboxfull:/Andrew Beveridge/MediaUnsynced/Karaoke/Tracks-Organized/NOMAD-0206 - Kenny Loggins - Footloose (Short Version)/Kenny Loggins - Footloose_Short Instrumental.wav	NOMAD-0206 - Kenny Loggins - Footloose (Short Version).wav
NOMAD-0207	andrewdropboxfull:/Andrew Beveridge/MediaUnsynced/Karaoke/Tracks-Organized/NOMAD-0207 - Kings Of Leon - Sex on Fire (Short Version)/Kings Of Leon - Sex on Fire (Short).wav	NOMAD-0207 - Kings Of Leon - Sex on Fire (Short Version).wav
NOMAD-0208	andrewdropboxfull:/Andrew Beveridge/MediaUnsynced/Karaoke/Tracks-Organized/NOMAD-0208 - Lady Gaga - Born This Way (Short Version)/Lady Gaga - Born this way (Short).wav	NOMAD-0208 - Lady Gaga - Born This Way (Short Version).wav
NOMAD-0209	andrewdropboxfull:/Andrew Beveridge/MediaUnsynced/Karaoke/Tracks-Organized/NOMAD-0209 - Miley Cyrus - Jolene (Short Version)/Miley Cyrus_Jolene_Short Instrumental.wav	NOMAD-0209 - Miley Cyrus - Jolene (Short Version).wav
NOMAD-0210	andrewdropboxfull:/Andrew Beveridge/MediaUnsynced/Karaoke/Tracks-Organized/NOMAD-0210 - Miley Cyrus - Wrecking Ball (Short Version)/Miley Cyrus - Wrecking Ball (Short).wav	NOMAD-0210 - Miley Cyrus - Wrecking Ball (Short Version).wav
NOMAD-0211	andrewdropboxfull:/Andrew Beveridge/MediaUnsynced/Karaoke/Tracks-Organized/NOMAD-0211 - Robbie Williams - Angels (Short Version)/Robbie Williams - Angels_Short Instrumental.wav	NOMAD-0211 - Robbie Williams - Angels (Short Version).wav
NOMAD-0212	andrewdropboxfull:/Andrew Beveridge/MediaUnsynced/Karaoke/Tracks-Organized/NOMAD-0212 - Shakira - Whenever, Wherever (Short Version)/Shakira - Whenever, Wherever (Short).wav	NOMAD-0212 - Shakira - Whenever, Wherever (Short Version).wav
NOMAD-0213	andrewdropboxfull:/Andrew Beveridge/MediaUnsynced/Karaoke/Tracks-Organized/NOMAD-0213 - Shania Twain - Man! I Feel Like A Woman (Short Version)/Shania Twain - Man! I Feel Like A Woman! (Short).wav	NOMAD-0213 - Shania Twain - Man! I Feel Like A Woman (Short Version).wav
NOMAD-0214	andrewdropboxfull:/Andrew Beveridge/MediaUnsynced/Karaoke/Tracks-Organized/NOMAD-0214 - Shirley Bassey - Big Spender (Short Version)/Shirley Bassey - Big Spender_Neue Version.wav	NOMAD-0214 - Shirley Bassey - Big Spender (Short Version).wav
NOMAD-0215	andrewdropboxfull:/Andrew Beveridge/MediaUnsynced/Karaoke/Tracks-Organized/NOMAD-0215 - The Killers - Mr. Brightside (Short Version)/The Killers - Mr. Brightside_Short.wav	NOMAD-0215 - The Killers - Mr. Brightside (Short Version).wav
NOMAD-0216	andrewdropboxfull:/Andrew Beveridge/MediaUnsynced/Karaoke/Tracks-Organized/NOMAD-0216 - The Pussycat Dolls - Sway (Short Version)/The Pussycat Dolls - Sway_Short.wav	NOMAD-0216 - The Pussycat Dolls - Sway (Short Version).wav
NOMAD-0217	andrewdropboxfull:/Andrew Beveridge/MediaUnsynced/Karaoke/Tracks-Organized/NOMAD-0217 - Twenty One Pilots - Stressed Out (Short Version)/Twenty One Pilots - Stressed Out_Short.wav	NOMAD-0217 - Twenty One Pilots - Stressed Out (Short Version).wav
NOMAD-0218	andrewdropboxfull:/Andrew Beveridge/MediaUnsynced/Karaoke/Tracks-Organized/NOMAD-0218 - Wheatus - Teenage Dirtbag (Short Version)/Wheatus - Teenage Dirtbag_Short.wav	NOMAD-0218 - Wheatus - Teenage Dirtbag (Short Version).wav
NOMAD-0219	andrewdropboxfull:/Andrew Beveridge/MediaUnsynced/Karaoke/Tracks-Organized/NOMAD-0219 - Christina Stürmer - Nie Genug/kgoyd5ST6bE-Christina-Sturmer-Nie-Genug-offizielles-Video.wav	NOMAD-0219 - Christina Stürmer - Nie Genug.wav
NOMAD-0220	andrewdropboxfull:/Andrew Beveridge/MediaUnsynced/Karaoke/Tracks-Organized/NOMAD-0220 - James Brown - It's a Man's World (Short Version)/James Brown - It's a Man's World (Short).wav	NOMAD-0220 - James Brown - It's a Man's World (Short Version).wav
NOMAD-0221	andrewdropboxfull:/Andrew Beveridge/MediaUnsynced/Karaoke/Tracks-Organized/NOMAD-0221 - Jerry Lee Lewis - Great Balls Of Fire (Short Version)/Jerry Lee Lewis - Great Balls Of Fire (Short).wav	NOMAD-0221 - Jerry Lee Lewis - Great Balls Of Fire (Short Version).wav
NOMAD-0222	andrewdropboxfull:/Andrew Beveridge/MediaUnsynced/Karaoke/Tracks-Organized/NOMAD-0222 - Melanie Martinez - Toxic (Short Version)/melanie-martinez_toxic-youtube-gPxcNl-iCUs/gPxcNl-iCUs-Toxic-The-Voice-Performance.wav	NOMAD-0222 - Melanie Martinez - Toxic (Short Version).wav
NOMAD-0223	andrewdropboxfull:/Andrew Beveridge/MediaUnsynced/Karaoke/Tracks-Organized/NOMAD-0223 - Melissa Etheridge - Bring Me Some Water (Short Version)/melissa-etheridge_bring-me-some-water-youtube-1x2KbVmDiCU/1x2KbVmDiCU-Bring-Me-Some-Water-Melissa-Etheridge.wav	NOMAD-0223 - Melissa Etheridge - Bring Me Some Water (Short Version).wav
NOMAD-0224	andrewdropboxfull:/Andrew Beveridge/MediaUnsynced/Karaoke/Tracks-Organized/NOMAD-0224 - Queen - Crazy Little Thing Called Love (Short Version)/queen_crazy-little-thing-called-love-youtube-nz8Nb980L9s/nz8Nb980L9s-Crazy-Little-Thing-Called-Love.wav	NOMAD-0224 - Queen - Crazy Little Thing Called Love (Short Version).wav
NOMAD-0225	andrewdropboxfull:/Andrew Beveridge/MediaUnsynced/Karaoke/Tracks-Organized/NOMAD-0225 - Tina Turner - Proud Mary (Short Version)/tina-turner_proud-mary-youtube-Gciy9oG5678/Gciy9oG5678-Proud-Mary.wav	NOMAD-0225 - Tina Turner - Proud Mary (Short Version).wav
NOMAD-0226	andrewdropboxfull:/Andrew Beveridge/MediaUnsynced/Karaoke/Tracks-Organized/NOMAD-0226 - Tina Turner - The Best (Short Version)/tina-turner_the-best-youtube-8Afffdv5Tfg/8Afffdv5Tfg-The-Best.wav	NOMAD-0226 - Tina Turner - The Best (Short Version).wav
NOMAD-0227	andrewdropboxfull:/Andrew Beveridge/MediaUnsynced/Karaoke/Tracks-Organized/NOMAD-0227 - Tom Jones - Help Yourself (Short Version)/Tom Jones - Help Yourself (Short).wav	NOMAD-0227 - Tom Jones - Help Yourself (Short Version).wav
NOMAD-0228	andrewdropboxfull:/Andrew Beveridge/MediaUnsynced/Karaoke/Tracks-Organized/NOMAD-0228 - Tom Jones - Sex Bomb (Short Version)/Tom Jones - Sex Bomb (short).wav	NOMAD-0228 - Tom Jones - Sex Bomb (Short Version).wav
NOMAD-0229	andrewdropboxfull:/Andrew Beveridge/MediaUnsynced/Karaoke/Tracks-Organized/NOMAD-0229 - Andreas Gabalier - Hulapalu (Short Version)/Andreas Gabalier - Hulapalu (Short).wav	NOMAD-0229 - Andreas Gabalier - Hulapalu (Short Version).wav
NOMAD-0230	andrewdropboxfull:/Andrew Beveridge/MediaUnsynced/Karaoke/Tracks-Organized/NOMAD-0230 - Christina Stürmer - Nie Genug (Short Version)/Christina Stürmer - Nie Genug (Short).wav	NOMAD-0230 - Christina Stürmer - Nie Genug (Short Version).wav
NOMAD-0231	andrewdropboxfull:/Andrew Beveridge/MediaUnsynced/Karaoke/Tracks-Organized/NOMAD-0231 - Die Draufgänger - Cordula Grün (Short Version)/Die Draufgänger - Cordula Grün_Short.wav	NOMAD-0231 - Die Draufgänger - Cordula Grün (Short Version).wav
NOMAD-0232	andrewdropboxfull:/Andrew Beveridge/MediaUnsynced/Karaoke/Tracks-Organized/NOMAD-0232 - Jimi Jamison - I'm Always Here (Short Version)/Jimi Jamison - I'm Always Here (Short).wav	NOMAD-0232 - Jimi Jamison - I'm Always Here (Short Version).wav
NOMAD-0233	andrewdropboxfull:/Andrew Beveridge/MediaUnsynced/Karaoke/Tracks-Organized/NOMAD-0233 - Jürgen Drews - Ein Bett im Kornfeld/XqX0720VTRY-Ein-Bett-im-Kornfeld-Jurgen-Drews-Das-Original.wav	NOMAD-0233 - Jürgen Drews - Ein Bett im Kornfeld.wav
NOMAD-0234	andrewdropboxfull:/Andrew Beveridge/MediaUnsynced/Karaoke/Tracks-Organized/NOMAD-0234 - Jürgen Drews - Ein Bett im Kornfeld (Short Version)/Jürgen Drews - Ein Bett im Kornfeld (Short).wav	NOMAD-0234 - Jürgen Drews - Ein Bett im Kornfeld (Short Version).wav
NOMAD-0235	andrewdropboxfull:/Andrew Beveridge/MediaUnsynced/Karaoke/Tracks-Organized/NOMAD-0235 - STS - Kalt Und Kälter (Short Version)/STS - Kalt Und Kälter_Short.wav	NOMAD-0235 - STS - Kalt Und Kälter (Short Version).wav
NOMAD-0236	andrewdropboxfull:/Andrew Beveridge/MediaUnsynced/Karaoke/Tracks-Organized/NOMAD-0236 - STS - Kalt Und Kälter/hqMSrwbnw9M-Kalt-und-kalter.wav	NOMAD-0236 - STS - Kalt Und Kälter.wav
NOMAD-0237	andrewdropboxfull:/Andrew Beveridge/MediaUnsynced/Karaoke/Tracks-Organized/NOMAD-0237 - Udo Jürgens - Aber bitte mit Sahne/VxM-OPwuSUo-Udo-Jurgens-Aber-bitte-mit-Sahne-Official-Lyric-Video.wav	NOMAD-0237 - Udo Jürgens - Aber bitte mit Sahne.wav
NOMAD-0238	andrewdropboxfull:/Andrew Beveridge/MediaUnsynced/Karaoke/Tracks-Organized/NOMAD-0238 - Udo Jürgens - Aber bitte mit Sahne (Short Version)/Udo Jürgens - Aber bitte mit Sahne (Short).wav	NOMAD-0238 - Udo Jürgens - Aber bitte mit Sahne (Short Version).wav
NOMAD-0239	andrewdropboxfull:/Andrew Beveridge/MediaUnsynced/Karaoke/Tracks-Organized/NOMAD-0239 - Bryan Adams - Summer of '69 (Short Version)/Bryan Adams - Summer Of '69.wav	NOMAD-0239 - Bryan Adams - Summer of '69 (Short Version).wav
NOMAD-0241	andrewdropboxfull:/Andrew Beveridge/MediaUnsynced/Karaoke/Tracks-Organized/NOMAD-0241 - Loosey LaDuca - Let Loose/Loosey Laduca - Let Loose.mp3	NOMAD-0241 - Loosey LaDuca - Let Loose.mp3
NOMAD-0242	andrewdropboxfull:/Andrew Beveridge/MediaUnsynced/Karaoke/Tracks-Organized/NOMAD-0242 - Against Me - People Who Died/9rfB5YIMD-M-People-Who-Died.wav	NOMAD-0242 - Against Me - People Who Died.wav
NOMAD-0243	andrewdropboxfull:/Andrew Beveridge/MediaUnsynced/Karaoke/Tracks-Organized/NOMAD-0243 - Eleven Hundred Springs - Thunderbird Will Do Just Fine/oHOde7V3WAs-Thunderbird-Will-Do-Just-Fine.wav	NOMAD-0243 - Eleven Hundred Springs - Thunderbird Will Do Just Fine.wav
NOMAD-0244	andrewdropboxfull:/Andrew Beveridge/MediaUnsynced/Karaoke/Tracks-Organized/NOMAD-0244 - Etherwood - Begin By Letting Go/01 - Etherwood - Begin By Letting Go.wav	NOMAD-0244 - Etherwood - Begin By Letting Go.wav
NOMAD-0245	andrewdropboxfull:/Andrew Beveridge/MediaUnsynced/Karaoke/Tracks-Organized/NOMAD-0245 - Foy Vance - She Burns/WCri1GOLjYM-She-Burns-Foy-Vance-LYRICS.wav	NOMAD-0245 - Foy Vance - She Burns.wav
NOMAD-0246	andrewdropboxfull:/Andrew Beveridge/MediaUnsynced/Karaoke/Tracks-Organized/NOMAD-0246 - Frightened Rabbit - Late March Death March/SF3KA7RM_Bg-Late-March-Death-March-Frightened-Rabbit.wav	NOMAD-0246 - Frightened Rabbit - Late March Death March.wav
NOMAD-0247	andrewdropboxfull:/Andrew Beveridge/MediaUnsynced/Karaoke/Tracks-Organized/NOMAD-0247 - George Barnett - Stone Cold Classic/u1NzEg0IkzI-George-Barnett-Stone-Cold-Classic.wav	NOMAD-0247 - George Barnett - Stone Cold Classic.wav
NOMAD-0248	andrewdropboxfull:/Andrew Beveridge/MediaUnsynced/Karaoke/Tracks-Organized/NOMAD-0248 - Get Cape. Wear Cape. Fly - Better Things (ft. Kate Nash)/13 - Better Things (ft. Kate Nash).wav	NOMAD-0248 - Get Cape. Wear Cape. Fly - Better Things (ft. Kate Nash).wav
NOMAD-0249	andrewdropboxfull:/Andrew Beveridge/MediaUnsynced/Karaoke/Tracks-Organized/NOMAD-0249 - Get Cape. Wear Cape. Fly - Could've Seen It All/14 - Could've Seen It All.wav	NOMAD-0249 - Get Cape. Wear Cape. Fly - Could've Seen It All.wav
NOMAD-0250	andrewdropboxfull:/Andrew Beveridge/MediaUnsynced/Karaoke/Tracks-Organized/NOMAD-0250 - Get Cape. Wear Cape. Fly - Find The Time/11 - Find The Time.wav	NOMAD-0250 - Get Cape. Wear Cape. Fly - Find The Time.wav
NOMAD-0251	andrewdropboxfull:/Andrew Beveridge/MediaUnsynced/Karaoke/Tracks-Organized/NOMAD-0251 - Get Cape. Wear Cape. Fly - I Could Build You A Tower/07 - I Could Build You A Tower.wav	NOMAD-0251 - Get Cape. Wear Cape. Fly - I Could Build You A Tower.wav
NOMAD-0252	andrewdropboxfull:/Andrew Beveridge/MediaUnsynced/Karaoke/Tracks-Organized/NOMAD-0252 - Get Cape. Wear Cape. Fly - Keep Singing Out/09 - Keep Singing Out.wav	NOMAD-0252 - Get Cape. Wear Cape. Fly - Keep Singing Out.wav
NOMAD-0253	andrewdropboxfull:/Andrew Beveridge/MediaUnsynced/Karaoke/Tracks-Organized/NOMAD-0253 - Get Cape. Wear Cape. Fly - Let The Journey Begin/01 - Let The Journey Begin.wav	NOMAD-0253 - Get Cape. Wear Cape. Fly - Let The Journey Begin.wav
NOMAD-0254	andrewdropboxfull:/Andrew Beveridge/MediaUnsynced/Karaoke/Tracks-Organized/NOMAD-0254 - Get Cape. Wear Cape. Fly - Moving Forward/10 - Moving Forward.wav	NOMAD-0254 - Get Cape. Wear Cape. Fly - Moving Forward.wav
NOMAD-0255	andrewdropboxfull:/Andrew Beveridge/MediaUnsynced/Karaoke/Tracks-Organized/NOMAD-0255 - Get Cape. Wear Cape. Fly - Postcards From Catalunya/04 - Postcards From Catalunya.wav	NOMAD-0255 - Get Cape. Wear Cape. Fly - Postcards From Catalunya.wav
NOMAD-0256	andrewdropboxfull:/Andrew Beveridge/MediaUnsynced/Karaoke/Tracks-Organized/NOMAD-0256 - Get Cape. Wear Cape. Fly - The Children Are (The Consumers Of) The Future/05 - The Children Are (The Consumers Of) The Future.wav	NOMAD-0256 - Get Cape. Wear Cape. Fly - The Children Are (The Consumers Of) The Future.wav
NOMAD-0257	andrewdropboxfull:/Andrew Beveridge/MediaUnsynced/Karaoke/Tracks-Organized/NOMAD-0257 - Get Cape. Wear Cape. Fly - This Could Be All/12 - This Could Be All.wav	NOMAD-0257 - Get Cape. Wear Cape. Fly - This Could Be All.wav
NOMAD-0258	andrewdropboxfull:/Andrew Beveridge/MediaUnsynced/Karaoke/Tracks-Organized/NOMAD-0258 - Get Cape. Wear Cape. Fly - Waiting For The Monster To Drown/02 - Waiting For The Monster To Drown.wav	NOMAD-0258 - Get Cape. Wear Cape. Fly - Waiting For The Monster To Drown.wav
NOMAD-0259	andrewdropboxfull:/Andrew Beveridge/MediaUnsynced/Karaoke/Tracks-Organized/NOMAD-0259 - Get Cape. Wear Cape. Fly - Window Of Your Mind/06 - Window Of Your Mind.wav	NOMAD-0259 - Get Cape. Wear Cape. Fly - Window Of Your Mind.wav
NOMAD-0260	andrewdropboxfull:/Andrew Beveridge/MediaUnsynced/Karaoke/Tracks-Organized/NOMAD-0260 - Get Cape. Wear Cape. Fly - Young And Lovestruck/03 - Young And Lovestruck.wav	NOMAD-0260 - Get Cape. Wear Cape. Fly - Young And Lovestruck.wav
NOMAD-0261	andrewdropboxfull:/Andrew Beveridge/MediaUnsynced/Karaoke/Tracks-Organized/NOMAD-0261 - K-Os - The Rain/1MPcQ_Z4L2M-The-Rain.wav	NOMAD-0261 - K-Os - The Rain.wav
NOMAD-0262	andrewdropboxfull:/Andrew Beveridge/MediaUnsynced/Karaoke/Tracks-Organized/NOMAD-0262 - Nothing But Thieves - Pop The Balloon/-FAu6lwoNIM-Nothing-But-Thieves-Pop-The-Balloon-Official-Lyric-Video.wav	NOMAD-0262 - Nothing But Thieves - Pop The Balloon.wav
NOMAD-0263	andrewdropboxfull:/Andrew Beveridge/MediaUnsynced/Karaoke/Tracks-Organized/NOMAD-0263 - Robbie Basho - Blue Crystal Fire/YYaGChm8RWw-Robbie-Basho-Blue-Crystal-Fire.wav	NOMAD-0263 - Robbie Basho - Blue Crystal Fire.wav
NOMAD-0264	andrewdropboxfull:/Andrew Beveridge/MediaUnsynced/Karaoke/Tracks-Organized/NOMAD-0264 - Smino - Lee and Lovie/YPI7kZpmepE-Smino-Lee-Lovie-Official-Visualizer.wav	NOMAD-0264 - Smino - Lee and Lovie.wav
NOMAD-0265	andrewdropboxfull:/Andrew Beveridge/MediaUnsynced/Karaoke/Tracks-Organized/NOMAD-0265 - The Skints - Murderer/gQQY3i-kwgU-The-Skints-Murderer.wav	NOMAD-0265 - The Skints - Murderer.wav
NOMAD-0266	andrewdropboxfull:/Andrew Beveridge/MediaUnsynced/Karaoke/Tracks-Organized/NOMAD-0266 - Xan Griffin - Capricorn (ft. WOLFE)/giK8TF-AjaM-Xan-Griffin-ft-WOLFE-Capricorn-Lyrics-on-screen.wav	NOMAD-0266 - Xan Griffin - Capricorn (ft. WOLFE).wav
NOMAD-0267	andrewdropboxfull:/Andrew Beveridge/MediaUnsynced/Karaoke/Tracks-Organized/NOMAD-0267 - Pulp - Cocaine Socialism/929BN_zFFR0-Pulp-Cocaine-Socialism-with-lyrics.wav	NOMAD-0267 - Pulp - Cocaine Socialism.wav
NOMAD-0268	andrewdropboxfull:/Andrew Beveridge/MediaUnsynced/Karaoke/Tracks-Organized/NOMAD-0268 - Random Hand - Play Some Ska/8nHVZhavr64-Play-Some-Ska.wav	NOMAD-0268 - Random Hand - Play Some Ska.wav
NOMAD-0269	andrewdropboxfull:/Andrew Beveridge/MediaUnsynced/Karaoke/Tracks-Organized/NOMAD-0269 - Sexyy Red, Nicki Minaj & Tay Keith - Pound Town 2/6PK7ZW4auI4-Sexyy-Red-Nicki-Minaj-Tay-Keith-Pound-Town-2-Official-Lyric-Video.wav	NOMAD-0269 - Sexyy Red, Nicki Minaj & Tay Keith - Pound Town 2.wav
NOMAD-0270	andrewdropboxfull:/Andrew Beveridge/MediaUnsynced/Karaoke/Tracks-Organized/NOMAD-0270 - Tori Amos - Liquid Diamonds/GGlQhUja-Lo-Liquid-Diamonds.wav	NOMAD-0270 - Tori Amos - Liquid Diamonds.wav
NOMAD-0326	andrewdropboxfull:/Andrew Beveridge/MediaUnsynced/Karaoke/Tracks-Organized/NOMAD-0326 - Judas Priest - Living Bad Dreams/Hs5R4qpmi2Y-Judas-Priest-Living-Bad-Dreams-Painkiller-Sessions-1990-Audio.wav	NOMAD-0326 - Judas Priest - Living Bad Dreams.wav
NOMAD-0327	andrewdropboxfull:/Andrew Beveridge/MediaUnsynced/Karaoke/Tracks-Organized/NOMAD-0327 - The Spits - Bring Me Down/8Ffx9MoOr-c-The-Spits-Bring-Me-Down.wav	NOMAD-0327 - The Spits - Bring Me Down.wav
NOMAD-0328	andrewdropboxfull:/Andrew Beveridge/MediaUnsynced/Karaoke/Tracks-Organized/NOMAD-0328 - Voltaire - Feathery Wings/cwiTPOzPJu4-Voltaire-Feathery-Wings-With-lyrics.wav	NOMAD-0328 - Voltaire - Feathery Wings.wav
NOMAD-0329	andrewdropboxfull:/Andrew Beveridge/MediaUnsynced/Karaoke/Tracks-Organized/NOMAD-0329 - City and Colour - The Death of Me/City and Colour - The Death of Me.flac	NOMAD-0329 - City and Colour - The Death of Me.flac
NOMAD-0330	andrewdropboxfull:/Andrew Beveridge/MediaUnsynced/Karaoke/Tracks-Organized/NOMAD-0330 - Was (Not Was) - Out Come the Freaks/Was (Not Was) - Out Come the Freaks (Long Version)/Was (Not Was) - Out Come the Freaks.flac	NOMAD-0330 - Was (Not Was) - Out Come the Freaks.flac
NOMAD-0331	andrewdropboxfull:/Andrew Beveridge/MediaUnsynced/Karaoke/Tracks-Organized/NOMAD-0331 - Bon Jovi - Hallelujah/RSJbYWPEaxw-Bon-Jovi-Hallelujah.wav	NOMAD-0331 - Bon Jovi - Hallelujah.wav
NOMAD-0332	andrewdropboxfull:/Andrew Beveridge/MediaUnsynced/Karaoke/Tracks-Organized/NOMAD-0332 - Marilyn Dagenais - Je serai là/Marilyn Dagenais - Je serai là.mp3	NOMAD-0332 - Marilyn Dagenais - Je serai là.mp3
NOMAD-0333	andrewdropboxfull:/Andrew Beveridge/MediaUnsynced/Karaoke/Tracks-Organized/NOMAD-0333 - Marilyn Dagenais - J't'écrirai pas/Marilyn Dagenais - J't'écrirai pas.mp3	NOMAD-0333 - Marilyn Dagenais - J't'écrirai pas.mp3
NOMAD-0334	andrewdropboxfull:/Andrew Beveridge/MediaUnsynced/Karaoke/Tracks-Organized/NOMAD-0334 - A Lost People - Big Booty Bitches/A Lost People - Big Booty Bitches (D6ma2_e9EuE).wav	NOMAD-0334 - A Lost People - Big Booty Bitches.wav
NOMAD-0335	andrewdropboxfull:/Andrew Beveridge/MediaUnsynced/Karaoke/Tracks-Organized/NOMAD-0335 - Annika Norlin - Failure/Annika Norlin - Failure (M8iCNfCHmDc).wav	NOMAD-0335 - Annika Norlin - Failure.wav
NOMAD-0336	andrewdropboxfull:/Andrew Beveridge/MediaUnsynced/Karaoke/Tracks-Organized/NOMAD-0336 - Ascension - Monsters/Ascension - Monsters (h6aE_-H-pTQ).wav	NOMAD-0336 - Ascension - Monsters.wav
NOMAD-0337	andrewdropboxfull:/Andrew Beveridge/MediaUnsynced/Karaoke/Tracks-Organized/NOMAD-0337 - Bonnie Prince Billy and Tortoise - Pancho/Bonnie Prince Billy and Tortoise - Pancho (XwAylFd_yMo).wav	NOMAD-0337 - Bonnie Prince Billy and Tortoise - Pancho.wav
NOMAD-0338	andrewdropboxfull:/Andrew Beveridge/MediaUnsynced/Karaoke/Tracks-Organized/NOMAD-0338 - Brandi Carlile - Raise Hell/Brandi Carlile - Raise Hell (k20r8dA8PcI).wav	NOMAD-0338 - Brandi Carlile - Raise Hell.wav
NOMAD-0339	andrewdropboxfull:/Andrew Beveridge/MediaUnsynced/Karaoke/Tracks-Organized/NOMAD-0339 - Britt Daniel - Let the Distance Bring Us Together/Britt Daniel - Let the Distance Bring Us Together (7J4O9pOsa20).wav	NOMAD-0339 - Britt Daniel - Let the Distance Bring Us Together.wav
NOMAD-0340	andrewdropboxfull:/Andrew Beveridge/MediaUnsynced/Karaoke/Tracks-Organized/NOMAD-0340 - Cyn - Drinks/Cyn - Drinks (YQbpkaTIQ2M).wav	NOMAD-0340 - Cyn - Drinks.wav
NOMAD-0341	andrewdropboxfull:/Andrew Beveridge/MediaUnsynced/Karaoke/Tracks-Organized/NOMAD-0341 - Dan Wriggins - All Used Up/Dan Wriggins - All Used Up.wav	NOMAD-0341 - Dan Wriggins - All Used Up.wav
NOMAD-0342	andrewdropboxfull:/Andrew Beveridge/MediaUnsynced/Karaoke/Tracks-Organized/NOMAD-0342 - Davey Dynamite & Absent - Solidarity Forever/Davey Dynamite & Absent - Solidarity Forever.wav	NOMAD-0342 - Davey Dynamite & Absent - Solidarity Forever.wav
NOMAD-0343	andrewdropboxfull:/Andrew Beveridge/MediaUnsynced/Karaoke/Tracks-Organized/NOMAD-0343 - Elliott Smith - Strung Out Again/Elliott Smith - Strung Out Again (z1cStb-1hi8).wav	NOMAD-0343 - Elliott Smith - Strung Out Again.wav
NOMAD-0344	andrewdropboxfull:/Andrew Beveridge/MediaUnsynced/Karaoke/Tracks-Organized/NOMAD-0344 - Emperor X - Sad React/Emperor X - Sad React (LsLNZW86iFY).wav	NOMAD-0344 - Emperor X - Sad React.wav
NOMAD-0345	andrewdropboxfull:/Andrew Beveridge/MediaUnsynced/Karaoke/Tracks-Organized/NOMAD-0345 - Girls - Hellhole Ratrace/Girls - Hellhole Ratrace (lcqwfFKagH4).wav	NOMAD-0345 - Girls - Hellhole Ratrace.wav
NOMAD-0346	andrewdropboxfull:/Andrew Beveridge/MediaUnsynced/Karaoke/Tracks-Organized/NOMAD-0346 - Hercules & Love Affair - Iris/Hercules & Love Affair - Iris (-iUY5xMKKtU).wav	NOMAD-0346 - Hercules & Love Affair - Iris.wav
NOMAD-0347	andrewdropboxfull:/Andrew Beveridge/MediaUnsynced/Karaoke/Tracks-Organized/NOMAD-0347 - Iris DeMent - Easy's Gettin' Harder Every Day/Iris DeMent - Easy's Gettin' Harder Every Day (8eJgUo3Ag4U).wav	NOMAD-0347 - Iris DeMent - Easy's Gettin' Harder Every Day.wav
NOMAD-0348	andrewdropboxfull:/Andrew Beveridge/MediaUnsynced/Karaoke/Tracks-Organized/NOMAD-0348 - Iris DeMent - Let the Mystery Be/Iris DeMent - Let the Mystery Be (0gQVS2fCsek).wav	NOMAD-0348 - Iris DeMent - Let the Mystery Be.wav
NOMAD-0349	andrewdropboxfull:/Andrew Beveridge/MediaUnsynced/Karaoke/Tracks-Organized/NOMAD-0349 - Iris DeMent - Wasteland of the Free/Iris DeMent - Wasteland of the Free (nLjHcbSVmYs).wav	NOMAD-0349 - Iris DeMent - Wasteland of the Free.wav
NOMAD-0350	andrewdropboxfull:/Andrew Beveridge/MediaUnsynced/Karaoke/Tracks-Organized/NOMAD-0350 - Joanna Newsom - Inflammatory Writ/Joanna Newsom - Inflammatory Writ (DWsJDdyDK8M).wav	NOMAD-0350 - Joanna Newsom - Inflammatory Writ.wav
NOMAD-0351	andrewdropboxfull:/Andrew Beveridge/MediaUnsynced/Karaoke/Tracks-Organized/NOMAD-0351 - Jukebox The Ghost - Jumpstarted/Jukebox The Ghost - Jumpstarted (MnCRJ-nXb_w).wav	NOMAD-0351 - Jukebox The Ghost - Jumpstarted.wav
NOMAD-0352	andrewdropboxfull:/Andrew Beveridge/MediaUnsynced/Karaoke/Tracks-Organized/NOMAD-0352 - Kevin Devine - Splittin’ Up Christmas/Kevin Devine - Splittin’ Up Christmas (WrPVBIXehlw).wav	NOMAD-0352 - Kevin Devine - Splittin’ Up Christmas.wav
NOMAD-0353	andrewdropboxfull:/Andrew Beveridge/MediaUnsynced/Karaoke/Tracks-Organized/NOMAD-0353 - Kirin J Callinan - Life Is Life/Kirin J Callinan - Life Is Life (mna-gdoPHt4).wav	NOMAD-0353 - Kirin J Callinan - Life Is Life.wav
NOMAD-0354	andrewdropboxfull:/Andrew Beveridge/MediaUnsynced/Karaoke/Tracks-Organized/NOMAD-0354 - MJ Lenderman - TLC Cagematch/MJ Lenderman - TLC Cagematch (gV7VeyEX0XY).wav	NOMAD-0354 - MJ Lenderman - TLC Cagematch.wav
NOMAD-0355	andrewdropboxfull:/Andrew Beveridge/MediaUnsynced/Karaoke/Tracks-Organized/NOMAD-0355 - Molly Hatchet - Sailor/Molly Hatchet - Sailor (WeDY3LDeD6s).wav	NOMAD-0355 - Molly Hatchet - Sailor.wav
NOMAD-0356	andrewdropboxfull:/Andrew Beveridge/MediaUnsynced/Karaoke/Tracks-Organized/NOMAD-0356 - Necro - Pussy Is My Weakness/Necro - Pussy Is My Weakness (43CEVFxpnFI).wav	NOMAD-0356 - Necro - Pussy Is My Weakness.wav
NOMAD-0357	andrewdropboxfull:/Andrew Beveridge/MediaUnsynced/Karaoke/Tracks-Organized/NOMAD-0357 - Nevermore - The Heart Collector/Nevermore - The Heart Collector (F7p5jwbrs0A).wav	NOMAD-0357 - Nevermore - The Heart Collector.wav
NOMAD-0358	andrewdropboxfull:/Andrew Beveridge/MediaUnsynced/Karaoke/Tracks-Organized/NOMAD-0358 - New Found Glory - Sincerely Me/New Found Glory - Sincerely Me (eMNLuwfHSIg).wav	NOMAD-0358 - New Found Glory - Sincerely Me.wav
NOMAD-0359	andrewdropboxfull:/Andrew Beveridge/MediaUnsynced/Karaoke/Tracks-Organized/NOMAD-0359 - New Radicals - I Hope I Didn't Just Give Away The Ending/New Radicals - I Hope I Didn't Just Give Away The Ending (DO-IaJcKZzs).wav	NOMAD-0359 - New Radicals - I Hope I Didn't Just Give Away The Ending.wav
NOMAD-0360	andrewdropboxfull:/Andrew Beveridge/MediaUnsynced/Karaoke/Tracks-Organized/NOMAD-0360 - No Doubt - Six Feet Under/No Doubt - Six Feet Under (HhldzhRuzc4).wav	NOMAD-0360 - No Doubt - Six Feet Under.wav
NOMAD-0361	andrewdropboxfull:/Andrew Beveridge/MediaUnsynced/Karaoke/Tracks-Organized/NOMAD-0361 - Petey - Dont Tell The Boys/Petey - Dont Tell The Boys (WuePPW8eHxI).wav	NOMAD-0361 - Petey - Dont Tell The Boys.wav
NOMAD-0362	andrewdropboxfull:/Andrew Beveridge/MediaUnsynced/Karaoke/Tracks-Organized/NOMAD-0362 - Randy Newman - A Wedding in Cherokee County/Randy Newman - A Wedding in Cherokee County (2002 Remaster) (DbbtzAaVT3M).wav	NOMAD-0362 - Randy Newman - A Wedding in Cherokee County.wav
NOMAD-0363	andrewdropboxfull:/Andrew Beveridge/MediaUnsynced/Karaoke/Tracks-Organized/NOMAD-0363 - Reverend Horton Heat - Wiggle Stick/Reverend Horton Heat - Wiggle Stick (zRvRed0YauI).wav	NOMAD-0363 - Reverend Horton Heat - Wiggle Stick.wav
NOMAD-0364	andrewdropboxfull:/Andrew Beveridge/MediaUnsynced/Karaoke/Tracks-Organized/NOMAD-0364 - Rough Cutt - Dreamin' Again/Rough Cutt - Dreamin' Again (TrdpdoVMcmU).wav	NOMAD-0364 - Rough Cutt - Dreamin' Again.wav
NOMAD-0365	andrewdropboxfull:/Andrew Beveridge/MediaUnsynced/Karaoke/Tracks-Organized/NOMAD-0365 - Steve Earle - Christmas in Washington/Steve Earle - Christmas in Washington (3Jk4JmIuFes).wav	NOMAD-0365 - Steve Earle - Christmas in Washington.wav
NOMAD-0366	andrewdropboxfull:/Andrew Beveridge/MediaUnsynced/Karaoke/Tracks-Organized/NOMAD-0366 - The Buttertones - Baby Doll/The Buttertones - Baby Doll (--TLRnkbSwk).wav	NOMAD-0366 - The Buttertones - Baby Doll.wav
NOMAD-0367	andrewdropboxfull:/Andrew Beveridge/MediaUnsynced/Karaoke/Tracks-Organized/NOMAD-0367 - The Buttertones - Eros/The Buttertones - Eros (uEyM3F5nD_Y).wav	NOMAD-0367 - The Buttertones - Eros.wav
NOMAD-0368	andrewdropboxfull:/Andrew Beveridge/MediaUnsynced/Karaoke/Tracks-Organized/NOMAD-0368 - Whiskey Myers - Broken Window Serenade/Whiskey Myers - Broken Window Serenade (_bto0UKEZNA).wav	NOMAD-0368 - Whiskey Myers - Broken Window Serenade.wav
NOMAD-0369	andrewdropboxfull:/Andrew Beveridge/MediaUnsynced/Karaoke/Tracks-Organized/NOMAD-0369 - Yoko Kanno - Whats it For/Yoko Kanno - Whats it For (uWOOyS3QsPE).wav	NOMAD-0369 - Yoko Kanno - Whats it For.wav
NOMAD-0370	andrewdropboxfull:/Andrew Beveridge/MediaUnsynced/Karaoke/Tracks-Organized/NOMAD-0370 - Mac McCaughan & Annie Hayden - Down We Go/Mac McCaughan, Annie Hayden - Down We Go (Sledding Song) (Wq6BHLUrL4s).wav	NOMAD-0370 - Mac McCaughan & Annie Hayden - Down We Go.wav
NOMAD-0371	andrewdropboxfull:/Andrew Beveridge/MediaUnsynced/Karaoke/Tracks-Organized/NOMAD-0371 - The Buttertones - You and Your Knife/The Buttertones - You and Your Knife (HzIUAQI_zDo).wav	NOMAD-0371 - The Buttertones - You and Your Knife.wav
NOMAD-0372	andrewdropboxfull:/Andrew Beveridge/MediaUnsynced/Karaoke/Tracks-Organized/NOMAD-0372 - The Doubleclicks - Really Big Chickens/The Doubleclicks - Really Big Chickens (qlEoSBZzC18).wav	NOMAD-0372 - The Doubleclicks - Really Big Chickens.wav
NOMAD-0373	andrewdropboxfull:/Andrew Beveridge/MediaUnsynced/Karaoke/Tracks-Organized/NOMAD-0373 - Tony All - At The Party/Tony All - At The Party (_OfbUKoaW_4).wav	NOMAD-0373 - Tony All - At The Party.wav
NOMAD-0374	andrewdropboxfull:/Andrew Beveridge/MediaUnsynced/Karaoke/Tracks-Organized/NOMAD-0374 - Tony All - Guitar Case/Tony All - Guitar Case (BY-a-HZiI-k).wav	NOMAD-0374 - Tony All - Guitar Case.wav
NOMAD-0375	andrewdropboxfull:/Andrew Beveridge/MediaUnsynced/Karaoke/Tracks-Organized/NOMAD-0375 - Velvet Pony - LESBIAN PONIES WITH WEAPONS/Velvet Pony - LESBIAN PONIES WITH WEAPONS (UCAisUe6-VA).wav	NOMAD-0375 - Velvet Pony - LESBIAN PONIES WITH WEAPONS.wav
NOMAD-0376	andrewdropboxfull:/Andrew Beveridge/MediaUnsynced/Karaoke/Tracks-Organized/NOMAD-0376 - Waxahatchee - Noccalula/Waxahatchee - Noccalula (uKsZTbGFOQk).wav	NOMAD-0376 - Waxahatchee - Noccalula.wav
NOMAD-0377	andrewdropboxfull:/Andrew Beveridge/MediaUnsynced/Karaoke/Tracks-Organized/NOMAD-0377 - David Bowie - I Know It’s Gonna Happen Someday/AHCSo-7fRKk-I-Know-It-s-Gonna-Happen-Someday-2003-Remaster.wav	NOMAD-0377 - David Bowie - I Know It’s Gonna Happen Someday.wav
NOMAD-0378	andrewdropboxfull:/Andrew Beveridge/MediaUnsynced/Karaoke/Tracks-Organized/NOMAD-0378 - Mary Heather Hickman - Treasure/Mary Heather Hickman - Treasure.mp3	NOMAD-0378 - Mary Heather Hickman - Treasure.mp3
NOMAD-0379	andrewdropboxfull:/Andrew Beveridge/MediaUnsynced/Karaoke/Tracks-Organized/NOMAD-0379 - Ray Price - The Wind Beneath My Wings/Ray Price - The Wind Beneath My Wings.mp3	NOMAD-0379 - Ray Price - The Wind Beneath My Wings.mp3
NOMAD-0380	andrewdropboxfull:/Andrew Beveridge/MediaUnsynced/Karaoke/Tracks-Organized/NOMAD-0380 - The Avett Brothers - Ain't No Man/The Avett Brothers - Ain't No Man.mp3	NOMAD-0380 - The Avett Brothers - Ain't No Man.mp3
NOMAD-0381	andrewdropboxfull:/Andrew Beveridge/MediaUnsynced/Karaoke/Tracks-Organized/NOMAD-0381 - Dropout Kings - Scratch & Claw/Dropout Kings - Scratch & Claw (YouTube 56tQOGEj_Ng).wav	NOMAD-0381 - Dropout Kings - Scratch & Claw.wav
NOMAD-0382	andrewdropboxfull:/Andrew Beveridge/MediaUnsynced/Karaoke/Tracks-Organized/NOMAD-0382 - Gogol Bordello - Not a Crime/Gogol Bordello - Not a Crime (YouTube u9v1-1Op9bQ).wav	NOMAD-0382 - Gogol Bordello - Not a Crime.wav
NOMAD-0383	andrewdropboxfull:/Andrew Beveridge/MediaUnsynced/Karaoke/Tracks-Organized/NOMAD-0383 - Sparks - Girl from Germany/Sparks - Girl from Germany (YouTube vgXYs1W5C1I).wav	NOMAD-0383 - Sparks - Girl from Germany.wav
NOMAD-0384	andrewdropboxfull:/Andrew Beveridge/MediaUnsynced/Karaoke/Tracks-Organized/NOMAD-0384 - Sparks - Under the Table with Her/Sparks - Under the Table with Her (YouTube tRpBC6OI0Xo).wav	NOMAD-0384 - Sparks - Under the Table with Her.wav
NOMAD-0385	andrewdropboxfull:/Andrew Beveridge/MediaUnsynced/Karaoke/Tracks-Organized/NOMAD-0385 - Streetlight Manifesto - One Foot on the Gas, One Foot in the Grave/Streetlight Manifesto - One Foot on the Gas, One Foot in the Grave (YouTube NsGaY-Wv5Sc).wav	NOMAD-0385 - Streetlight Manifesto - One Foot on the Gas, One Foot in the Grave.wav
NOMAD-0386	andrewdropboxfull:/Andrew Beveridge/MediaUnsynced/Karaoke/Tracks-Organized/NOMAD-0386 - The Doors - Not to touch the earth/The Doors - Not to touch the earth (YouTube aAqx8y6mOFY).wav	NOMAD-0386 - The Doors - Not to touch the earth.wav
NOMAD-0387	andrewdropboxfull:/Andrew Beveridge/MediaUnsynced/Karaoke/Tracks-Organized/NOMAD-0387 - Weird Al Yankovic - Money for Nothing Beverly Hillbillies/Weird Al Yankovic - Money for Nothing_Beverly Hillbillies (YouTube 0WPzFnZkZmI).wav	NOMAD-0387 - Weird Al Yankovic - Money for Nothing Beverly Hillbillies.wav
NOMAD-0388	andrewdropboxfull:/Andrew Beveridge/MediaUnsynced/Karaoke/Tracks-Organized/NOMAD-0388 - Adam Sandler - Mr. Bake-O/Adam Sandler - Mr. Bake-O.mp3	NOMAD-0388 - Adam Sandler - Mr. Bake-O.mp3
NOMAD-0389	andrewdropboxfull:/Andrew Beveridge/MediaUnsynced/Karaoke/Tracks-Organized/NOMAD-0389 - Eydie Gormé - The Gentleman is a Dope/Eydie Gormé - The Gentleman is a Dope.mp3	NOMAD-0389 - Eydie Gormé - The Gentleman is a Dope.mp3
NOMAD-0390	andrewdropboxfull:/Andrew Beveridge/MediaUnsynced/Karaoke/Tracks-Organized/NOMAD-0390 - Eydie Gormé - What Did I Have That I Don't Have/Eydie Gormé - What Did I Have That I Don't Have.mp3	NOMAD-0390 - Eydie Gormé - What Did I Have That I Don't Have.mp3
NOMAD-0391	andrewdropboxfull:/Andrew Beveridge/MediaUnsynced/Karaoke/Tracks-Organized/NOMAD-0391 - Rickie Lee Jones - The Ballad Of The Sad Young Men/Rickie Lee Jones - The Ballad Of The Sad Young Men.mp3	NOMAD-0391 - Rickie Lee Jones - The Ballad Of The Sad Young Men.mp3
NOMAD-0392	andrewdropboxfull:/Andrew Beveridge/MediaUnsynced/Karaoke/Tracks-Organized/NOMAD-0392 - Eddie Cochran - Three Stars/Eddie Cochran - Three Stars.mp3	NOMAD-0392 - Eddie Cochran - Three Stars.mp3
NOMAD-0393	andrewdropboxfull:/Andrew Beveridge/MediaUnsynced/Karaoke/Tracks-Organized/NOMAD-0393 - Lil Durk - Broadway Girls/Lil Durk - Broadway Girls (YouTube 2CNl_CCtE-I).wav	NOMAD-0393 - Lil Durk - Broadway Girls.wav
NOMAD-0394	andrewdropboxfull:/Andrew Beveridge/MediaUnsynced/Karaoke/Tracks-Organized/NOMAD-0394 - Luude - Down Under/Luude - Down Under (YouTube I1xneKsFArY).wav	NOMAD-0394 - Luude - Down Under.wav
NOMAD-0395	andrewdropboxfull:/Andrew Beveridge/MediaUnsynced/Karaoke/Tracks-Organized/NOMAD-0395 - Taylor Swift - We Are Never Ever Getting Back Together (Taylor's Version)/Taylor Swift - We Are Never Ever Getting Back Together (Taylor's Version) (YouTube zJFcr1KyFqE).wav	NOMAD-0395 - Taylor Swift - We Are Never Ever Getting Back Together (Taylor's Version).wav
NOMAD-0396	andrewdropboxfull:/Andrew Beveridge/MediaUnsynced/Karaoke/Tracks-Organized/NOMAD-0396 - The Fray - Never Say Never/The Fray - Never Say Never (YouTube Aihu16RyYp8).wav	NOMAD-0396 - The Fray - Never Say Never.wav
NOMAD-0397	andrewdropboxfull:/Andrew Beveridge/MediaUnsynced/Karaoke/Tracks-Organized/NOMAD-0397 - The Ghost Club - See Below/NA - The Ghost Club： See Below [Official Animated Music Video] (O3bVdre5EiE).wav	NOMAD-0397 - The Ghost Club - See Below.wav
NOMAD-0398	andrewdropboxfull:/Andrew Beveridge/MediaUnsynced/Karaoke/Tracks-Organized/NOMAD-0398 - General Levy - Incredible (50% Volume Vocals)/vocals_half_volume.wav	NOMAD-0398 - General Levy - Incredible (50% Volume Vocals).wav
NOMAD-0399	andrewdropboxfull:/Andrew Beveridge/MediaUnsynced/Karaoke/Tracks-Organized/NOMAD-0399 - General Levy - Incredible/General Levy - Incredible (YouTube mL2Bgj-za5k).wav	NOMAD-0399 - General Levy - Incredible.wav
NOMAD-0400	andrewdropboxfull:/Andrew Beveridge/MediaUnsynced/Karaoke/Tracks-Organized/NOMAD-0400 - Marilyn Dagenais - Chanson pour Papa/Marilyn Dagenais - Chanson pour Papa.mp3	NOMAD-0400 - Marilyn Dagenais - Chanson pour Papa.mp3
NOMAD-0401	andrewdropboxfull:/Andrew Beveridge/MediaUnsynced/Karaoke/Tracks-Organized/NOMAD-0401 - Royal Navy - Heart of Oak/Royal Navy - Heart of Oak.mp3	NOMAD-0401 - Royal Navy - Heart of Oak.mp3
NOMAD-0402	andrewdropboxfull:/Andrew Beveridge/MediaUnsynced/Karaoke/Tracks-Organized/NOMAD-0402 - Tiamat - Cain/Tiamat - Cain (YouTube cbyodXriMyI).wav	NOMAD-0402 - Tiamat - Cain.wav
NOMAD-0403	andrewdropboxfull:/Andrew Beveridge/MediaUnsynced/Karaoke/Tracks-Organized/NOMAD-0403 - Marilyn Dagenais - You Make Me Sing/Marilyn Dagenais - You Make Me Sing.mp3	NOMAD-0403 - Marilyn Dagenais - You Make Me Sing.mp3
NOMAD-0404	andrewdropboxfull:/Andrew Beveridge/MediaUnsynced/Karaoke/Tracks-Organized/NOMAD-0404 - Young and Restless - B Girls/Young and Restless - B Girls (YouTube KO40JXBvLr0).wav	NOMAD-0404 - Young and Restless - B Girls.wav
NOMAD-0405	andrewdropboxfull:/Andrew Beveridge/MediaUnsynced/Karaoke/Tracks-Organized/NOMAD-0405 - Bug Hunter - Pinecones/Bug Hunter - Pinecones (YouTube lbTRP-xw7uE).wav	NOMAD-0405 - Bug Hunter - Pinecones.wav
NOMAD-0406	andrewdropboxfull:/Andrew Beveridge/MediaUnsynced/Karaoke/Tracks-Organized/NOMAD-0406 - Streetlight Manifesto - With Any Sort of Certainty/Streetlight Manifesto - With Any Sort of Certainty (YouTube VrqnE1hOS4s).wav	NOMAD-0406 - Streetlight Manifesto - With Any Sort of Certainty.wav
NOMAD-0407	andrewdropboxfull:/Andrew Beveridge/MediaUnsynced/Karaoke/Tracks-Organized/NOMAD-0407 - Marvin Gaye - God is Love/Marvin Gaye - God is Love (YouTube 1aNMq-tOtYg).wav	NOMAD-0407 - Marvin Gaye - God is Love.wav
NOMAD-0408	andrewdropboxfull:/Andrew Beveridge/MediaUnsynced/Karaoke/Tracks-Organized/NOMAD-0408 - Ben&Ben - Maybe the Night/Ben&Ben - Maybe the Night (YouTube YC_uJXpsYC4).wav	NOMAD-0408 - Ben&Ben - Maybe the Night.wav
NOMAD-0409	andrewdropboxfull:/Andrew Beveridge/MediaUnsynced/Karaoke/Tracks-Organized/NOMAD-0409 - Blink 182 - Fell In Love/Blink 182 - Fell In Love (YouTube IFoER-HAox4).wav	NOMAD-0409 - Blink 182 - Fell In Love.wav
NOMAD-0410	andrewdropboxfull:/Andrew Beveridge/MediaUnsynced/Karaoke/Tracks-Organized/NOMAD-0410 - Blink 182 - Turpentine/Blink 182 - Turpentine (YouTube aQ8JZz5v3dg).wav	NOMAD-0410 - Blink 182 - Turpentine.wav
NOMAD-0411	andrewdropboxfull:/Andrew Beveridge/MediaUnsynced/Karaoke/Tracks-Organized/NOMAD-0411 - Bryson Tiller - Right My Wrongs/Bryson Tiller - Right my wrongs (YouTube 1lQDPOfMUIA).wav	NOMAD-0411 - Bryson Tiller - Right My Wrongs.wav
NOMAD-0412	andrewdropboxfull:/Andrew Beveridge/MediaUnsynced/Karaoke/Tracks-Organized/NOMAD-0412 - Chris Stapleton - Joy of My Life/Chris Stapleton - Joy of My Life (YouTube jsE_zp_4vyo).wav	NOMAD-0412 - Chris Stapleton - Joy of My Life.wav
NOMAD-0413	andrewdropboxfull:/Andrew Beveridge/MediaUnsynced/Karaoke/Tracks-Organized/NOMAD-0413 - Marilyn Dagenais - L'hiver/Marilyn Dagenais - L'hiver.mp3	NOMAD-0413 - Marilyn Dagenais - L'hiver.mp3
NOMAD-0414	andrewdropboxfull:/Andrew Beveridge/MediaUnsynced/Karaoke/Tracks-Organized/NOMAD-0414 - Metric - Who Would You Be For Me/Metric - Who Would You Be For Me (YouTube CNUgemJBLTw).wav	NOMAD-0414 - Metric - Who Would You Be For Me.wav
NOMAD-0415	andrewdropboxfull:/Andrew Beveridge/MediaUnsynced/Karaoke/Tracks-Organized/NOMAD-0415 - Rex Orange County - Happiness/Rex Orange County - Happiness (YouTube dstuitW8PWM).wav	NOMAD-0415 - Rex Orange County - Happiness.wav
NOMAD-0416	andrewdropboxfull:/Andrew Beveridge/MediaUnsynced/Karaoke/Tracks-Organized/NOMAD-0416 - Sheff G - Weight on Me/Sheff G - Weight on Me (YouTube z9a3pXKvNTE).wav	NOMAD-0416 - Sheff G - Weight on Me.wav
NOMAD-0417	andrewdropboxfull:/Andrew Beveridge/MediaUnsynced/Karaoke/Tracks-Organized/NOMAD-0417 - Taylor Swift - I Knew You Were Trouble (Taylor's Version)/Taylor Swift - I Knew You Were Trouble (Taylor's Version) (YouTube TqAollrUJdA).wav	NOMAD-0417 - Taylor Swift - I Knew You Were Trouble (Taylor's Version).wav
NOMAD-0418	andrewdropboxfull:/Andrew Beveridge/MediaUnsynced/Karaoke/Tracks-Organized/NOMAD-0418 - Taylor Swift - You Belong With Me (Taylor's Version)/Taylor Swift - You Belong With Me (Taylor's Version) (YouTube vwp8Ur6tO-8).wav	NOMAD-0418 - Taylor Swift - You Belong With Me (Taylor's Version).wav
NOMAD-0419	andrewdropboxfull:/Andrew Beveridge/MediaUnsynced/Karaoke/Tracks-Organized/NOMAD-0419 - The 1975 - Robbers/The 1975 - Robbers (YouTube wjHgiSx0RNQ).wav	NOMAD-0419 - The 1975 - Robbers.wav
NOMAD-0420	andrewdropboxfull:/Andrew Beveridge/MediaUnsynced/Karaoke/Tracks-Organized/NOMAD-0420 - Unknown - Before the Screen Reads Fin/Unknown - Before the Screen Reads Fin.mp3	NOMAD-0420 - Unknown - Before the Screen Reads Fin.mp3
NOMAD-0421	andrewdropboxfull:/Andrew Beveridge/MediaUnsynced/Karaoke/Tracks-Organized/NOMAD-0421 - ACDC - Gone Shootin'/AC_DC - Gone Shootin' (YouTube x7XscWqgdzI).wav	NOMAD-0421 - ACDC - Gone Shootin'.wav
NOMAD-0422	andrewdropboxfull:/Andrew Beveridge/MediaUnsynced/Karaoke/Tracks-Organized/NOMAD-0422 - Ozzy Osbourne - You're No Different/Ozzy Osbourne - You're No Different (YouTube 09vFKfpyuII).wav	NOMAD-0422 - Ozzy Osbourne - You're No Different.wav
NOMAD-0423	andrewdropboxfull:/Andrew Beveridge/MediaUnsynced/Karaoke/Tracks-Organized/NOMAD-0423 - Alice Cooper - He's Back (The Man Behind The Mask)/Alice Cooper - He's Back (The Man Behind The Mask) (YouTube xz-y3SJyEVA).wav	NOMAD-0423 - Alice Cooper - He's Back (The Man Behind The Mask).wav
NOMAD-0424	andrewdropboxfull:/Andrew Beveridge/MediaUnsynced/Karaoke/Tracks-Organized/NOMAD-0424 - Echo and The Bunnymen - New Direction/Echo and The Bunnymen - New Direction (YouTube a7_trPBfNU8).wav	NOMAD-0424 - Echo and The Bunnymen - New Direction.wav
NOMAD-0425	andrewdropboxfull:/Andrew Beveridge/MediaUnsynced/Karaoke/Tracks-Organized/NOMAD-0425 - Iggy Pop - Tell Me a Story/Iggy Pop - Tell Me a Story (YouTube GVru8pBsXLU).wav	NOMAD-0425 - Iggy Pop - Tell Me a Story.wav
NOMAD-0426	andrewdropboxfull:/Andrew Beveridge/MediaUnsynced/Karaoke/Tracks-Organized/NOMAD-0426 - Left Boy - Security Check/Left Boy - Security Check (YouTube cMzkbpZfgSc).wav	NOMAD-0426 - Left Boy - Security Check.wav
NOMAD-0427	andrewdropboxfull:/Andrew Beveridge/MediaUnsynced/Karaoke/Tracks-Organized/NOMAD-0427 - The Lemonheads - If I Could Talk I’d Tell You/The Lemonheads - If I Could Talk I’d Tell You (YouTube 7O_MGiEcSLc).wav	NOMAD-0427 - The Lemonheads - If I Could Talk I’d Tell You.wav
NOMAD-0428	andrewdropboxfull:/Andrew Beveridge/MediaUnsynced/Karaoke/Tracks-Organized/NOMAD-0428 - They Might Be Giants - Dinner Bell/They Might Be Giants - Dinner bell (YouTube nCY7rXF91JA).wav	NOMAD-0428 - They Might Be Giants - Dinner Bell.wav
NOMAD-0429	andrewdropboxfull:/Andrew Beveridge/MediaUnsynced/Karaoke/Tracks-Organized/NOMAD-0429 - XTC - Scissor Man/XTC - Scissor Man (YouTube 1z_m58cT8Lo).wav	NOMAD-0429 - XTC - Scissor Man.wav
NOMAD-0430	andrewdropboxfull:/Andrew Beveridge/MediaUnsynced/Karaoke/Tracks-Organized/NOMAD-0430 - XTC - The Smartest Monkeys/XTC - The Smartest Monkeys (YouTube L17PFScq4Y4).wav	NOMAD-0430 - XTC - The Smartest Monkeys.wav
NOMAD-0431	andrewdropboxfull:/Andrew Beveridge/MediaUnsynced/Karaoke/Tracks-Organized/NOMAD-0431 - Marilyn Dagenais - Un peu de lumière/Marilyn Dagenais - Un peu de lumière.mp3	NOMAD-0431 - Marilyn Dagenais - Un peu de lumière.mp3
NOMAD-0432	andrewdropboxfull:/Andrew Beveridge/MediaUnsynced/Karaoke/Tracks-Organized/NOMAD-0432 - Bad Lip Reading - Black Umbrella/Bad Lip Reading - Black Umbrella (YouTube ii5IUihNuno).wav	NOMAD-0432 - Bad Lip Reading - Black Umbrella.wav
NOMAD-0433	andrewdropboxfull:/Andrew Beveridge/MediaUnsynced/Karaoke/Tracks-Organized/NOMAD-0433 - Bruno Mars - The Lazy Song (Non-Lazy Parody)/Bruno Mars - The Lazy Song (YouTube fLexgOxsZu0).wav	NOMAD-0433 - Bruno Mars - The Lazy Song (Non-Lazy Parody).wav
NOMAD-0434	andrewdropboxfull:/Andrew Beveridge/MediaUnsynced/Karaoke/Tracks-Organized/NOMAD-0434 - Marilyn Dagenais - Si je t'aime/Marilyn Dagenais - Si je t'aime.mp3	NOMAD-0434 - Marilyn Dagenais - Si je t'aime.mp3
NOMAD-0435	andrewdropboxfull:/Andrew Beveridge/MediaUnsynced/Karaoke/Tracks-Organized/NOMAD-0435 - Jerry Lee Lewis - Meat Man/Jerry Lee Lewis - Meat Man.wav	NOMAD-0435 - Jerry Lee Lewis - Meat Man.wav
NOMAD-0436	andrewdropboxfull:/Andrew Beveridge/MediaUnsynced/Karaoke/Tracks-Organized/NOMAD-0436 - Shovels & Rope - Birmingham/Shovels & Rope - Birmingham.wav	NOMAD-0436 - Shovels & Rope - Birmingham.wav
NOMAD-0437	andrewdropboxfull:/Andrew Beveridge/MediaUnsynced/Karaoke/Tracks-Organized/NOMAD-0437 - Wolfe Tones - Rock On Rockall/Wolfe Tones - Rock On Rockall.mp3	NOMAD-0437 - Wolfe Tones - Rock On Rockall.mp3
NOMAD-0438	andrewdropboxfull:/Andrew Beveridge/MediaUnsynced/Karaoke/Tracks-Organized/NOMAD-0438 - James Rado - Where Do I Go? (From Hair)/James Rado - Where Do I Go (YouTube MxQ_8-WPBZ0).wav	NOMAD-0438 - James Rado - Where Do I Go? (From Hair).wav
NOMAD-0439	andrewdropboxfull:/Andrew Beveridge/MediaUnsynced/Karaoke/Tracks-Organized/NOMAD-0439 - Andrea Bocelli - Gloria in Excelsis Deo/Andrea Bocelli - Gloria in Excelsis Deo (YouTube vkZ4dBOcq2I).wav	NOMAD-0439 - Andrea Bocelli - Gloria in Excelsis Deo.wav
NOMAD-0440	andrewdropboxfull:/Andrew Beveridge/MediaUnsynced/Karaoke/Tracks-Organized/NOMAD-0440 - ABBA - The Day Before You Came/ABBA - The Day Before You Came (YouTube 1HnOFwqpLRQ).wav	NOMAD-0440 - ABBA - The Day Before You Came.wav
NOMAD-0441	andrewdropboxfull:/Andrew Beveridge/MediaUnsynced/Karaoke/Tracks-Organized/NOMAD-0441 - Fleet Foxes - He Doesn’t Know Why/Fleet Foxes - He Doesn’t Know Why (YouTube brZTvGIzeGg).wav	NOMAD-0441 - Fleet Foxes - He Doesn’t Know Why.wav
NOMAD-0442	andrewdropboxfull:/Andrew Beveridge/MediaUnsynced/Karaoke/Tracks-Organized/NOMAD-0442 - The Drifters - Up On The Roof/The Drifters - Up On The Roof (YouTube b_ksNvivbEI).wav	NOMAD-0442 - The Drifters - Up On The Roof.wav
NOMAD-0443	andrewdropboxfull:/Andrew Beveridge/MediaUnsynced/Karaoke/Tracks-Organized/NOMAD-0443 - The Seekers - California Dreamin'/The Seekers - California Dreamin' (YouTube PFmgrcoUSgs).wav	NOMAD-0443 - The Seekers - California Dreamin'.wav
NOMAD-0444	andrewdropboxfull:/Andrew Beveridge/MediaUnsynced/Karaoke/Tracks-Organized/NOMAD-0444 - Fleet Foxes - Silver Dagger/Fleet Foxes - Silver Dagger (YouTube pKAim7dJjjg).wav	NOMAD-0444 - Fleet Foxes - Silver Dagger.wav
NOMAD-0445	andrewdropboxfull:/Andrew Beveridge/MediaUnsynced/Karaoke/Tracks-Organized/NOMAD-0445 - She Wants Revenge - Broken Promises For Broken Hearts/She Wants Revenge - Broken Promises For Broken Hearts (YouTube pOlbu-_2Ha4).wav	NOMAD-0445 - She Wants Revenge - Broken Promises For Broken Hearts.wav
NOMAD-0446	andrewdropboxfull:/Andrew Beveridge/MediaUnsynced/Karaoke/Tracks-Organized/NOMAD-0446 - Ken Ashcorp - On The Rocks/Ken Ashcorp - On The Rocks (YouTube zH_RlepY3GQ).wav	NOMAD-0446 - Ken Ashcorp - On The Rocks.wav
NOMAD-0447	andrewdropboxfull:/Andrew Beveridge/MediaUnsynced/Karaoke/Tracks-Organized/NOMAD-0447 - Z-Ro - Mo City Don Freestyle/Z-Ro - Mo City Don Freestyle (YouTube 0-2QA8C19uQ).wav	NOMAD-0447 - Z-Ro - Mo City Don Freestyle.wav
NOMAD-0448	andrewdropboxfull:/Andrew Beveridge/MediaUnsynced/Karaoke/Tracks-Organized/NOMAD-0448 - The Time - Cool/The Time - Cool.wav	NOMAD-0448 - The Time - Cool.wav
NOMAD-0449	andrewdropboxfull:/Andrew Beveridge/MediaUnsynced/Karaoke/Tracks-Organized/NOMAD-0449 - Urban Cookie Collective - The Key, The Secret/Urban Cookie Collective - The Key, The Secret (YouTube 2wyv52Ahry0).wav	NOMAD-0449 - Urban Cookie Collective - The Key, The Secret.wav
NOMAD-0450	andrewdropboxfull:/Andrew Beveridge/MediaUnsynced/Karaoke/Tracks-Organized/NOMAD-0450 - Melissa Etheridge - Meet Me In The Back/Melissa Etheridge - Meet Me In The Back (YouTube 7cjDKoD8PL0).wav	NOMAD-0450 - Melissa Etheridge - Meet Me In The Back.wav
NOMAD-0451	andrewdropboxfull:/Andrew Beveridge/MediaUnsynced/Karaoke/Tracks-Organized/NOMAD-0451 - Garfunkel And Oates - I Get to Do It With You/Garfunkel And Oates - I Get to Do It With You (YouTube 89z2b1hJ9TI).wav	NOMAD-0451 - Garfunkel And Oates - I Get to Do It With You.wav
NOMAD-0452	andrewdropboxfull:/Andrew Beveridge/MediaUnsynced/Karaoke/Tracks-Organized/NOMAD-0452 - A Fine Frenzy - Come On, Come Out/A Fine Frenzy - Come On, Come Out (YouTube JY52MfkLWNQ).wav	NOMAD-0452 - A Fine Frenzy - Come On, Come Out.wav
NOMAD-0453	andrewdropboxfull:/Andrew Beveridge/MediaUnsynced/Karaoke/Tracks-Organized/NOMAD-0453 - A Fine Frenzy - Rangers/A Fine Frenzy - Rangers (YouTube l4mCcQZ7Vjk).wav	NOMAD-0453 - A Fine Frenzy - Rangers.wav
NOMAD-0454	andrewdropboxfull:/Andrew Beveridge/MediaUnsynced/Karaoke/Tracks-Organized/NOMAD-0454 - Ken Ashcorp - PVP/Ken Ashcorp - PVP (YouTube u5lJ7tXWz74).wav	NOMAD-0454 - Ken Ashcorp - PVP.wav
NOMAD-0455	andrewdropboxfull:/Andrew Beveridge/MediaUnsynced/Karaoke/Tracks-Organized/NOMAD-0455 - A Fine Frenzy - Almost Lover/A Fine Frenzy - Almost Lover (YouTube I_S_TbD1XFM).wav	NOMAD-0455 - A Fine Frenzy - Almost Lover.wav
NOMAD-0456	andrewdropboxfull:/Andrew Beveridge/MediaUnsynced/Karaoke/Tracks-Organized/NOMAD-0456 - A Fine Frenzy - You Picked Me/A Fine Frenzy - You Picked Me (YouTube -G_Q2knArU4).wav	NOMAD-0456 - A Fine Frenzy - You Picked Me.wav
NOMAD-0457	andrewdropboxfull:/Andrew Beveridge/MediaUnsynced/Karaoke/Tracks-Organized/NOMAD-0457 - Peach PRC - God Is A Freak/Peach PRC - God Is A Freak (YouTube e07I7io1myI).wav	NOMAD-0457 - Peach PRC - God Is A Freak.wav
NOMAD-0458	andrewdropboxfull:/Andrew Beveridge/MediaUnsynced/Karaoke/Tracks-Organized/NOMAD-0458 - Righteous Brothers - See That Girl/Righteous Brothers - See That Girl (Original Audio From 2005, Polydor B0005329-02, Gold CD).wav	NOMAD-0458 - Righteous Brothers - See That Girl.wav
NOMAD-0459	andrewdropboxfull:/Andrew Beveridge/MediaUnsynced/Karaoke/Tracks-Organized/NOMAD-0459 - Blue Eyed Blondes - Maneater/Blue Eyed Blondes - Maneater (YouTube ECeU9Dr14qE).wav	NOMAD-0459 - Blue Eyed Blondes - Maneater.wav
NOMAD-0460	andrewdropboxfull:/Andrew Beveridge/MediaUnsynced/Karaoke/Tracks-Organized/NOMAD-0460 - piri & tommy - on & on/piri & tommy - on & on (YouTube P0_S9JJ16fY).wav	NOMAD-0460 - piri & tommy - on & on.wav
NOMAD-0461	andrewdropboxfull:/Andrew Beveridge/MediaUnsynced/Karaoke/Tracks-Organized/NOMAD-0461 - Sudley ft. piri - fumble/Sudley ft. piri - fumble (YouTube ePaajRhReUc).wav	NOMAD-0461 - Sudley ft. piri - fumble.wav
NOMAD-0462	andrewdropboxfull:/Andrew Beveridge/MediaUnsynced/Karaoke/Tracks-Organized/NOMAD-0462 - A Fine Frenzy - Ashes And Wine/A Fine Frenzy - Ashes And Wine (YouTube b0a8k0BlAOE).wav	NOMAD-0462 - A Fine Frenzy - Ashes And Wine.wav
NOMAD-0463	andrewdropboxfull:/Andrew Beveridge/MediaUnsynced/Karaoke/Tracks-Organized/NOMAD-0463 - A Fine Frenzy - The Minnow & The Trout/A Fine Frenzy - The Minnow & The Trout (YouTube Eq_-mEZGipo).wav	NOMAD-0463 - A Fine Frenzy - The Minnow & The Trout.wav
NOMAD-0464	andrewdropboxfull:/Andrew Beveridge/MediaUnsynced/Karaoke/Tracks-Organized/NOMAD-0464 - Tame Impala - The Boat I Row/Tame Impala - The Boat I Row (Youtube j706aSetFbI).wav	NOMAD-0464 - Tame Impala - The Boat I Row.wav
NOMAD-0465	andrewdropboxfull:/Andrew Beveridge/MediaUnsynced/Karaoke/Tracks-Organized/NOMAD-0465 - Spinal Tap - Rainy Day Sun/Spinal Tap - Rainy Day Sun (Youtube BQfieG8RqHg).wav	NOMAD-0465 - Spinal Tap - Rainy Day Sun.wav
NOMAD-0466	andrewdropboxfull:/Andrew Beveridge/MediaUnsynced/Karaoke/Tracks-Organized/NOMAD-0466 - Röyksopp - Running To The Sea/Röyksopp - Running To The Sea (Youtube eFZ0s-1-ccA).wav	NOMAD-0466 - Röyksopp - Running To The Sea.wav
NOMAD-0467	andrewdropboxfull:/Andrew Beveridge/MediaUnsynced/Karaoke/Tracks-Organized/NOMAD-0467 - Röyksopp - Oh, Lover/Röyksopp - Oh, Lover (Youtube -s_6LjSmZqo).wav	NOMAD-0467 - Röyksopp - Oh, Lover.wav
NOMAD-0468	andrewdropboxfull:/Andrew Beveridge/MediaUnsynced/Karaoke/Tracks-Organized/NOMAD-0468 - Röyksopp - Monument/Röyksopp - Monument (Youtube w64PybOJ8RQ).wav	NOMAD-0468 - Röyksopp - Monument.wav
NOMAD-0469	andrewdropboxfull:/Andrew Beveridge/MediaUnsynced/Karaoke/Tracks-Organized/NOMAD-0469 - Röyksopp - Only This Moment/Röyksopp - Only This Moment (Youtube ze9Oei__Vvg).wav	NOMAD-0469 - Röyksopp - Only This Moment.wav
NOMAD-0470	andrewdropboxfull:/Andrew Beveridge/MediaUnsynced/Karaoke/Tracks-Organized/NOMAD-0470 - Röyksopp - The Girl And The Robot/Röyksopp - The Girl And The Robot (Youtube RDaORdlN_Y0).wav	NOMAD-0470 - Röyksopp - The Girl And The Robot.wav
NOMAD-0471	andrewdropboxfull:/Andrew Beveridge/MediaUnsynced/Karaoke/Tracks-Organized/NOMAD-0471 - Röyksopp - 49 Percent/Röyksopp - 49 Percent (Youtube i0r0Dc7TyV4).wav	NOMAD-0471 - Röyksopp - 49 Percent.wav
NOMAD-0472	andrewdropboxfull:/Andrew Beveridge/MediaUnsynced/Karaoke/Tracks-Organized/NOMAD-0472 - Maisi & piri - head/Maisi & piri - head (Youtube kyESqvnjAdQ).wav	NOMAD-0472 - Maisi & piri - head.wav
NOMAD-0473	andrewdropboxfull:/Andrew Beveridge/MediaUnsynced/Karaoke/Tracks-Organized/NOMAD-0473 - Django Django - Default/Django Django - Default (Youtube kzwlJdEq1Rk).wav	NOMAD-0473 - Django Django - Default.wav
NOMAD-0474	andrewdropboxfull:/Andrew Beveridge/MediaUnsynced/Karaoke/Tracks-Organized/NOMAD-0474 - Django Django - Hail Bop/Django Django - Hail Bop (Youtube QK1m__CqWAk).wav	NOMAD-0474 - Django Django - Hail Bop.wav
NOMAD-0475	andrewdropboxfull:/Andrew Beveridge/MediaUnsynced/Karaoke/Tracks-Organized/NOMAD-0475 - piri & tommy - silver lining/piri & tommy - silver lining (Local).flac	NOMAD-0475 - piri & tommy - silver lining.flac
NOMAD-0476	andrewdropboxfull:/Andrew Beveridge/MediaUnsynced/Karaoke/Tracks-Organized/NOMAD-0476 - Daniel O'Donnell - Galway Bay/Daniel O'Donnell - Galway Bay (Youtube dKzhR3ughTE).wav	NOMAD-0476 - Daniel O'Donnell - Galway Bay.wav
NOMAD-0477	andrewdropboxfull:/Andrew Beveridge/MediaUnsynced/Karaoke/Tracks-Organized/NOMAD-0477 - Daniel O'Donnell - I'll Take You Home Again Kathleen/Daniel O'Donnell - I'll Take You Home Again Kathleen (Youtube iZjGLOUgDlk).wav	NOMAD-0477 - Daniel O'Donnell - I'll Take You Home Again Kathleen.wav
NOMAD-0478	andrewdropboxfull:/Andrew Beveridge/MediaUnsynced/Karaoke/Tracks-Organized/NOMAD-0478 - Daniel O'Donnell - Mountains of Mourne/Daniel O'Donnell - Mountains of Mourne (Youtube wuWUJ41jjAM).wav	NOMAD-0478 - Daniel O'Donnell - Mountains of Mourne.wav
NOMAD-0479	andrewdropboxfull:/Andrew Beveridge/MediaUnsynced/Karaoke/Tracks-Organized/NOMAD-0479 - Daniel O'Donnell - Medley_ It's a Long Way to Tipperary _ Pack up Your Troubles _ If You're Irish, Come into the Parlour/Daniel O'Donnell - Medley_ It's a Long Way to Tipperary _ Pack up Your Troubles _ If You're Irish, Come into the Parlour (Youtube s1sc5CIxgz4).wav	NOMAD-0479 - Daniel O'Donnell - Medley_ It's a Long Way to Tipperary _ Pack up Your Troubles _ If You're Irish, Come into the Parlour.wav
NOMAD-0480	andrewdropboxfull:/Andrew Beveridge/MediaUnsynced/Karaoke/Tracks-Organized/NOMAD-0480 - Jackson Singleton - Disguise/Jackson Singleton - Disguise (Local).wav	NOMAD-0480 - Jackson Singleton - Disguise.wav
NOMAD-0481	andrewdropboxfull:/Andrew Beveridge/MediaUnsynced/Karaoke/Tracks-Organized/NOMAD-0481 - Ken Ashcorp - Dare You To Love Me/Ken Ashcorp - Dare You To Love Me (Youtube -DSH6D7WcY0).wav	NOMAD-0481 - Ken Ashcorp - Dare You To Love Me.wav
NOMAD-0482	andrewdropboxfull:/Andrew Beveridge/MediaUnsynced/Karaoke/Tracks-Organized/NOMAD-0482 - A Fine Frenzy - Borrowed Time/A Fine Frenzy - Borrowed Time (YouTube afROT9qtFXA).wav	NOMAD-0482 - A Fine Frenzy - Borrowed Time.wav
NOMAD-0483	andrewdropboxfull:/Andrew Beveridge/MediaUnsynced/Karaoke/Tracks-Organized/NOMAD-0483 - A Fine Frenzy - Last Of Days/A Fine Frenzy - Last Of Days (YouTube xQ9QOy69-bE).wav	NOMAD-0483 - A Fine Frenzy - Last Of Days.wav
NOMAD-0484	andrewdropboxfull:/Andrew Beveridge/MediaUnsynced/Karaoke/Tracks-Organized/NOMAD-0484 - A Fine Frenzy - Hope For The Hopeless/A Fine Frenzy - Hope For The Hopeless (YouTube qOSUvgNMuWA).wav	NOMAD-0484 - A Fine Frenzy - Hope For The Hopeless.wav
NOMAD-0485	andrewdropboxfull:/Andrew Beveridge/MediaUnsynced/Karaoke/Tracks-Organized/NOMAD-0485 - A Fine Frenzy - Liar, Liar/A Fine Frenzy - Liar, Liar (YouTube Xm0uuout1fk).wav	NOMAD-0485 - A Fine Frenzy - Liar, Liar.wav
NOMAD-0486	andrewdropboxfull:/Andrew Beveridge/MediaUnsynced/Karaoke/Tracks-Organized/NOMAD-0486 - A Fine Frenzy - Lifesize/A Fine Frenzy - Lifesize (YouTube 4HCdrVUVC9A).wav	NOMAD-0486 - A Fine Frenzy - Lifesize.wav
NOMAD-0487	andrewdropboxfull:/Andrew Beveridge/MediaUnsynced/Karaoke/Tracks-Organized/NOMAD-0487 - A Fine Frenzy - Near To You/A Fine Frenzy - Near To You (YouTube aYLCynqAl8U).wav	NOMAD-0487 - A Fine Frenzy - Near To You.wav
NOMAD-0488	andrewdropboxfull:/Andrew Beveridge/MediaUnsynced/Karaoke/Tracks-Organized/NOMAD-0488 - A Fine Frenzy - Think Of You/A Fine Frenzy - Think Of You (YouTube hga-eVWhRfo).wav	NOMAD-0488 - A Fine Frenzy - Think Of You.wav
NOMAD-0489	andrewdropboxfull:/Andrew Beveridge/MediaUnsynced/Karaoke/Tracks-Organized/NOMAD-0489 - A Fine Frenzy - Whisper/A Fine Frenzy - Whisper (YouTube 7FzKMAH4tHw).wav	NOMAD-0489 - A Fine Frenzy - Whisper.wav
NOMAD-0490	andrewdropboxfull:/Andrew Beveridge/MediaUnsynced/Karaoke/Tracks-Organized/NOMAD-0490 - piri & tommy - settle/piri & tommy - settle (Local).flac	NOMAD-0490 - piri & tommy - settle.flac
NOMAD-0491	andrewdropboxfull:/Andrew Beveridge/MediaUnsynced/Karaoke/Tracks-Organized/NOMAD-0491 - piri & tommy - soft spot/piri & tommy - soft spot (Local).flac	NOMAD-0491 - piri & tommy - soft spot.flac
NOMAD-0492	andrewdropboxfull:/Andrew Beveridge/MediaUnsynced/Karaoke/Tracks-Organized/NOMAD-0492 - piri & tommy - sunlight/piri & tommy - sunlight (Local).flac	NOMAD-0492 - piri & tommy - sunlight.flac
NOMAD-0493	andrewdropboxfull:/Andrew Beveridge/MediaUnsynced/Karaoke/Tracks-Organized/NOMAD-0493 - piri & tommy - beachin/piri & tommy - beachin (Local).flac	NOMAD-0493 - piri & tommy - beachin.flac
NOMAD-0494	andrewdropboxfull:/Andrew Beveridge/MediaUnsynced/Karaoke/Tracks-Organized/NOMAD-0494 - piri & tommy - player 2/piri & tommy - player 2 (Local).flac	NOMAD-0494 - piri & tommy - player 2.flac
NOMAD-0495	andrewdropboxfull:/Andrew Beveridge/MediaUnsynced/Karaoke/Tracks-Organized/NOMAD-0495 - piri & tommy - can we/piri & tommy - can we (Local).flac	NOMAD-0495 - piri & tommy - can we.flac
NOMAD-0496	andrewdropboxfull:/Andrew Beveridge/MediaUnsynced/Karaoke/Tracks-Organized/NOMAD-0496 - piri & tommy - easy/piri & tommy - easy (Local).flac	NOMAD-0496 - piri & tommy - easy.flac
NOMAD-0497	andrewdropboxfull:/Andrew Beveridge/MediaUnsynced/Karaoke/Tracks-Organized/NOMAD-0497 - piri & tommy - say it/piri & tommy - say it (Local).flac	NOMAD-0497 - piri & tommy - say it.flac
NOMAD-0498	andrewdropboxfull:/Andrew Beveridge/MediaUnsynced/Karaoke/Tracks-Organized/NOMAD-0498 - piri & tommy - slowly but surely/piri & tommy - slowly but surely (Local).flac	NOMAD-0498 - piri & tommy - slowly but surely.flac
NOMAD-0499	andrewdropboxfull:/Andrew Beveridge/MediaUnsynced/Karaoke/Tracks-Organized/NOMAD-0499 - piri & tommy - words/piri & tommy - words (Local).flac	NOMAD-0499 - piri & tommy - words.flac
NOMAD-0500	andrewdropboxfull:/Andrew Beveridge/MediaUnsynced/Karaoke/Tracks-Organized/NOMAD-0500 - piri & tommy - nice 2 me/piri & tommy - nice 2 me (Youtube lIAA1AGQeOA).wav	NOMAD-0500 - piri & tommy - nice 2 me.wav
NOMAD-0501	andrewdropboxfull:/Andrew Beveridge/MediaUnsynced/Karaoke/Tracks-Organized/NOMAD-0501 - Tony Bennett & k.d.lang - What A Wonderful World/Tony Bennett & k.d.lang - What A Wonderful World (Youtube ot5p0kIn_no).wav	NOMAD-0501 - Tony Bennett & k.d.lang - What A Wonderful World.wav
NOMAD-0502	andrewdropboxfull:/Andrew Beveridge/MediaUnsynced/Karaoke/Tracks-Organized/NOMAD-0502 - Ying Yang Twins - Georgia Dome/Ying Yang Twins - Georgia Dome (Youtube 25_zvHLY5XA).wav	NOMAD-0502 - Ying Yang Twins - Georgia Dome.wav
NOMAD-0503	andrewdropboxfull:/Andrew Beveridge/MediaUnsynced/Karaoke/Tracks-Organized/NOMAD-0503 - Daniel O'Donnell - Medley_ Galway Bay, The Mountains Of Mourne, I'll Take You Home Again Kathleen/Daniel O'Donnell - Medley_ Galway Bay, The Mountains Of Mourne, I'll Take You Home Again Kathleen (Local).wav	NOMAD-0503 - Daniel O'Donnell - Medley_ Galway Bay, The Mountains Of Mourne, I'll Take You Home Again Kathleen.wav
NOMAD-0504	andrewdropboxfull:/Andrew Beveridge/MediaUnsynced/Karaoke/Tracks-Organized/NOMAD-0504 - The Beatles - In My Life/The Beatles - In My Life (Youtube YBcdt6DsLQA).wav	NOMAD-0504 - The Beatles - In My Life.wav
NOMAD-0505	andrewdropboxfull:/Andrew Beveridge/MediaUnsynced/Karaoke/Tracks-Organized/NOMAD-0505 - Truck Stop - Komm her du bist mein Cowboy/Truck Stop - Komm her du bist mein Cowboy (Local).wav	NOMAD-0505 - Truck Stop - Komm her du bist mein Cowboy.wav
NOMAD-0506	andrewdropboxfull:/Andrew Beveridge/MediaUnsynced/Karaoke/Tracks-Organized/NOMAD-0506 - Linda Feller - Du gabst ihr deinen Namen/Linda Feller - Du gabst ihr deinen Namen (Local).wav	NOMAD-0506 - Linda Feller - Du gabst ihr deinen Namen.wav
NOMAD-0507	andrewdropboxfull:/Andrew Beveridge/MediaUnsynced/Karaoke/Tracks-Organized/NOMAD-0507 - Victoria OB - Yeshua/Victoria OB - Yeshua (Local).wav	NOMAD-0507 - Victoria OB - Yeshua.wav
NOMAD-0508	andrewdropboxfull:/Andrew Beveridge/MediaUnsynced/Karaoke/Tracks-Organized/NOMAD-0508 - Matthew Morrison - Somewhere Over the Rainbow/Matthew Morrison - Somewhere Over the Rainbow (Local).flac	NOMAD-0508 - Matthew Morrison - Somewhere Over the Rainbow.flac
NOMAD-0509	andrewdropboxfull:/Andrew Beveridge/MediaUnsynced/Karaoke/Tracks-Organized/NOMAD-0509 - fun. - Benson Hedges/fun. - Benson Hedges (Local).flac	NOMAD-0509 - fun. - Benson Hedges.flac
NOMAD-0510	andrewdropboxfull:/Andrew Beveridge/MediaUnsynced/Karaoke/Tracks-Organized/NOMAD-0510 - fun. - All the Pretty Girls/fun. - All the Pretty Girls (Local).flac	NOMAD-0510 - fun. - All the Pretty Girls.flac
NOMAD-0511	andrewdropboxfull:/Andrew Beveridge/MediaUnsynced/Karaoke/Tracks-Organized/NOMAD-0511 - fun. - At Least I'm Not as Sad (As I Used to Be)/fun. - At Least I'm Not as Sad (As I Used to Be) (Local).flac	NOMAD-0511 - fun. - At Least I'm Not as Sad (As I Used to Be).flac
NOMAD-0512	andrewdropboxfull:/Andrew Beveridge/MediaUnsynced/Karaoke/Tracks-Organized/NOMAD-0512 - fun. - I Wanna Be the One/fun. - I Wanna Be the One (Local).flac	NOMAD-0512 - fun. - I Wanna Be the One.flac
NOMAD-0513	andrewdropboxfull:/Andrew Beveridge/MediaUnsynced/Karaoke/Tracks-Organized/NOMAD-0513 - fun. - Walking the Dog/fun. - Walking the Dog (Local).flac	NOMAD-0513 - fun. - Walking the Dog.flac
NOMAD-0514	andrewdropboxfull:/Andrew Beveridge/MediaUnsynced/Karaoke/Tracks-Organized/NOMAD-0514 - fun. - Light a Roman Candle with Me/fun. - Light a Roman Candle with Me (Local).flac	NOMAD-0514 - fun. - Light a Roman Candle with Me.flac
NOMAD-0515	andrewdropboxfull:/Andrew Beveridge/MediaUnsynced/Karaoke/Tracks-Organized/NOMAD-0515 - fun. - Barlights/fun. - Barlights (Local).flac	NOMAD-0515 - fun. - Barlights.flac
NOMAD-0516	andrewdropboxfull:/Andrew Beveridge/MediaUnsynced/Karaoke/Tracks-Organized/NOMAD-0516 - fun. - Take Your Time (Coming Home)/fun. - Take Your Time (Coming Home) (Local).flac	NOMAD-0516 - fun. - Take Your Time (Coming Home).flac
NOMAD-0517	andrewdropboxfull:/Andrew Beveridge/MediaUnsynced/Karaoke/Tracks-Organized/NOMAD-0517 - Tom Astor - Sturm Und Drang/Tom Astor - Sturm Und Drang (Local).wav	NOMAD-0517 - Tom Astor - Sturm Und Drang.wav
NOMAD-0518	andrewdropboxfull:/Andrew Beveridge/MediaUnsynced/Karaoke/Tracks-Organized/NOMAD-0518 - Titellied der gleichnamigen Fernsehserie 1962 - Bonanza/Titellied der gleichnamigen Fernsehserie 1962 - Bonanza (Local).wav	NOMAD-0518 - Titellied der gleichnamigen Fernsehserie 1962 - Bonanza.wav
NOMAD-0519	andrewdropboxfull:/Andrew Beveridge/MediaUnsynced/Karaoke/Tracks-Organized/NOMAD-0519 - Linda Feller - Billy Bob's Texas/Linda Feller - Billy Bob's Texas (Local).wav	NOMAD-0519 - Linda Feller - Billy Bob's Texas.wav
NOMAD-0520	andrewdropboxfull:/Andrew Beveridge/MediaUnsynced/Karaoke/Tracks-Organized/NOMAD-0520 - ABBA - Dancing Queen/ABBA - Dancing Queen (Local).flac	NOMAD-0520 - ABBA - Dancing Queen.flac
NOMAD-0521	andrewdropboxfull:/Andrew Beveridge/MediaUnsynced/Karaoke/Tracks-Organized/NOMAD-0521 - Ken Ashcorp - Touch Fluffy Tail/Ken Ashcorp - Touch Fluffy Tail (Youtube 4nyHPIcbn88).wav	NOMAD-0521 - Ken Ashcorp - Touch Fluffy Tail.wav
NOMAD-0522	andrewdropboxfull:/Andrew Beveridge/MediaUnsynced/Karaoke/Tracks-Organized/NOMAD-0522 - Mavi Phoenix - Pretty Life (Whsprs Cover)/Mavi Phoenix - Pretty Life (Whsprs Cover) (Youtube zggOH59I5w0).wav	NOMAD-0522 - Mavi Phoenix - Pretty Life (Whsprs Cover).wav
NOMAD-0523	andrewdropboxfull:/Andrew Beveridge/MediaUnsynced/Karaoke/Tracks-Organized/NOMAD-0523 - Jimi Hendrix - Remember/Jimi Hendrix - Remember (Local).flac	NOMAD-0523 - Jimi Hendrix - Remember.flac
NOMAD-0524	andrewdropboxfull:/Andrew Beveridge/MediaUnsynced/Karaoke/Tracks-Organized/NOMAD-0524 - Smash Mouth - All Star/Smash Mouth - All Star (Local).flac	NOMAD-0524 - Smash Mouth - All Star.flac
NOMAD-0525	andrewdropboxfull:/Andrew Beveridge/MediaUnsynced/Karaoke/Tracks-Organized/NOMAD-0525 - Smash Mouth - All Star (with Shrek)/Smash Mouth - All Star (with Shrek) (Local).flac	NOMAD-0525 - Smash Mouth - All Star (with Shrek).flac
NOMAD-0526	andrewdropboxfull:/Andrew Beveridge/MediaUnsynced/Karaoke/Tracks-Organized/NOMAD-0526 - The Silent Comedy - Enemies Multiply/The Silent Comedy - Enemies Multiply (Youtube WcCuyjsVTPI).wav	NOMAD-0526 - The Silent Comedy - Enemies Multiply.wav
NOMAD-0527	andrewdropboxfull:/Andrew Beveridge/MediaUnsynced/Karaoke/Tracks-Organized/NOMAD-0527 - ABBA - Ring Ring/ABBA - Ring Ring (Local).flac	NOMAD-0527 - ABBA - Ring Ring.flac
NOMAD-0528	andrewdropboxfull:/Andrew Beveridge/MediaUnsynced/Karaoke/Tracks-Organized/NOMAD-0528 - ABBA - Another Town, Another Train/ABBA - Another Town, Another Train (Local).flac	NOMAD-0528 - ABBA - Another Town, Another Train.flac
NOMAD-0529	andrewdropboxfull:/Andrew Beveridge/MediaUnsynced/Karaoke/Tracks-Organized/NOMAD-0529 - ABBA - Disillusion/ABBA - Disillusion (Local).flac	NOMAD-0529 - ABBA - Disillusion.flac
NOMAD-0530	andrewdropboxfull:/Andrew Beveridge/MediaUnsynced/Karaoke/Tracks-Organized/NOMAD-0530 - ABBA - People Need Love/ABBA - People Need Love (Local).flac	NOMAD-0530 - ABBA - People Need Love.flac
NOMAD-0531	andrewdropboxfull:/Andrew Beveridge/MediaUnsynced/Karaoke/Tracks-Organized/NOMAD-0531 - Frank Sinatra - New York, New York/Frank Sinatra - New York, New York (Local).flac	NOMAD-0531 - Frank Sinatra - New York, New York.flac
NOMAD-0533	andrewdropboxfull:/Andrew Beveridge/MediaUnsynced/Karaoke/Tracks-Organized/NOMAD-0533 - ABBA - I Saw It In The Mirror/ABBA - I Saw It In The Mirror (Local).flac	NOMAD-0533 - ABBA - I Saw It In The Mirror.flac
NOMAD-0534	andrewdropboxfull:/Andrew Beveridge/MediaUnsynced/Karaoke/Tracks-Organized/NOMAD-0534 - ABBA - Nina, Pretty Ballerina/ABBA - Nina, Pretty Ballerina (Local).flac	NOMAD-0534 - ABBA - Nina, Pretty Ballerina.flac
NOMAD-0535	andrewdropboxfull:/Andrew Beveridge/MediaUnsynced/Karaoke/Tracks-Organized/NOMAD-0535 - ABBA - Love Isn’t Easy (But It Sure Is Hard Enough)/ABBA - Love Isn’t Easy (But It Sure Is Hard Enough) (Local).flac	NOMAD-0535 - ABBA - Love Isn’t Easy (But It Sure Is Hard Enough).flac
NOMAD-0536	andrewdropboxfull:/Andrew Beveridge/MediaUnsynced/Karaoke/Tracks-Organized/NOMAD-0536 - ABBA - Me And Bobby And Bobby’s Brother/ABBA - Me And Bobby And Bobby’s Brother (Local).flac	NOMAD-0536 - ABBA - Me And Bobby And Bobby’s Brother.flac
NOMAD-0537	andrewdropboxfull:/Andrew Beveridge/MediaUnsynced/Karaoke/Tracks-Organized/NOMAD-0537 - ABBA - He Is Your Brother/ABBA - He Is Your Brother (Local).flac	NOMAD-0537 - ABBA - He Is Your Brother.flac
NOMAD-0538	andrewdropboxfull:/Andrew Beveridge/MediaUnsynced/Karaoke/Tracks-Organized/NOMAD-0538 - ABBA - She’s My Kind Of Girl/ABBA - She’s My Kind Of Girl (Local).flac	NOMAD-0538 - ABBA - She’s My Kind Of Girl.flac
NOMAD-0539	andrewdropboxfull:/Andrew Beveridge/MediaUnsynced/Karaoke/Tracks-Organized/NOMAD-0539 - ABBA - I Am Just A Girl/ABBA - I Am Just A Girl (Local).flac	NOMAD-0539 - ABBA - I Am Just A Girl.flac
NOMAD-0540	andrewdropboxfull:/Andrew Beveridge/MediaUnsynced/Karaoke/Tracks-Organized/NOMAD-0540 - ABBA - Rock ’N Roll Band/ABBA - Rock ’N Roll Band (Local).flac	NOMAD-0540 - ABBA - Rock ’N Roll Band.flac
NOMAD-0541	andrewdropboxfull:/Andrew Beveridge/MediaUnsynced/Karaoke/Tracks-Organized/NOMAD-0541 - ABBA - Ring Ring (Bara Du Slog En Signal) (Swedish Version)/ABBA - Ring Ring (Bara Du Slog En Signal) (Swedish Version) (Local).flac	NOMAD-0541 - ABBA - Ring Ring (Bara Du Slog En Signal) (Swedish Version).flac
NOMAD-0542	andrewdropboxfull:/Andrew Beveridge/MediaUnsynced/Karaoke/Tracks-Organized/NOMAD-0542 - ABBA - Åh, Vilka Tider/ABBA - Åh, Vilka Tider (Local).flac	NOMAD-0542 - ABBA - Åh, Vilka Tider.flac
NOMAD-0543	andrewdropboxfull:/Andrew Beveridge/MediaUnsynced/Karaoke/Tracks-Organized/NOMAD-0543 - ABBA - Merry‐Go‐Round/ABBA - Merry‐Go‐Round (Local).flac	NOMAD-0543 - ABBA - Merry‐Go‐Round.flac
NOMAD-0544	andrewdropboxfull:/Andrew Beveridge/MediaUnsynced/Karaoke/Tracks-Organized/NOMAD-0544 - ABBA - Santa Rosa/ABBA - Santa Rosa (Local).flac	NOMAD-0544 - ABBA - Santa Rosa.flac
NOMAD-0545	andrewdropboxfull:/Andrew Beveridge/MediaUnsynced/Karaoke/Tracks-Organized/NOMAD-0545 - ABBA - Ring Ring (Spanish Version)/ABBA - Ring Ring (Spanish Version) (Local).flac	NOMAD-0545 - ABBA - Ring Ring (Spanish Version).flac
NOMAD-0546	andrewdropboxfull:/Andrew Beveridge/MediaUnsynced/Karaoke/Tracks-Organized/NOMAD-0546 - ABBA - Wer Im Wartesaal Der Liebe Steht/ABBA - Wer Im Wartesaal Der Liebe Steht (Local).flac	NOMAD-0546 - ABBA - Wer Im Wartesaal Der Liebe Steht.flac
NOMAD-0547	andrewdropboxfull:/Andrew Beveridge/MediaUnsynced/Karaoke/Tracks-Organized/NOMAD-0547 - ABBA - Ring Ring (German Version)/ABBA - Ring Ring (German Version) (Local).flac	NOMAD-0547 - ABBA - Ring Ring (German Version).flac
NOMAD-0548	andrewdropboxfull:/Andrew Beveridge/MediaUnsynced/Karaoke/Tracks-Organized/NOMAD-0548 - Fleet Foxes - Montezuma/Fleet Foxes - Montezuma (Local).flac	NOMAD-0548 - Fleet Foxes - Montezuma.flac
NOMAD-0549	andrewdropboxfull:/Andrew Beveridge/MediaUnsynced/Karaoke/Tracks-Organized/NOMAD-0549 - Harald Juhnke - Berlin, Berlin/Harald Juhnke - Berlin, Berlin (Youtube Kcne_uio2_U).wav	NOMAD-0549 - Harald Juhnke - Berlin, Berlin.wav
NOMAD-0550	andrewdropboxfull:/Andrew Beveridge/MediaUnsynced/Karaoke/Tracks-Organized/NOMAD-0550 - Shoshana Bean - Strange Thunder/Shoshana Bean - Strange Thunder (Local).flac	NOMAD-0550 - Shoshana Bean - Strange Thunder.flac
NOMAD-0551	andrewdropboxfull:/Andrew Beveridge/MediaUnsynced/Karaoke/Tracks-Organized/NOMAD-0551 - Michael Callen - Crazy World/Michael Callen - Crazy World (Local).wav	NOMAD-0551 - Michael Callen - Crazy World.wav
NOMAD-0552	andrewdropboxfull:/Andrew Beveridge/MediaUnsynced/Karaoke/Tracks-Organized/NOMAD-0552 - Michael Callen - Wish I Had A Dime/Michael Callen - Wish I Had A Dime (Local).wav	NOMAD-0552 - Michael Callen - Wish I Had A Dime.wav
NOMAD-0553	andrewdropboxfull:/Andrew Beveridge/MediaUnsynced/Karaoke/Tracks-Organized/NOMAD-0553 - The Blasters - One Bad Stud/The Blasters - One Bad Stud (Local).flac	NOMAD-0553 - The Blasters - One Bad Stud.flac
NOMAD-0554	andrewdropboxfull:/Andrew Beveridge/MediaUnsynced/Karaoke/Tracks-Organized/NOMAD-0554 - Michael Callen - The Healing Power Of Love/Michael Callen - The Healing Power Of Love (Local).wav	NOMAD-0554 - Michael Callen - The Healing Power Of Love.wav
NOMAD-0555	andrewdropboxfull:/Andrew Beveridge/MediaUnsynced/Karaoke/Tracks-Organized/NOMAD-0555 - Meat Loaf - Braver Than We Are/Meat Loaf - Braver Than We Are (Local).wav	NOMAD-0555 - Meat Loaf - Braver Than We Are.wav
NOMAD-0556	andrewdropboxfull:/Andrew Beveridge/MediaUnsynced/Karaoke/Tracks-Organized/NOMAD-0556 - Harald Juhnke - Berlin, Berlin (Lisa, Milan)/Harald Juhnke - Berlin, Berlin (Youtube Kcne_uio2_U).wav	NOMAD-0556 - Harald Juhnke - Berlin, Berlin (Lisa, Milan).wav
NOMAD-0557	andrewdropboxfull:/Andrew Beveridge/MediaUnsynced/Karaoke/Tracks-Organized/NOMAD-0557 - Friday - The Ballad Of Skinny Linguine/Friday - The Ballad Of Skinny Linguine (Local).wav	NOMAD-0557 - Friday - The Ballad Of Skinny Linguine.wav
NOMAD-0558	andrewdropboxfull:/Andrew Beveridge/MediaUnsynced/Karaoke/Tracks-Organized/NOMAD-0558 - Emery - The Ponytail Parades/Emery - The Ponytail Parades (Youtube i4TQyio791k).wav	NOMAD-0558 - Emery - The Ponytail Parades.wav
NOMAD-0559	andrewdropboxfull:/Andrew Beveridge/MediaUnsynced/Karaoke/Tracks-Organized/NOMAD-0559 - Black Sabbath - Buried Alive/Black Sabbath - Buried Alive (Youtube nk5a4r9neAk).wav	NOMAD-0559 - Black Sabbath - Buried Alive.wav
NOMAD-0560	andrewdropboxfull:/Andrew Beveridge/MediaUnsynced/Karaoke/Tracks-Organized/NOMAD-0560 - Aloha from space - Storm Troopin'/Aloha from space - Storm Troopin' (Local).wav	NOMAD-0560 - Aloha from space - Storm Troopin'.wav
NOMAD-0561	andrewdropboxfull:/Andrew Beveridge/MediaUnsynced/Karaoke/Tracks-Organized/NOMAD-0561 - NerdOut - Bounty/NerdOut - Bounty (Local).wav	NOMAD-0561 - NerdOut - Bounty.wav
NOMAD-0562	andrewdropboxfull:/Andrew Beveridge/MediaUnsynced/Karaoke/Tracks-Organized/NOMAD-0562 - Charles Strouse and Lee Adams - Han's Your Man/Charles Strouse and Lee Adams - Han's Your Man (Local).wav	NOMAD-0562 - Charles Strouse and Lee Adams - Han's Your Man.wav
NOMAD-0563	andrewdropboxfull:/Andrew Beveridge/MediaUnsynced/Karaoke/Tracks-Organized/NOMAD-0563 - Juliane Werding - Man muß Das Leben Eben Nehmen, Wie Das Leben Eben Ist/Juliane Werding - Man muß Das Leben Eben Nehmen, Wie Das Leben Eben Ist (Local).flac	NOMAD-0563 - Juliane Werding - Man muß Das Leben Eben Nehmen, Wie Das Leben Eben Ist.flac
NOMAD-0564	andrewdropboxfull:/Andrew Beveridge/MediaUnsynced/Karaoke/Tracks-Organized/NOMAD-0564 - Aurelio Voltaire - Butterfly/Aurelio Voltaire - Butterfly (Local).flac	NOMAD-0564 - Aurelio Voltaire - Butterfly.flac
NOMAD-0565	andrewdropboxfull:/Andrew Beveridge/MediaUnsynced/Karaoke/Tracks-Organized/NOMAD-0565 - Blind Guardian - Violent Shadows/Blind Guardian - Violent Shadows (Local).flac	NOMAD-0565 - Blind Guardian - Violent Shadows.flac
NOMAD-0566	andrewdropboxfull:/Andrew Beveridge/MediaUnsynced/Karaoke/Tracks-Organized/NOMAD-0566 - Jonny Hill & Linda Feller - Zusammenstehn (Duet)/Jonny Hill & Linda Feller - Zusammenstehn (Duet) (Local).wav	NOMAD-0566 - Jonny Hill & Linda Feller - Zusammenstehn (Duet).wav
NOMAD-0567	andrewdropboxfull:/Andrew Beveridge/MediaUnsynced/Karaoke/Tracks-Organized/NOMAD-0567 - Tori Amos - Big Wheel/Tori Amos - Big Wheel (Local).flac	NOMAD-0567 - Tori Amos - Big Wheel.flac
NOMAD-0568	andrewdropboxfull:/Andrew Beveridge/MediaUnsynced/Karaoke/Tracks-Organized/NOMAD-0568 - Chairlift - Bruises/Chairlift - Bruises (Local).flac	NOMAD-0568 - Chairlift - Bruises.flac
NOMAD-0569	andrewdropboxfull:/Andrew Beveridge/MediaUnsynced/Karaoke/Tracks-Organized/NOMAD-0569 - Jonny Hill & Linda Feller - London/Jonny Hill & Linda Feller - London (Local).wav	NOMAD-0569 - Jonny Hill & Linda Feller - London.wav
NOMAD-0570	andrewdropboxfull:/Andrew Beveridge/MediaUnsynced/Karaoke/Tracks-Organized/NOMAD-0570 - Life Languages - The Mover Song/Life Languages - The Mover Song (Local).wav	NOMAD-0570 - Life Languages - The Mover Song.wav
NOMAD-0571	andrewdropboxfull:/Andrew Beveridge/MediaUnsynced/Karaoke/Tracks-Organized/NOMAD-0571 - Life Languages - The Responder Song/Life Languages - The Responder Song (Local).wav	NOMAD-0571 - Life Languages - The Responder Song.wav
NOMAD-0572	andrewdropboxfull:/Andrew Beveridge/MediaUnsynced/Karaoke/Tracks-Organized/NOMAD-0572 - Life Languages - The Contemplator Song/Life Languages - The Contemplator Song (Local).wav	NOMAD-0572 - Life Languages - The Contemplator Song.wav
NOMAD-0573	andrewdropboxfull:/Andrew Beveridge/MediaUnsynced/Karaoke/Tracks-Organized/NOMAD-0573 - Life Languages - The Doer Song/Life Languages - The Doer Song (Local).wav	NOMAD-0573 - Life Languages - The Doer Song.wav
NOMAD-0574	andrewdropboxfull:/Andrew Beveridge/MediaUnsynced/Karaoke/Tracks-Organized/NOMAD-0574 - Life Languages - The Shaper Song/Life Languages - The Shaper Song (Local).wav	NOMAD-0574 - Life Languages - The Shaper Song.wav
NOMAD-0575	andrewdropboxfull:/Andrew Beveridge/MediaUnsynced/Karaoke/Tracks-Organized/NOMAD-0575 - Life Languages - The Influencer Song/Life Languages - The Influencer Song (Local).wav	NOMAD-0575 - Life Languages - The Influencer Song.wav
NOMAD-0576	andrewdropboxfull:/Andrew Beveridge/MediaUnsynced/Karaoke/Tracks-Organized/NOMAD-0576 - Life Languages - The Producer Song/Life Languages - The Producer Song (Local).wav	NOMAD-0576 - Life Languages - The Producer Song.wav
NOMAD-0577	andrewdropboxfull:/Andrew Beveridge/MediaUnsynced/Karaoke/Tracks-Organized/NOMAD-0577 - The Amazing Devil - That Unwanted Animal/The Amazing Devil - That Unwanted Animal (Local).flac	NOMAD-0577 - The Amazing Devil - That Unwanted Animal.flac
NOMAD-0578	andrewdropboxfull:/Andrew Beveridge/MediaUnsynced/Karaoke/Tracks-Organized/NOMAD-0578 - Bobby Capo - Locamente Enamorado/Bobby Capo - Locamente Enamorado (Youtube 6FJVuoy_yzs).wav	NOMAD-0578 - Bobby Capo - Locamente Enamorado.wav
NOMAD-0579	andrewdropboxfull:/Andrew Beveridge/MediaUnsynced/Karaoke/Tracks-Organized/NOMAD-0579 - Dagmar - Lass mich damit bloß in Ruhe/Dagmar - Lass mich damit bloß in Ruhe (Local).wav	NOMAD-0579 - Dagmar - Lass mich damit bloß in Ruhe.wav
NOMAD-0580	andrewdropboxfull:/Andrew Beveridge/MediaUnsynced/Karaoke/Tracks-Organized/NOMAD-0580 - Los Campesinos! - You! Me! Dancing! (Daytrotter Session)/first attempt with audio from YouTube/Los Campesinos! - You! Me! Dancing! (Daytrotter Session) (Youtube 1yFfyd9JWV0).wav	NOMAD-0580 - Los Campesinos! - You! Me! Dancing! (Daytrotter Session).wav
NOMAD-0581	andrewdropboxfull:/Andrew Beveridge/MediaUnsynced/Karaoke/Tracks-Organized/NOMAD-0581 - Joe P - Leaves/Joe P - Leaves (Local).flac	NOMAD-0581 - Joe P - Leaves.flac
NOMAD-0582	andrewdropboxfull:/Andrew Beveridge/MediaUnsynced/Karaoke/Tracks-Organized/NOMAD-0582 - ABBA - Waterloo/ABBA - Waterloo (Local).flac	NOMAD-0582 - ABBA - Waterloo.flac
NOMAD-0583	andrewdropboxfull:/Andrew Beveridge/MediaUnsynced/Karaoke/Tracks-Organized/NOMAD-0583 - ABBA - Sitting In The Palmtree/ABBA - Sitting In The Palmtree (Local).flac	NOMAD-0583 - ABBA - Sitting In The Palmtree.flac
NOMAD-0584	andrewdropboxfull:/Andrew Beveridge/MediaUnsynced/Karaoke/Tracks-Organized/NOMAD-0584 - ABBA - King Kong Song/ABBA - King Kong Song (Local).flac	NOMAD-0584 - ABBA - King Kong Song.flac
NOMAD-0585	andrewdropboxfull:/Andrew Beveridge/MediaUnsynced/Karaoke/Tracks-Organized/NOMAD-0585 - ABBA - Hasta Mañana/ABBA - Hasta Mañana (Local).flac	NOMAD-0585 - ABBA - Hasta Mañana.flac
NOMAD-0586	andrewdropboxfull:/Andrew Beveridge/MediaUnsynced/Karaoke/Tracks-Organized/NOMAD-0586 - ABBA - My Mama Said/ABBA - My Mama Said (Local).flac	NOMAD-0586 - ABBA - My Mama Said.flac
NOMAD-0587	andrewdropboxfull:/Andrew Beveridge/MediaUnsynced/Karaoke/Tracks-Organized/NOMAD-0587 - ABBA - Dance (While The Music Still Goes On)/ABBA - Dance (While The Music Still Goes On) (Local).flac	NOMAD-0587 - ABBA - Dance (While The Music Still Goes On).flac
NOMAD-0588	andrewdropboxfull:/Andrew Beveridge/MediaUnsynced/Karaoke/Tracks-Organized/NOMAD-0588 - ABBA - Honey, Honey/ABBA - Honey, Honey (Local).flac	NOMAD-0588 - ABBA - Honey, Honey.flac
NOMAD-0589	andrewdropboxfull:/Andrew Beveridge/MediaUnsynced/Karaoke/Tracks-Organized/NOMAD-0589 - Thomas Borchert - I Know Those Eyes _ This Man Is Dead (Duet)/Thomas Borchert - I Know Those Eyes _ This Man Is Dead (Duet) (Youtube SUN7xeztdD0).wav	NOMAD-0589 - Thomas Borchert - I Know Those Eyes _ This Man Is Dead (Duet).wav
NOMAD-0591	andrewdropboxfull:/Andrew Beveridge/MediaUnsynced/Karaoke/Tracks-Organized/NOMAD-0591 - SHE WANTS REVENGE - Rachael/SHE WANTS REVENGE - Rachael (Local).flac	NOMAD-0591 - SHE WANTS REVENGE - Rachael.flac
NOMAD-0592	andrewdropboxfull:/Andrew Beveridge/MediaUnsynced/Karaoke/Tracks-Organized/NOMAD-0592 - Matt Redmond - Unbroken Praise/Matt Redmond - Unbroken Praise (Youtube hpvJDyLI07M).wav	NOMAD-0592 - Matt Redmond - Unbroken Praise.wav
NOMAD-0593	andrewdropboxfull:/Andrew Beveridge/MediaUnsynced/Karaoke/Tracks-Organized/NOMAD-0593 - Ian McConnell - Level 429/Ian McConnell - Level 429 (Youtube qlg-T0VZbDM).wav	NOMAD-0593 - Ian McConnell - Level 429.wav
NOMAD-0594	andrewdropboxfull:/Andrew Beveridge/MediaUnsynced/Karaoke/Tracks-Organized/NOMAD-0594 - ABBA - Watch Out/ABBA - Watch Out (Local).flac	NOMAD-0594 - ABBA - Watch Out.flac
NOMAD-0595	andrewdropboxfull:/Andrew Beveridge/MediaUnsynced/Karaoke/Tracks-Organized/NOMAD-0595 - ABBA - What About Livingstone/ABBA - What About Livingstone (Local).flac	NOMAD-0595 - ABBA - What About Livingstone.flac
NOMAD-0596	andrewdropboxfull:/Andrew Beveridge/MediaUnsynced/Karaoke/Tracks-Organized/NOMAD-0596 - Ten Years After - Outside My Window/Ten Years After - Outside My Window (Local).flac	NOMAD-0596 - Ten Years After - Outside My Window.flac
NOMAD-0597	andrewdropboxfull:/Andrew Beveridge/MediaUnsynced/Karaoke/Tracks-Organized/NOMAD-0597 - ABBA - Gonna Sing You My Lovesong/ABBA - Gonna Sing You My Lovesong (Local).flac	NOMAD-0597 - ABBA - Gonna Sing You My Lovesong.flac
NOMAD-0598	andrewdropboxfull:/Andrew Beveridge/MediaUnsynced/Karaoke/Tracks-Organized/NOMAD-0598 - ABBA - Suzy-Hang-Around/ABBA - Suzy-Hang-Around (Local).flac	NOMAD-0598 - ABBA - Suzy-Hang-Around.flac
NOMAD-0599	andrewdropboxfull:/Andrew Beveridge/MediaUnsynced/Karaoke/Tracks-Organized/NOMAD-0599 - ABBA - Waterloo (Swedish Version)/ABBA - Waterloo (Swedish Version) (Local).flac	NOMAD-0599 - ABBA - Waterloo (Swedish Version).flac
NOMAD-0600	andrewdropboxfull:/Andrew Beveridge/MediaUnsynced/Karaoke/Tracks-Organized/NOMAD-0600 - ABBA - Honey, Honey (Swedish Version)/ABBA - Honey, Honey (Swedish Version) (Local).flac	NOMAD-0600 - ABBA - Honey, Honey (Swedish Version).flac
NOMAD-0601	andrewdropboxfull:/Andrew Beveridge/MediaUnsynced/Karaoke/Tracks-Organized/NOMAD-0601 - ABBA - Waterloo (German Version)/ABBA - Waterloo (German Version) (Local).flac	NOMAD-0601 - ABBA - Waterloo (German Version).flac
NOMAD-0602	andrewdropboxfull:/Andrew Beveridge/MediaUnsynced/Karaoke/Tracks-Organized/NOMAD-0602 - ABBA - Hasta Mañana (Spanish Version)/ABBA - Hasta Mañana (Spanish Version) (Local).flac	NOMAD-0602 - ABBA - Hasta Mañana (Spanish Version).flac
NOMAD-0603	andrewdropboxfull:/Andrew Beveridge/MediaUnsynced/Karaoke/Tracks-Organized/NOMAD-0603 - ABBA - Waterloo (French Version)/ABBA - Waterloo (French Version) (Local).flac	NOMAD-0603 - ABBA - Waterloo (French Version).flac
NOMAD-0604	andrewdropboxfull:/Andrew Beveridge/MediaUnsynced/Karaoke/Tracks-Organized/NOMAD-0604 - ABBA - Mamma Mia/ABBA - Mamma Mia (Local).flac	NOMAD-0604 - ABBA - Mamma Mia.flac
NOMAD-0605	andrewdropboxfull:/Andrew Beveridge/MediaUnsynced/Karaoke/Tracks-Organized/NOMAD-0605 - ABBA - Hey, Hey Helen/ABBA - Hey, Hey Helen (Local).flac	NOMAD-0605 - ABBA - Hey, Hey Helen.flac
NOMAD-0606	andrewdropboxfull:/Andrew Beveridge/MediaUnsynced/Karaoke/Tracks-Organized/NOMAD-0606 - ABBA - Tropical Loveland/ABBA - Tropical Loveland (Local).flac	NOMAD-0606 - ABBA - Tropical Loveland.flac
NOMAD-0607	andrewdropboxfull:/Andrew Beveridge/MediaUnsynced/Karaoke/Tracks-Organized/NOMAD-0607 - ABBA - S.O.S./ABBA - S.O.S. (Local).flac	NOMAD-0607 - ABBA - S.O.S.flac
NOMAD-0608	andrewdropboxfull:/Andrew Beveridge/MediaUnsynced/Karaoke/Tracks-Organized/NOMAD-0608 - ABBA - Man In The Middle/ABBA - Man In The Middle (Local).flac	NOMAD-0608 - ABBA - Man In The Middle.flac
NOMAD-0609	andrewdropboxfull:/Andrew Beveridge/MediaUnsynced/Karaoke/Tracks-Organized/NOMAD-0609 - ABBA - Bang-A-Boomerang/ABBA - Bang-A-Boomerang (Local).flac	NOMAD-0609 - ABBA - Bang-A-Boomerang.flac
NOMAD-0610	andrewdropboxfull:/Andrew Beveridge/MediaUnsynced/Karaoke/Tracks-Organized/NOMAD-0610 - ABBA - I Do, I Do, I Do, I Do, I Do/ABBA - I Do, I Do, I Do, I Do, I Do (Local).flac	NOMAD-0610 - ABBA - I Do, I Do, I Do, I Do, I Do.flac
NOMAD-0611	andrewdropboxfull:/Andrew Beveridge/MediaUnsynced/Karaoke/Tracks-Organized/NOMAD-0611 - ABBA - Rock Me/ABBA - Rock Me (Local).flac	NOMAD-0611 - ABBA - Rock Me.flac
NOMAD-0612	andrewdropboxfull:/Andrew Beveridge/MediaUnsynced/Karaoke/Tracks-Organized/NOMAD-0612 - ABBA - I’ve Been Waiting For You/ABBA - I’ve Been Waiting For You (Local).flac	NOMAD-0612 - ABBA - I’ve Been Waiting For You.flac
NOMAD-0613	andrewdropboxfull:/Andrew Beveridge/MediaUnsynced/Karaoke/Tracks-Organized/NOMAD-0613 - ABBA - So Long/ABBA - So Long (Local).flac	NOMAD-0613 - ABBA - So Long.flac
NOMAD-0614	andrewdropboxfull:/Andrew Beveridge/MediaUnsynced/Karaoke/Tracks-Organized/NOMAD-0614 - ABBA - Crazy World/ABBA - Crazy World (Local).flac	NOMAD-0614 - ABBA - Crazy World.flac
NOMAD-0615	andrewdropboxfull:/Andrew Beveridge/MediaUnsynced/Karaoke/Tracks-Organized/NOMAD-0615 - ABBA - Medley (1978 Mix)/ABBA - Medley (1978 Mix) (Local).flac	NOMAD-0615 - ABBA - Medley (1978 Mix).flac
NOMAD-0616	andrewdropboxfull:/Andrew Beveridge/MediaUnsynced/Karaoke/Tracks-Organized/NOMAD-0616 - ABBA - Mamma Mia (Spanish Version)/ABBA - Mamma Mia (Spanish Version) (Local).flac	NOMAD-0616 - ABBA - Mamma Mia (Spanish Version).flac
NOMAD-0617	andrewdropboxfull:/Andrew Beveridge/MediaUnsynced/Karaoke/Tracks-Organized/NOMAD-0617 - Marina and The Diamonds - Froot/Marina and The Diamonds - Froot (Local).flac	NOMAD-0617 - Marina and The Diamonds - Froot.flac
NOMAD-0618	andrewdropboxfull:/Andrew Beveridge/MediaUnsynced/Karaoke/Tracks-Organized/NOMAD-0618 - Maxton Waller - On My Way (Marching Band)/Maxton Waller - On My Way (Marching Band) (Youtube FiTiQ0nQKj0).wav	NOMAD-0618 - Maxton Waller - On My Way (Marching Band).wav
NOMAD-0619	andrewdropboxfull:/Andrew Beveridge/MediaUnsynced/Karaoke/Tracks-Organized/NOMAD-0619 - 100 gecs - mememe/100 gecs - mememe (Local).flac	NOMAD-0619 - 100 gecs - mememe.flac
NOMAD-0620	andrewdropboxfull:/Andrew Beveridge/MediaUnsynced/Karaoke/Tracks-Organized/NOMAD-0620 - Stuck Out Here - Embarrass You/Stuck Out Here - Embarrass You (Youtube DnTYiHXpGC4).wav	NOMAD-0620 - Stuck Out Here - Embarrass You.wav
NOMAD-0621	andrewdropboxfull:/Andrew Beveridge/MediaUnsynced/Karaoke/Tracks-Organized/NOMAD-0621 - DCSane - Heart's Whiskey/DCSane - Heart's Whiskey (Youtube T3vDNqPJf7I).wav	NOMAD-0621 - DCSane - Heart's Whiskey.wav
NOMAD-0622	andrewdropboxfull:/Andrew Beveridge/MediaUnsynced/Karaoke/Tracks-Organized/NOMAD-0622 - Release - Devil's Handshake/Release - Devil's Handshake (Youtube CEX7MmpYpF8).wav	NOMAD-0622 - Release - Devil's Handshake.wav
NOMAD-0623	andrewdropboxfull:/Andrew Beveridge/MediaUnsynced/Karaoke/Tracks-Organized/NOMAD-0623 - Kelly Clarkson - Since U Been Gone (Pitch -3_ E major)/Kelly Clarkson - Since U Been Gone (Pitch -3_ E major) (Local).wav	NOMAD-0623 - Kelly Clarkson - Since U Been Gone (Pitch -3_ E major).wav
NOMAD-0624	andrewdropboxfull:/Andrew Beveridge/MediaUnsynced/Karaoke/Tracks-Organized/NOMAD-0624 - Justin Townes Earle - Rogers Park/Justin Townes Earle - Rogers Park (Local).flac	NOMAD-0624 - Justin Townes Earle - Rogers Park.flac
NOMAD-0625	andrewdropboxfull:/Andrew Beveridge/MediaUnsynced/Karaoke/Tracks-Organized/NOMAD-0625 - Armin van Buuren ft. Teddy Swims - Easy To Love/Armin van Buuren ft. Teddy Swims - Easy To Love (Local).flac	NOMAD-0625 - Armin van Buuren ft. Teddy Swims - Easy To Love.flac
NOMAD-0626	andrewdropboxfull:/Andrew Beveridge/MediaUnsynced/Karaoke/Tracks-Organized/NOMAD-0626 - Willie Nelson - One More Song to Write/Willie Nelson - One More Song to Write (Local).flac	NOMAD-0626 - Willie Nelson - One More Song to Write.flac
NOMAD-0627	andrewdropboxfull:/Andrew Beveridge/MediaUnsynced/Karaoke/Tracks-Organized/NOMAD-0627 - Will Varley - Seize The Night/Will Varley - Seize The Night (Local).flac	NOMAD-0627 - Will Varley - Seize The Night.flac
NOMAD-0628	andrewdropboxfull:/Andrew Beveridge/MediaUnsynced/Karaoke/Tracks-Organized/NOMAD-0628 - Passenger - However It Comes, Wherever It Goes/Passenger - However It Comes, Wherever It Goes (Local).flac	NOMAD-0628 - Passenger - However It Comes, Wherever It Goes.flac
NOMAD-0629	andrewdropboxfull:/Andrew Beveridge/MediaUnsynced/Karaoke/Tracks-Organized/NOMAD-0629 - Ricky Braddy - Anyone (Acoustic Cover of Demi Lovato)/Ricky Braddy - Anyone (Acoustic Cover of Demi Lovato) (Youtube XHYxo4eJlso).wav	NOMAD-0629 - Ricky Braddy - Anyone (Acoustic Cover of Demi Lovato).wav
NOMAD-0630	andrewdropboxfull:/Andrew Beveridge/MediaUnsynced/Karaoke/Tracks-Organized/NOMAD-0630 - Bryan Adams - Help Me Make It Through The Night/Bryan Adams - Help Me Make It Through The Night (Local).flac	NOMAD-0630 - Bryan Adams - Help Me Make It Through The Night.flac
NOMAD-0631	andrewdropboxfull:/Andrew Beveridge/MediaUnsynced/Karaoke/Tracks-Organized/NOMAD-0631 - Ivan Rivers - Mid-Riff/Ivan Rivers - Mid-Riff (Youtube mBsG_L11m2E).wav	NOMAD-0631 - Ivan Rivers - Mid-Riff.wav
NOMAD-0632	andrewdropboxfull:/Andrew Beveridge/MediaUnsynced/Karaoke/Tracks-Organized/NOMAD-0632 - Kane Brown - American Bad Dream/Kane Brown - American Bad Dream (Local).flac	NOMAD-0632 - Kane Brown - American Bad Dream.flac
NOMAD-0633	andrewdropboxfull:/Andrew Beveridge/MediaUnsynced/Karaoke/Tracks-Organized/NOMAD-0633 - Mother Mother - Ghosting/Mother Mother - Ghosting (Local).flac	NOMAD-0633 - Mother Mother - Ghosting.flac
NOMAD-0634	andrewdropboxfull:/Andrew Beveridge/MediaUnsynced/Karaoke/Tracks-Organized/NOMAD-0634 - Charlie Terrell - Libby Anna/Charlie Terrell - Libby Anna (Local).wav	NOMAD-0634 - Charlie Terrell - Libby Anna.wav
NOMAD-0635	andrewdropboxfull:/Andrew Beveridge/MediaUnsynced/Karaoke/Tracks-Organized/NOMAD-0635 - Taylor Swift - Fortnight (feat. Post Malone)/Taylor Swift - Fortnight (feat. Post Malone) (Local).flac	NOMAD-0635 - Taylor Swift - Fortnight (feat. Post Malone).flac
NOMAD-0636	andrewdropboxfull:/Andrew Beveridge/MediaUnsynced/Karaoke/Tracks-Organized/NOMAD-0636 - The Gaslight Anthem - National Anthem/The Gaslight Anthem - National Anthem (Local).flac	NOMAD-0636 - The Gaslight Anthem - National Anthem.flac
NOMAD-0637	andrewdropboxfull:/Andrew Beveridge/MediaUnsynced/Karaoke/Tracks-Organized/NOMAD-0637 - The Lonely Island - Semicolon (feat. Solange)/The Lonely Island - Semicolon (feat. Solange) (Local).flac	NOMAD-0637 - The Lonely Island - Semicolon (feat. Solange).flac
NOMAD-0638	andrewdropboxfull:/Andrew Beveridge/MediaUnsynced/Karaoke/Tracks-Organized/NOMAD-0638 - Lucky Daye - Algorithm/Lucky Daye - Algorithm (Local).flac	NOMAD-0638 - Lucky Daye - Algorithm.flac
NOMAD-0639	andrewdropboxfull:/Andrew Beveridge/MediaUnsynced/Karaoke/Tracks-Organized/NOMAD-0639 - The Black Eyed Peas - They Don't Want Music/The Black Eyed Peas - They Don't Want Music (Local).flac	NOMAD-0639 - The Black Eyed Peas - They Don't Want Music.flac
NOMAD-0640	andrewdropboxfull:/Andrew Beveridge/MediaUnsynced/Karaoke/Tracks-Organized/NOMAD-0640 - Tiger Really - Fundamentally Unlovable/Tiger Really - Fundamentally Unlovable (Local).flac	NOMAD-0640 - Tiger Really - Fundamentally Unlovable.flac
NOMAD-0641	andrewdropboxfull:/Andrew Beveridge/MediaUnsynced/Karaoke/Tracks-Organized/NOMAD-0641 - Da Ali G Show - Jarvis Cocker/Da Ali G Show - Jarvis Cocker (Original Audio).flac	NOMAD-0641 - Da Ali G Show - Jarvis Cocker.flac
NOMAD-0642	andrewdropboxfull:/Andrew Beveridge/MediaUnsynced/Karaoke/Tracks-Organized/NOMAD-0642 - Colin Hay - Send Somebody (Stripped Mix)/Colin Hay - Send Somebody (Stripped Mix) (Youtube 1FrM74D2Woo).wav	NOMAD-0642 - Colin Hay - Send Somebody (Stripped Mix).wav
NOMAD-0643	andrewdropboxfull:/Andrew Beveridge/MediaUnsynced/Karaoke/Tracks-Organized/NOMAD-0643 - Ernie Taylor - I Ain't Leavin' Yet/Ernie Taylor - I Ain't Leavin' Yet (Local).wav	NOMAD-0643 - Ernie Taylor - I Ain't Leavin' Yet.wav
NOMAD-0644	andrewdropboxfull:/Andrew Beveridge/MediaUnsynced/Karaoke/Tracks-Organized/NOMAD-0644 - Smashing Pumpkins - Here Is No Why/Smashing Pumpkins - Here Is No Why (Local).flac	NOMAD-0644 - Smashing Pumpkins - Here Is No Why.flac
NOMAD-0645	andrewdropboxfull:/Andrew Beveridge/MediaUnsynced/Karaoke/Tracks-Organized/NOMAD-0645 - Drake - Virginia Beach/Drake - Virginia Beach (Local).flac	NOMAD-0645 - Drake - Virginia Beach.flac
NOMAD-0646	andrewdropboxfull:/Andrew Beveridge/MediaUnsynced/Karaoke/Tracks-Organized/NOMAD-0646 - Maverick City Music - I Thank God/Maverick City Music - I Thank God (Youtube 5bOgOBFy9sE).wav	NOMAD-0646 - Maverick City Music - I Thank God.wav
NOMAD-0647	andrewdropboxfull:/Andrew Beveridge/MediaUnsynced/Karaoke/Tracks-Organized/NOMAD-0647 - Ax and the Hatchetmen - Drive-in Movie/Ax and the Hatchetmen - Drive-in Movie (Local).flac	NOMAD-0647 - Ax and the Hatchetmen - Drive-in Movie.flac
NOMAD-0648	andrewdropboxfull:/Andrew Beveridge/MediaUnsynced/Karaoke/Tracks-Organized/NOMAD-0648 - Faith No More - Das Schutzenfest/Faith No More - Das Schutzenfest (Local).flac	NOMAD-0648 - Faith No More - Das Schutzenfest.flac
NOMAD-0649	andrewdropboxfull:/Andrew Beveridge/MediaUnsynced/Karaoke/Tracks-Organized/NOMAD-0649 - Miguel - Use Me/Miguel - Use Me (Local).flac	NOMAD-0649 - Miguel - Use Me.flac
NOMAD-0650	andrewdropboxfull:/Andrew Beveridge/MediaUnsynced/Karaoke/Tracks-Organized/NOMAD-0650 - Ivan Rivers - Sad Around Me/Ivan Rivers - Sad Around Me (Local).flac	NOMAD-0650 - Ivan Rivers - Sad Around Me.flac
NOMAD-0651	andrewdropboxfull:/Andrew Beveridge/MediaUnsynced/Karaoke/Tracks-Organized/NOMAD-0651 - Young The Giant - Both Sides Now/Young The Giant - Both Sides Now (Youtube oSiv5p5rrrY).wav	NOMAD-0651 - Young The Giant - Both Sides Now.wav
NOMAD-0652	andrewdropboxfull:/Andrew Beveridge/MediaUnsynced/Karaoke/Tracks-Organized/NOMAD-0652 - Jimmy Buffett - Bob Robert's Society Band/Jimmy Buffett - Bob Robert's Society Band (Local).flac	NOMAD-0652 - Jimmy Buffett - Bob Robert's Society Band.flac
NOMAD-0653	andrewdropboxfull:/Andrew Beveridge/MediaUnsynced/Karaoke/Tracks-Organized/NOMAD-0653 - buildspace, MAYV - the end/buildspace, MAYV - the end (Local).wav	NOMAD-0653 - buildspace, MAYV - the end.wav
NOMAD-0654	andrewdropboxfull:/Andrew Beveridge/MediaUnsynced/Karaoke/Tracks-Organized/NOMAD-0654 - Frank Turner - A Wave Across A Bay/Frank Turner - A Wave Across A Bay (Local).flac	NOMAD-0654 - Frank Turner - A Wave Across A Bay.flac
NOMAD-0655	andrewdropboxfull:/Andrew Beveridge/MediaUnsynced/Karaoke/Tracks-Organized/NOMAD-0655 - Angel Olsen - Eyes Without A Face/Angel Olsen - Eyes Without A Face (Local).flac	NOMAD-0655 - Angel Olsen - Eyes Without A Face.flac
NOMAD-0656	andrewdropboxfull:/Andrew Beveridge/MediaUnsynced/Karaoke/Tracks-Organized/NOMAD-0656 - Deven May - The Sensitive Song (from Cops)/Deven May - The Sensitive Song (from Cops) (Local).wav	NOMAD-0656 - Deven May - The Sensitive Song (from Cops).wav
NOMAD-0657	andrewdropboxfull:/Andrew Beveridge/MediaUnsynced/Karaoke/Tracks-Organized/NOMAD-0657 - The Mountain Goats - Night Light/The Mountain Goats - Night Light (Local).flac	NOMAD-0657 - The Mountain Goats - Night Light.flac
NOMAD-0658	andrewdropboxfull:/Andrew Beveridge/MediaUnsynced/Karaoke/Tracks-Organized/NOMAD-0658 - Steppenwolf - Born To Be Wild/Steppenwolf - Born To Be Wild (Local).flac	NOMAD-0658 - Steppenwolf - Born To Be Wild.flac
NOMAD-0659	andrewdropboxfull:/Andrew Beveridge/MediaUnsynced/Karaoke/Tracks-Organized/NOMAD-0659 - Bobby Solo - O sole mio/Bobby Solo - O sole mio (Local).wav	NOMAD-0659 - Bobby Solo - O sole mio.wav
NOMAD-0660	andrewdropboxfull:/Andrew Beveridge/MediaUnsynced/Karaoke/Tracks-Organized/NOMAD-0660 - HCA West - Driving Quality/HCA West - Driving Quality (Local).flac	NOMAD-0660 - HCA West - Driving Quality.flac
NOMAD-0661	andrewdropboxfull:/Andrew Beveridge/MediaUnsynced/Karaoke/Tracks-Organized/NOMAD-0661 - Engelbert Humperdinck - Marry Me/Engelbert Humperdinck - Marry Me (Local).wav	NOMAD-0661 - Engelbert Humperdinck - Marry Me.wav
NOMAD-0662	andrewdropboxfull:/Andrew Beveridge/MediaUnsynced/Karaoke/Tracks-Organized/NOMAD-0662 - Mark Knopfler - Are We in Trouble Now/Mark Knopfler - Are We in Trouble Now (Local).flac	NOMAD-0662 - Mark Knopfler - Are We in Trouble Now.flac
NOMAD-0663	andrewdropboxfull:/Andrew Beveridge/MediaUnsynced/Karaoke/Tracks-Organized/NOMAD-0663 - Danny Pynes - One Night in Spain/Danny Pynes - One Night in Spain (Local).flac	NOMAD-0663 - Danny Pynes - One Night in Spain.flac
NOMAD-0664	andrewdropboxfull:/Andrew Beveridge/MediaUnsynced/Karaoke/Tracks-Organized/NOMAD-0664 - The Butterfly Effect - I’m Not Okay/The Butterfly Effect - I’m Not Okay (Local).flac	NOMAD-0664 - The Butterfly Effect - I’m Not Okay.flac
NOMAD-0665	andrewdropboxfull:/Andrew Beveridge/MediaUnsynced/Karaoke/Tracks-Organized/NOMAD-0665 - The Sonic Bridges - Sweet Evelyn/The Sonic Bridges - Sweet Evelyn (Youtube dgLRNZzWHkY).wav	NOMAD-0665 - The Sonic Bridges - Sweet Evelyn.wav
NOMAD-0666	andrewdropboxfull:/Andrew Beveridge/MediaUnsynced/Karaoke/Tracks-Organized/NOMAD-0666 - Carrie and Jake - Wedding Medley/Carrie and Jake - Wedding Medley (Local).flac	NOMAD-0666 - Carrie and Jake - Wedding Medley.flac
NOMAD-0667	andrewdropboxfull:/Andrew Beveridge/MediaUnsynced/Karaoke/Tracks-Organized/NOMAD-0667 - Gregory Porter - Insanity (feat. Lalah Hathaway)/Gregory Porter - Insanity (feat. Lalah Hathaway) (Local).flac	NOMAD-0667 - Gregory Porter - Insanity (feat. Lalah Hathaway).flac
NOMAD-0668	andrewdropboxfull:/Andrew Beveridge/MediaUnsynced/Karaoke/Tracks-Organized/NOMAD-0668 - Linda Feller - Ich weiss genau, was ich will/Linda Feller - Ich weiss genau, was ich will (Local).wav	NOMAD-0668 - Linda Feller - Ich weiss genau, was ich will.wav
NOMAD-0669	andrewdropboxfull:/Andrew Beveridge/MediaUnsynced/Karaoke/Tracks-Organized/NOMAD-0669 - Mikey Chuck Rivers - She's Cryin' (I'm Drunk Again)/Mikey Chuck Rivers - She's Cryin' (I'm Drunk Again) (Youtube qPwIkTDf4A0).wav	NOMAD-0669 - Mikey Chuck Rivers - She's Cryin' (I'm Drunk Again).wav
NOMAD-0670	andrewdropboxfull:/Andrew Beveridge/MediaUnsynced/Karaoke/Tracks-Organized/NOMAD-0670 - Gregory Porter - Insanity (feat. Lalah Hathaway) (Duet)/Gregory Porter - Insanity (feat. Lalah Hathaway) (Duet) (Local).flac	NOMAD-0670 - Gregory Porter - Insanity (feat. Lalah Hathaway) (Duet).flac
NOMAD-0671	andrewdropboxfull:/Andrew Beveridge/MediaUnsynced/Karaoke/Tracks-Organized/NOMAD-0671 - Country Rose - Spaß Am Leben/Country Rose - Spaß Am Leben (Local).wav	NOMAD-0671 - Country Rose - Spaß Am Leben.wav
NOMAD-0672	andrewdropboxfull:/Andrew Beveridge/MediaUnsynced/Karaoke/Tracks-Organized/NOMAD-0672 - Tom Astor - Du bist da (wenn's drum geht)/Tom Astor - Du bist da (wenn's drum geht) (Local).wav	NOMAD-0672 - Tom Astor - Du bist da (wenn's drum geht).wav
NOMAD-0673	andrewdropboxfull:/Andrew Beveridge/MediaUnsynced/Karaoke/Tracks-Organized/NOMAD-0673 - Linda Feller - Wenn überhaupt, dann nur Country/Linda Feller - Wenn überhaupt, dann nur Country (Local).wav	NOMAD-0673 - Linda Feller - Wenn überhaupt, dann nur Country.wav
NOMAD-0674	andrewdropboxfull:/Andrew Beveridge/MediaUnsynced/Karaoke/Tracks-Organized/NOMAD-0674 - Alabama - The Fans/Alabama - The Fans (Local).flac	NOMAD-0674 - Alabama - The Fans.flac
NOMAD-0675	andrewdropboxfull:/Andrew Beveridge/MediaUnsynced/Karaoke/Tracks-Organized/NOMAD-0675 - Ghost Brothers - What Kind Of Man Am I/Ghost Brothers - What Kind Of Man Am I (Local).wav	NOMAD-0675 - Ghost Brothers - What Kind Of Man Am I.wav
NOMAD-0676	andrewdropboxfull:/Andrew Beveridge/MediaUnsynced/Karaoke/Tracks-Organized/NOMAD-0676 - The Stand - Baby, Can You Dig Your Man/The Stand - Baby, Can You Dig Your Man (Local).wav	NOMAD-0676 - The Stand - Baby, Can You Dig Your Man.wav
NOMAD-0677	andrewdropboxfull:/Andrew Beveridge/MediaUnsynced/Karaoke/Tracks-Organized/NOMAD-0677 - Nu Shooz - I Can't Wait/Nu Shooz - I Can't Wait (Local).flac	NOMAD-0677 - Nu Shooz - I Can't Wait.flac
NOMAD-0678	andrewdropboxfull:/Andrew Beveridge/MediaUnsynced/Karaoke/Tracks-Organized/NOMAD-0678 - Freddie Jackson - All I'll Ever Ask (feat. Najee)/Freddie Jackson - All I'll Ever Ask (feat. Najee) (Local).flac	NOMAD-0678 - Freddie Jackson - All I'll Ever Ask (feat. Najee).flac
NOMAD-0679	andrewdropboxfull:/Andrew Beveridge/MediaUnsynced/Karaoke/Tracks-Organized/NOMAD-0679 - Linda Feller - Du bist das Salz in meiner Suppe/Linda Feller - Du bist das Salz in meiner Suppe (Local).wav	NOMAD-0679 - Linda Feller - Du bist das Salz in meiner Suppe.wav
NOMAD-0680	andrewdropboxfull:/Andrew Beveridge/MediaUnsynced/Karaoke/Tracks-Organized/NOMAD-0680 - Claudia Jung, Tom Astor - Wer Liebe Sucht/Claudia Jung, Tom Astor - Wer Liebe Sucht (Local).wav	NOMAD-0680 - Claudia Jung, Tom Astor - Wer Liebe Sucht.wav
NOMAD-0681	andrewdropboxfull:/Andrew Beveridge/MediaUnsynced/Karaoke/Tracks-Organized/NOMAD-0681 - The Smashing Pumpkins - Tales of a Scorched Earth/The Smashing Pumpkins - Tales of a Scorched Earth (Local).flac	NOMAD-0681 - The Smashing Pumpkins - Tales of a Scorched Earth.flac
NOMAD-0682	andrewdropboxfull:/Andrew Beveridge/MediaUnsynced/Karaoke/Tracks-Organized/NOMAD-0682 - The Smashing Pumpkins - Thru the Eyes of Ruby/The Smashing Pumpkins - Thru the Eyes of Ruby (Local).flac	NOMAD-0682 - The Smashing Pumpkins - Thru the Eyes of Ruby.flac
NOMAD-0683	andrewdropboxfull:/Andrew Beveridge/MediaUnsynced/Karaoke/Tracks-Organized/NOMAD-0683 - Tom Astor - Geistertruck/Tom Astor - Geistertruck (Local).wav	NOMAD-0683 - Tom Astor - Geistertruck.wav
NOMAD-0684	andrewdropboxfull:/Andrew Beveridge/MediaUnsynced/Karaoke/Tracks-Organized/NOMAD-0684 - Charlie McCoy - Cherry Berry Wine/Charlie McCoy - Cherry Berry Wine (Youtube ttHXxnvcBbQ).wav	NOMAD-0684 - Charlie McCoy - Cherry Berry Wine.wav
NOMAD-0685	andrewdropboxfull:/Andrew Beveridge/MediaUnsynced/Karaoke/Tracks-Organized/NOMAD-0685 - Jon Foreman - White As Snow/Jon Foreman - White As Snow (Local).flac	NOMAD-0685 - Jon Foreman - White As Snow.flac
NOMAD-0686	andrewdropboxfull:/Andrew Beveridge/MediaUnsynced/Karaoke/Tracks-Organized/NOMAD-0686 - Jhariah - RISK, RISK, RISK!/Jhariah - RISK, RISK, RISK! (Local).flac	NOMAD-0686 - Jhariah - RISK, RISK, RISK!.flac
NOMAD-0687	andrewdropboxfull:/Andrew Beveridge/MediaUnsynced/Karaoke/Tracks-Organized/NOMAD-0687 - FLETCHER - Sting/FLETCHER - Sting (Local).flac	NOMAD-0687 - FLETCHER - Sting.flac
NOMAD-0688	andrewdropboxfull:/Andrew Beveridge/MediaUnsynced/Karaoke/Tracks-Organized/NOMAD-0688 - FLETCHER - Lead Me On/FLETCHER - Lead Me On (Local).flac	NOMAD-0688 - FLETCHER - Lead Me On.flac
NOMAD-0689	andrewdropboxfull:/Andrew Beveridge/MediaUnsynced/Karaoke/Tracks-Organized/NOMAD-0689 - TV Girl - I Wonder Who She's Kissing Now/TV Girl - I Wonder Who She's Kissing Now (Local).flac	NOMAD-0689 - TV Girl - I Wonder Who She's Kissing Now.flac
NOMAD-0690	andrewdropboxfull:/Andrew Beveridge/MediaUnsynced/Karaoke/Tracks-Organized/NOMAD-0690 - Charming Disaster - Blacksnake/Charming Disaster - Blacksnake (Local).flac	NOMAD-0690 - Charming Disaster - Blacksnake.flac
NOMAD-0691	andrewdropboxfull:/Andrew Beveridge/MediaUnsynced/Karaoke/Tracks-Organized/NOMAD-0691 - Red Hot Chili Peppers - Deep Kick/Red Hot Chili Peppers - Deep Kick (Local).flac	NOMAD-0691 - Red Hot Chili Peppers - Deep Kick.flac
NOMAD-0692	andrewdropboxfull:/Andrew Beveridge/MediaUnsynced/Karaoke/Tracks-Organized/NOMAD-0692 - Jeff Jeffers - Freedoms Price/Jeff Jeffers - Freedoms Price (Local).wav	NOMAD-0692 - Jeff Jeffers - Freedoms Price.wav
NOMAD-0693	andrewdropboxfull:/Andrew Beveridge/MediaUnsynced/Karaoke/Tracks-Organized/NOMAD-0693 - Debbie Reynolds - Chrissy the Christmas Mouse/Debbie Reynolds - Chrissy the Christmas Mouse (Youtube tyJ3sovlKKA).wav	NOMAD-0693 - Debbie Reynolds - Chrissy the Christmas Mouse.wav
NOMAD-0694	andrewdropboxfull:/Andrew Beveridge/MediaUnsynced/Karaoke/Tracks-Organized/NOMAD-0694 - LION BABE - Just Me/LION BABE - Just Me (Youtube IW3B-gAqo0c).wav	NOMAD-0694 - LION BABE - Just Me.wav
NOMAD-0695	andrewdropboxfull:/Andrew Beveridge/MediaUnsynced/Karaoke/Tracks-Organized/NOMAD-0695 - Pranati Shah - Albela Sajan/Pranati Shah - Albela Sajan (Youtube gtsGwmkcfEA).wav	NOMAD-0695 - Pranati Shah - Albela Sajan.wav
NOMAD-0696	andrewdropboxfull:/Andrew Beveridge/MediaUnsynced/Karaoke/Tracks-Organized/NOMAD-0696 - Bear Ghost - Sirens/Bear Ghost - Sirens (Local).flac	NOMAD-0696 - Bear Ghost - Sirens.flac
NOMAD-0697	andrewdropboxfull:/Andrew Beveridge/MediaUnsynced/Karaoke/Tracks-Organized/NOMAD-0697 - LABRYS - Bitch in a Band/LABRYS - Bitch in a Band (Local).flac	NOMAD-0697 - LABRYS - Bitch in a Band.flac
NOMAD-0698	andrewdropboxfull:/Andrew Beveridge/MediaUnsynced/Karaoke/Tracks-Organized/NOMAD-0698 - Luvcat - Matador/Luvcat - Matador (Local).flac	NOMAD-0698 - Luvcat - Matador.flac
NOMAD-0699	andrewdropboxfull:/Andrew Beveridge/MediaUnsynced/Karaoke/Tracks-Organized/NOMAD-0699 - Luvcat - He's My Man/Luvcat - He's My Man (Local).flac	NOMAD-0699 - Luvcat - He's My Man.flac
NOMAD-0700	andrewdropboxfull:/Andrew Beveridge/MediaUnsynced/Karaoke/Tracks-Organized/NOMAD-0700 - Bruce Cockburn - Pacing The Cage/Bruce Cockburn - Pacing The Cage (Local).flac	NOMAD-0700 - Bruce Cockburn - Pacing The Cage.flac
NOMAD-0701	andrewdropboxfull:/Andrew Beveridge/MediaUnsynced/Karaoke/Tracks-Organized/NOMAD-0701 - Japanese Breakfast - Boyish/Japanese Breakfast - Boyish (Local).flac	NOMAD-0701 - Japanese Breakfast - Boyish.flac
NOMAD-0702	andrewdropboxfull:/Andrew Beveridge/MediaUnsynced/Karaoke/Tracks-Organized/NOMAD-0702 - The Manhattan Transfer - A World Apart/The Manhattan Transfer - A World Apart (Local).flac	NOMAD-0702 - The Manhattan Transfer - A World Apart.flac
NOMAD-0703	andrewdropboxfull:/Andrew Beveridge/MediaUnsynced/Karaoke/Tracks-Organized/NOMAD-0703 - Talking Heads - Making Flippy Floppy/Talking Heads - Making Flippy Floppy (Local).flac	NOMAD-0703 - Talking Heads - Making Flippy Floppy.flac
NOMAD-0704	andrewdropboxfull:/Andrew Beveridge/MediaUnsynced/Karaoke/Tracks-Organized/NOMAD-0704 - A Perfect Circle - A Stranger/A Perfect Circle - A Stranger (Local).flac	NOMAD-0704 - A Perfect Circle - A Stranger.flac
NOMAD-0705	andrewdropboxfull:/Andrew Beveridge/MediaUnsynced/Karaoke/Tracks-Organized/NOMAD-0705 - Pom Pom Squad - Downhill/Pom Pom Squad - Downhill (Local).flac	NOMAD-0705 - Pom Pom Squad - Downhill.flac
NOMAD-0706	andrewdropboxfull:/Andrew Beveridge/MediaUnsynced/Karaoke/Tracks-Organized/NOMAD-0706 - Lucinda Williams - Sharp Cutting Wings (Song to a Poet)/Lucinda Williams - Sharp Cutting Wings (Song to a Poet) (Local).flac	NOMAD-0706 - Lucinda Williams - Sharp Cutting Wings (Song to a Poet).flac
NOMAD-0707	andrewdropboxfull:/Andrew Beveridge/MediaUnsynced/Karaoke/Tracks-Organized/NOMAD-0707 - U2 - Some Days Are Better Than Others/U2 - Some Days Are Better Than Others (Local).flac	NOMAD-0707 - U2 - Some Days Are Better Than Others.flac
NOMAD-0708	andrewdropboxfull:/Andrew Beveridge/MediaUnsynced/Karaoke/Tracks-Organized/NOMAD-0708 - The Earons - Land Of Hunger/The Earons - Land Of Hunger (Local).flac	NOMAD-0708 - The Earons - Land Of Hunger.flac
NOMAD-0709	andrewdropboxfull:/Andrew Beveridge/MediaUnsynced/Karaoke/Tracks-Organized/NOMAD-0709 - Johnny Cash - Sam Hall/Johnny Cash - Sam Hall (Local).flac	NOMAD-0709 - Johnny Cash - Sam Hall.flac
NOMAD-0710	andrewdropboxfull:/Andrew Beveridge/MediaUnsynced/Karaoke/Tracks-Organized/NOMAD-0710 - Thee Midniters - Sad Girl/Thee Midniters - Sad Girl (Local).flac	NOMAD-0710 - Thee Midniters - Sad Girl.flac
NOMAD-0711	andrewdropboxfull:/Andrew Beveridge/MediaUnsynced/Karaoke/Tracks-Organized/NOMAD-0711 - Silversun Pickups - Circadian Rhythm (Last Dance)/Silversun Pickups - Circadian Rhythm (Last Dance) (Local).flac	NOMAD-0711 - Silversun Pickups - Circadian Rhythm (Last Dance).flac
NOMAD-0712	andrewdropboxfull:/Andrew Beveridge/MediaUnsynced/Karaoke/Tracks-Organized/NOMAD-0712 - Neil Diamond - Pretty Amazing Grace/Neil Diamond - Pretty Amazing Grace (Local).flac	NOMAD-0712 - Neil Diamond - Pretty Amazing Grace.flac
NOMAD-0713	andrewdropboxfull:/Andrew Beveridge/MediaUnsynced/Karaoke/Tracks-Organized/NOMAD-0713 - Passenger - Survivors/Passenger - Survivors (Local).flac	NOMAD-0713 - Passenger - Survivors.flac
NOMAD-0714	andrewdropboxfull:/Andrew Beveridge/MediaUnsynced/Karaoke/Tracks-Organized/NOMAD-0714 - Tom Waits - Don't Go Into the Barn/Tom Waits - Don't Go Into the Barn (Local).flac	NOMAD-0714 - Tom Waits - Don't Go Into the Barn.flac
NOMAD-0715	andrewdropboxfull:/Andrew Beveridge/MediaUnsynced/Karaoke/Tracks-Organized/NOMAD-0715 - Kate Bush - Get Out Of My House/Kate Bush - Get Out Of My House (Local).flac	NOMAD-0715 - Kate Bush - Get Out Of My House.flac
NOMAD-0716	andrewdropboxfull:/Andrew Beveridge/MediaUnsynced/Karaoke/Tracks-Organized/NOMAD-0716 - venbee - rampage/venbee - rampage (Local).flac	NOMAD-0716 - venbee - rampage.flac
NOMAD-0717	andrewdropboxfull:/Andrew Beveridge/MediaUnsynced/Karaoke/Tracks-Organized/NOMAD-0717 - venbee - messy in heaven/venbee - messy in heaven (Local).flac	NOMAD-0717 - venbee - messy in heaven.flac
NOMAD-0718	andrewdropboxfull:/Andrew Beveridge/MediaUnsynced/Karaoke/Tracks-Organized/NOMAD-0718 - Hybrid Minds - Favourite Song/Hybrid Minds - Favourite Song (Local).flac	NOMAD-0718 - Hybrid Minds - Favourite Song.flac
NOMAD-0719	andrewdropboxfull:/Andrew Beveridge/MediaUnsynced/Karaoke/Tracks-Organized/NOMAD-0719 - Truck Stop - Dixie Lady/Truck Stop - Dixie Lady (Local).wav	NOMAD-0719 - Truck Stop - Dixie Lady.wav
NOMAD-0720	andrewdropboxfull:/Andrew Beveridge/MediaUnsynced/Karaoke/Tracks-Organized/NOMAD-0720 - venbee - low down/venbee - low down (Local).flac	NOMAD-0720 - venbee - low down.flac
NOMAD-0721	andrewdropboxfull:/Andrew Beveridge/MediaUnsynced/Karaoke/Tracks-Organized/NOMAD-0721 - venbee - ME4 (council estate)/venbee - ME4 (council estate) (Local).flac	NOMAD-0721 - venbee - ME4 (council estate).flac
NOMAD-0722	andrewdropboxfull:/Andrew Beveridge/MediaUnsynced/Karaoke/Tracks-Organized/NOMAD-0722 - venbee - gutter/venbee - gutter (Local).flac	NOMAD-0722 - venbee - gutter.flac
NOMAD-0723	andrewdropboxfull:/Andrew Beveridge/MediaUnsynced/Karaoke/Tracks-Organized/NOMAD-0723 - venbee - die young/venbee - die young (Local).flac	NOMAD-0723 - venbee - die young.flac
NOMAD-0724	andrewdropboxfull:/Andrew Beveridge/MediaUnsynced/Karaoke/Tracks-Organized/NOMAD-0724 - venbee - If Love Could Have Saved You/venbee - If Love Could Have Saved You (Local).flac	NOMAD-0724 - venbee - If Love Could Have Saved You.flac
NOMAD-0725	andrewdropboxfull:/Andrew Beveridge/MediaUnsynced/Karaoke/Tracks-Organized/NOMAD-0725 - venbee - mona lisa/venbee - mona lisa (Local).flac	NOMAD-0725 - venbee - mona lisa.flac
NOMAD-0726	andrewdropboxfull:/Andrew Beveridge/MediaUnsynced/Karaoke/Tracks-Organized/NOMAD-0726 - venbee - POV/venbee - POV (Local).flac	NOMAD-0726 - venbee - POV.flac
NOMAD-0727	andrewdropboxfull:/Andrew Beveridge/MediaUnsynced/Karaoke/Tracks-Organized/NOMAD-0727 - venbee - ana/venbee - ana (Local).flac	NOMAD-0727 - venbee - ana.flac
NOMAD-0728	andrewdropboxfull:/Andrew Beveridge/MediaUnsynced/Karaoke/Tracks-Organized/NOMAD-0728 - Eduard Khil - Trololo/Eduard Khil - Trololo (Local).wav	NOMAD-0728 - Eduard Khil - Trololo.wav
NOMAD-0729	andrewdropboxfull:/Andrew Beveridge/MediaUnsynced/Karaoke/Tracks-Organized/NOMAD-0729 - Maxïmo Park - Books from Boxes/Maxïmo Park - Books from Boxes (Local).flac	NOMAD-0729 - Maxïmo Park - Books from Boxes.flac
NOMAD-0730	andrewdropboxfull:/Andrew Beveridge/MediaUnsynced/Karaoke/Tracks-Organized/NOMAD-0730 - Mötley Crüe - Sticky Sweet/Mötley Crüe - Sticky Sweet (Local).flac	NOMAD-0730 - Mötley Crüe - Sticky Sweet.flac
NOMAD-0731	andrewdropboxfull:/Andrew Beveridge/MediaUnsynced/Karaoke/Tracks-Organized/NOMAD-0731 - Mötley Crüe - Slice of Your Pie/Mötley Crüe - Slice of Your Pie (Local).flac	NOMAD-0731 - Mötley Crüe - Slice of Your Pie.flac
NOMAD-0732	andrewdropboxfull:/Andrew Beveridge/MediaUnsynced/Karaoke/Tracks-Organized/NOMAD-0732 - Arctic Monkeys - Mardy Bum/Arctic Monkeys - Mardy Bum (Local).flac	NOMAD-0732 - Arctic Monkeys - Mardy Bum.flac
NOMAD-0733	andrewdropboxfull:/Andrew Beveridge/MediaUnsynced/Karaoke/Tracks-Organized/NOMAD-0733 - Tom Astor - Verrückt sein und sonst gar nichts/Tom Astor - Verrückt sein und sonst gar nichts (Local).wav	NOMAD-0733 - Tom Astor - Verrückt sein und sonst gar nichts.wav
NOMAD-0734	andrewdropboxfull:/Andrew Beveridge/MediaUnsynced/Karaoke/Tracks-Organized/NOMAD-0734 - Truck Stop - Lisa/Truck Stop - Lisa (Local).wav	NOMAD-0734 - Truck Stop - Lisa.wav
NOMAD-0735	andrewdropboxfull:/Andrew Beveridge/MediaUnsynced/Karaoke/Tracks-Organized/NOMAD-0735 - Ten Years After - Outside My Window/Ten Years After - Outside My Window (Local).wav	NOMAD-0735 - Ten Years After - Outside My Window.wav
NOMAD-0736	andrewdropboxfull:/Andrew Beveridge/MediaUnsynced/Karaoke/Tracks-Organized/NOMAD-0736 - Soccer Mommy - Lost/Soccer Mommy - Lost (Local).flac	NOMAD-0736 - Soccer Mommy - Lost.flac
NOMAD-0737	andrewdropboxfull:/Andrew Beveridge/MediaUnsynced/Karaoke/Tracks-Organized/NOMAD-0737 - La Santa Cecilia - Un Mundo Raro (Inspirado en Coco)/La Santa Cecilia - Un Mundo Raro (Inspirado en Coco) (Local).flac	NOMAD-0737 - La Santa Cecilia - Un Mundo Raro (Inspirado en Coco).flac
NOMAD-0738	andrewdropboxfull:/Andrew Beveridge/MediaUnsynced/Karaoke/Tracks-Organized/NOMAD-0738 - Willie Nelson - It Always Will Be/Willie Nelson - It Always Will Be (Local).flac	NOMAD-0738 - Willie Nelson - It Always Will Be.flac
NOMAD-0739	andrewdropboxfull:/Andrew Beveridge/MediaUnsynced/Karaoke/Tracks-Organized/NOMAD-0739 - P.E.P.E - Shadilay/P.E.P.E - Shadilay (Local).flac	NOMAD-0739 - P.E.P.E - Shadilay.flac
NOMAD-0740	andrewdropboxfull:/Andrew Beveridge/MediaUnsynced/Karaoke/Tracks-Organized/NOMAD-0740 - Marc Scibilia - More To This/Marc Scibilia - More To This (Youtube 73kHCvLuiHc).wav	NOMAD-0740 - Marc Scibilia - More To This.wav
NOMAD-0741	andrewdropboxfull:/Andrew Beveridge/MediaUnsynced/Karaoke/Tracks-Organized/NOMAD-0741 - Falling In Reverse - Bad Guy/Falling In Reverse - Bad Guy (Local).flac	NOMAD-0741 - Falling In Reverse - Bad Guy.flac
NOMAD-0742	andrewdropboxfull:/Andrew Beveridge/MediaUnsynced/Karaoke/Tracks-Organized/NOMAD-0742 - Dominic Fike - How Much Is Weed/Dominic Fike - How Much Is Weed (Local).flac	NOMAD-0742 - Dominic Fike - How Much Is Weed.flac
NOMAD-0743	andrewdropboxfull:/Andrew Beveridge/MediaUnsynced/Karaoke/Tracks-Organized/NOMAD-0743 - Huey Lewis And The News - We're Not Here For A Long Time (We're Here For A Good Time)/Huey Lewis And The News - We're Not Here For A Long Time (We're Here For A Good Time) (Local).flac	NOMAD-0743 - Huey Lewis And The News - We're Not Here For A Long Time (We're Here For A Good Time).flac
NOMAD-0744	andrewdropboxfull:/Andrew Beveridge/MediaUnsynced/Karaoke/Tracks-Organized/NOMAD-0744 - Starship - Set the Night to Music/Starship - Set the Night to Music (Local).flac	NOMAD-0744 - Starship - Set the Night to Music.flac
NOMAD-0745	andrewdropboxfull:/Andrew Beveridge/MediaUnsynced/Karaoke/Tracks-Organized/NOMAD-0745 - Joni Mitchell - Cactus Tree/Joni Mitchell - Cactus Tree (Local).flac	NOMAD-0745 - Joni Mitchell - Cactus Tree.flac
NOMAD-0746	andrewdropboxfull:/Andrew Beveridge/MediaUnsynced/Karaoke/Tracks-Organized/NOMAD-0746 - Next to Normal - I'm Alive/Next to Normal - I'm Alive (Local).flac	NOMAD-0746 - Next to Normal - I'm Alive.flac
NOMAD-0747	andrewdropboxfull:/Andrew Beveridge/MediaUnsynced/Karaoke/Tracks-Organized/NOMAD-0747 - Eartha Kitt - Santa Baby/Eartha Kitt - Santa Baby (Local).flac	NOMAD-0747 - Eartha Kitt - Santa Baby.flac
NOMAD-0748	andrewdropboxfull:/Andrew Beveridge/MediaUnsynced/Karaoke/Tracks-Organized/NOMAD-0748 - System Of A Down - Metro/System Of A Down - Metro (Local).flac	NOMAD-0748 - System Of A Down - Metro.flac
NOMAD-0749	andrewdropboxfull:/Andrew Beveridge/MediaUnsynced/Karaoke/Tracks-Organized/NOMAD-0749 - Wild Beasts - Mecca/Wild Beasts - Mecca (Local).flac	NOMAD-0749 - Wild Beasts - Mecca.flac
NOMAD-0750	andrewdropboxfull:/Andrew Beveridge/MediaUnsynced/Karaoke/Tracks-Organized/NOMAD-0750 - Wild Beasts - Bed Of Nails/Wild Beasts - Bed Of Nails (Local).flac	NOMAD-0750 - Wild Beasts - Bed Of Nails.flac
NOMAD-0751	andrewdropboxfull:/Andrew Beveridge/MediaUnsynced/Karaoke/Tracks-Organized/NOMAD-0751 - Rick James - Love Gun/Rick James - Love Gun (Local).flac	NOMAD-0751 - Rick James - Love Gun.flac
NOMAD-0752	andrewdropboxfull:/Andrew Beveridge/MediaUnsynced/Karaoke/Tracks-Organized/NOMAD-0752 - Elmo & Patsy - Grandma Got Run Over By A Reindeer/Elmo & Patsy - Grandma Got Run Over By A Reindeer (Local).flac	NOMAD-0752 - Elmo & Patsy - Grandma Got Run Over By A Reindeer.flac
NOMAD-0753	andrewdropboxfull:/Andrew Beveridge/MediaUnsynced/Karaoke/Tracks-Organized/NOMAD-0753 - Bad Wolves [ft. KILLBOY] - It's You (2 Months)/Bad Wolves [ft. KILLBOY] - It's You (2 Months) (Local).flac	NOMAD-0753 - Bad Wolves [ft. KILLBOY] - It's You (2 Months).flac
NOMAD-0754	andrewdropboxfull:/Andrew Beveridge/MediaUnsynced/Karaoke/Tracks-Organized/NOMAD-0754 - Boney James - What Are You Doing New Year's Eve (feat. Bobby Caldwell)/Boney James - What Are You Doing New Year's Eve (feat. Bobby Caldwell) (Local).flac	NOMAD-0754 - Boney James - What Are You Doing New Year's Eve (feat. Bobby Caldwell).flac
NOMAD-0755	andrewdropboxfull:/Andrew Beveridge/MediaUnsynced/Karaoke/Tracks-Organized/NOMAD-0755 - James - Beautiful Beaches/James - Beautiful Beaches (Local).flac	NOMAD-0755 - James - Beautiful Beaches.flac
NOMAD-0756	andrewdropboxfull:/Andrew Beveridge/MediaUnsynced/Karaoke/Tracks-Organized/NOMAD-0756 - James - Is This Love/James - Is This Love (Local).flac	NOMAD-0756 - James - Is This Love.flac
NOMAD-0757	andrewdropboxfull:/Andrew Beveridge/MediaUnsynced/Karaoke/Tracks-Organized/NOMAD-0757 - James - Our World/James - Our World (Local).flac	NOMAD-0757 - James - Our World.flac
NOMAD-0758	andrewdropboxfull:/Andrew Beveridge/MediaUnsynced/Karaoke/Tracks-Organized/NOMAD-0758 - Truck Stop - Lass dir nie den Tag verderben/Truck Stop - Lass dir nie den Tag verderben (Original).wav	NOMAD-0758 - Truck Stop - Lass dir nie den Tag verderben.wav
NOMAD-0759	andrewdropboxfull:/Andrew Beveridge/MediaUnsynced/Karaoke/Tracks-Organized/NOMAD-0759 - Truck Stop - Emmylou, Emmylou/Truck Stop - Emmylou, Emmylou (Original).flac	NOMAD-0759 - Truck Stop - Emmylou, Emmylou.flac
NOMAD-0760	andrewdropboxfull:/Andrew Beveridge/MediaUnsynced/Karaoke/Tracks-Organized/NOMAD-0760 - Ian Noe - If Today Doesn't Do Me In/Ian Noe - If Today Doesn't Do Me In (Original).flac	NOMAD-0760 - Ian Noe - If Today Doesn't Do Me In.flac
NOMAD-0761	andrewdropboxfull:/Andrew Beveridge/MediaUnsynced/Karaoke/Tracks-Organized/NOMAD-0761 - Bug Hunter - Braggin'/Bug Hunter - Braggin' (Original).flac	NOMAD-0761 - Bug Hunter - Braggin'.flac
NOMAD-0762	andrewdropboxfull:/Andrew Beveridge/MediaUnsynced/Karaoke/Tracks-Organized/NOMAD-0762 - P.M. Dawn - Plastic/P.M. Dawn - Plastic (Original).flac	NOMAD-0762 - P.M. Dawn - Plastic.flac
NOMAD-0763	andrewdropboxfull:/Andrew Beveridge/MediaUnsynced/Karaoke/Tracks-Organized/NOMAD-0763 - Uncle Tupelo - Still Be Around/Uncle Tupelo - Still Be Around (Original).flac	NOMAD-0763 - Uncle Tupelo - Still Be Around.flac
NOMAD-0764	andrewdropboxfull:/Andrew Beveridge/MediaUnsynced/Karaoke/Tracks-Organized/NOMAD-0764 - Heather Maloney + Darlingside - No Shortcuts/Heather Maloney + Darlingside - No Shortcuts (Original).flac	NOMAD-0764 - Heather Maloney + Darlingside - No Shortcuts.flac
NOMAD-0765	andrewdropboxfull:/Andrew Beveridge/MediaUnsynced/Karaoke/Tracks-Organized/NOMAD-0765 - Judas Priest - Love Bites/Judas Priest - Love Bites (Original).flac	NOMAD-0765 - Judas Priest - Love Bites.flac
NOMAD-0766	andrewdropboxfull:/Andrew Beveridge/MediaUnsynced/Karaoke/Tracks-Organized/NOMAD-0766 - Postmodern Jukebox - Video Killed the Radio Star/Postmodern Jukebox - Video Killed the Radio Star (Original).flac	NOMAD-0766 - Postmodern Jukebox - Video Killed the Radio Star.flac
NOMAD-0767	andrewdropboxfull:/Andrew Beveridge/MediaUnsynced/Karaoke/Tracks-Organized/NOMAD-0767 - Charming Disaster - Grifters/Charming Disaster - Grifters (Original).wav	NOMAD-0767 - Charming Disaster - Grifters.wav
NOMAD-0768	andrewdropboxfull:/Andrew Beveridge/MediaUnsynced/Karaoke/Tracks-Organized/NOMAD-0768 - hey, nothing - Flora/hey, nothing - Flora (Original).flac	NOMAD-0768 - hey, nothing - Flora.flac
NOMAD-0769	andrewdropboxfull:/Andrew Beveridge/MediaUnsynced/Karaoke/Tracks-Organized/NOMAD-0769 - Émilie Simon - Ballad of the Big Machine/Émilie Simon - Ballad of the Big Machine (Original).flac	NOMAD-0769 - Émilie Simon - Ballad of the Big Machine.flac
NOMAD-0770	andrewdropboxfull:/Andrew Beveridge/MediaUnsynced/Karaoke/Tracks-Organized/NOMAD-0770 - Meat Loaf - Live Or Die/Meat Loaf - Live Or Die (Original).flac	NOMAD-0770 - Meat Loaf - Live Or Die.flac
NOMAD-0771	andrewdropboxfull:/Andrew Beveridge/MediaUnsynced/Karaoke/Tracks-Organized/NOMAD-0771 - Stephen Wilson Jr. - patches/Stephen Wilson Jr. - patches (Original).flac	NOMAD-0771 - Stephen Wilson Jr. - patches.flac
NOMAD-0772	andrewdropboxfull:/Andrew Beveridge/MediaUnsynced/Karaoke/Tracks-Organized/NOMAD-0772 - BoySetsFire - Hometown Report Card/BoySetsFire - Hometown Report Card (Original).flac	NOMAD-0772 - BoySetsFire - Hometown Report Card.flac
NOMAD-0773	andrewdropboxfull:/Andrew Beveridge/MediaUnsynced/Karaoke/Tracks-Organized/NOMAD-0773 - Ruen Brothers - Don't Know What's Come Over You/Ruen Brothers - Don't Know What's Come Over You (Original).flac	NOMAD-0773 - Ruen Brothers - Don't Know What's Come Over You.flac
NOMAD-0774	andrewdropboxfull:/Andrew Beveridge/MediaUnsynced/Karaoke/Tracks-Organized/NOMAD-0774 - Marco McDewey - Empty Cages & Loving Hearts/Marco McDewey - Empty Cages & Loving Hearts (Original).wav	NOMAD-0774 - Marco McDewey - Empty Cages & Loving Hearts.wav
NOMAD-0775	andrewdropboxfull:/Andrew Beveridge/MediaUnsynced/Karaoke/Tracks-Organized/NOMAD-0775 - Marco McDewey - Drill Oil, Baby Drill/Marco McDewey - Drill Oil, Baby Drill (Original).wav	NOMAD-0775 - Marco McDewey - Drill Oil, Baby Drill.wav
NOMAD-0776	andrewdropboxfull:/Andrew Beveridge/MediaUnsynced/Karaoke/Tracks-Organized/NOMAD-0776 - Marco McDewey - Stupid Life/Marco McDewey - Stupid Life (Original).wav	NOMAD-0776 - Marco McDewey - Stupid Life.wav
NOMAD-0777	andrewdropboxfull:/Andrew Beveridge/MediaUnsynced/Karaoke/Tracks-Organized/NOMAD-0777 - Marco McDewey - In love with my Chevy truck/Marco McDewey - In love with my Chevy truck (Original).wav	NOMAD-0777 - Marco McDewey - In love with my Chevy truck.wav
NOMAD-0778	andrewdropboxfull:/Andrew Beveridge/MediaUnsynced/Karaoke/Tracks-Organized/NOMAD-0778 - Marco McDewey - The Tax Song/Marco McDewey - The Tax Song (Original).wav	NOMAD-0778 - Marco McDewey - The Tax Song.wav
NOMAD-0779	andrewdropboxfull:/Andrew Beveridge/MediaUnsynced/Karaoke/Tracks-Organized/NOMAD-0779 - Marco McDewey - It’s just a dog/Marco McDewey - It’s just a dog (Original).wav	NOMAD-0779 - Marco McDewey - It’s just a dog.wav
NOMAD-0780	andrewdropboxfull:/Andrew Beveridge/MediaUnsynced/Karaoke/Tracks-Organized/NOMAD-0780 - Marco McDewey - Chase their blues away/Marco McDewey - Chase their blues away (Original).wav	NOMAD-0780 - Marco McDewey - Chase their blues away.wav
NOMAD-0781	andrewdropboxfull:/Andrew Beveridge/MediaUnsynced/Karaoke/Tracks-Organized/NOMAD-0781 - JT McClelland - I Love You More/JT McClelland - I Love You More (Original).wav	NOMAD-0781 - JT McClelland - I Love You More.wav
NOMAD-0782	andrewdropboxfull:/Andrew Beveridge/MediaUnsynced/Karaoke/Tracks-Organized/NOMAD-0782 - Marco McDewey - Down to Nothing/Marco McDewey - Down to Nothing (Original).wav	NOMAD-0782 - Marco McDewey - Down to Nothing.wav
NOMAD-0783	andrewdropboxfull:/Andrew Beveridge/MediaUnsynced/Karaoke/Tracks-Organized/NOMAD-0783 - Trent Tomlinson - I Called up Hell/Trent Tomlinson - I Called up Hell (Original).flac	NOMAD-0783 - Trent Tomlinson - I Called up Hell.flac
NOMAD-0784	andrewdropboxfull:/Andrew Beveridge/MediaUnsynced/Karaoke/Tracks-Organized/NOMAD-0784 - Jonny Hill - Darling/Jonny Hill - Darling (Original).wav	NOMAD-0784 - Jonny Hill - Darling.wav
NOMAD-0785	andrewdropboxfull:/Andrew Beveridge/MediaUnsynced/Karaoke/Tracks-Organized/NOMAD-0785 - Dylan Scott - Leave Her Alone/Dylan Scott - Leave Her Alone (Original).flac	NOMAD-0785 - Dylan Scott - Leave Her Alone.flac
NOMAD-0786	andrewdropboxfull:/Andrew Beveridge/MediaUnsynced/Karaoke/Tracks-Organized/NOMAD-0786 - Jon Astley - Jane's Getting Serious/Jon Astley - Jane's Getting Serious (Original).flac	NOMAD-0786 - Jon Astley - Jane's Getting Serious.flac
NOMAD-0787	andrewdropboxfull:/Andrew Beveridge/MediaUnsynced/Karaoke/Tracks-Organized/NOMAD-0787 - Meat Loaf - Getting Away With Murder/Meat Loaf - Getting Away With Murder (Original).flac	NOMAD-0787 - Meat Loaf - Getting Away With Murder.flac
NOMAD-0788	andrewdropboxfull:/Andrew Beveridge/MediaUnsynced/Karaoke/Tracks-Organized/NOMAD-0788 - Busta Rhymes - Do It To Death/Busta Rhymes - Do It To Death (Original).flac	NOMAD-0788 - Busta Rhymes - Do It To Death.flac
NOMAD-0789	andrewdropboxfull:/Andrew Beveridge/MediaUnsynced/Karaoke/Tracks-Organized/NOMAD-0789 - Chelsea Cutler - Your Bones/Chelsea Cutler - Your Bones (Original).flac	NOMAD-0789 - Chelsea Cutler - Your Bones.flac
NOMAD-0790	andrewdropboxfull:/Andrew Beveridge/MediaUnsynced/Karaoke/Tracks-Organized/NOMAD-0790 - Terry Dennis - Keep Georgia Between Us/J.R. Shelby artist name/J.R. Shelby - Keep Georgia Between Us (Original).flac	NOMAD-0790 - Terry Dennis - Keep Georgia Between Us.flac
NOMAD-0791	andrewdropboxfull:/Andrew Beveridge/MediaUnsynced/Karaoke/Tracks-Organized/NOMAD-0791 - Phil Collins - Doesn't Anybody Stay Together Anymore/Phil Collins - Doesn't Anybody Stay Together Anymore (Original).flac	NOMAD-0791 - Phil Collins - Doesn't Anybody Stay Together Anymore.flac
NOMAD-0792	andrewdropboxfull:/Andrew Beveridge/MediaUnsynced/Karaoke/Tracks-Organized/NOMAD-0792 - Grant Langston - The Real Man/Grant Langston - The Real Man (Original).flac	NOMAD-0792 - Grant Langston - The Real Man.flac
NOMAD-0793	andrewdropboxfull:/Andrew Beveridge/MediaUnsynced/Karaoke/Tracks-Organized/NOMAD-0793 - Cynthia Rhodes - Finding Out The Hard Way/Cynthia Rhodes - Finding Out The Hard Way (Original).flac	NOMAD-0793 - Cynthia Rhodes - Finding Out The Hard Way.flac
NOMAD-0794	andrewdropboxfull:/Andrew Beveridge/MediaUnsynced/Karaoke/Tracks-Organized/NOMAD-0794 - Herbie Hancock feat. Jonny Lang & Joss Stone - When Love Comes to Town/Herbie Hancock feat. Jonny Lang & Joss Stone - When Love Comes to Town (Original).flac	NOMAD-0794 - Herbie Hancock feat. Jonny Lang & Joss Stone - When Love Comes to Town.flac
NOMAD-0795	andrewdropboxfull:/Andrew Beveridge/MediaUnsynced/Karaoke/Tracks-Organized/NOMAD-0795 - Jefferson Starship - Layin' It On The Line/Jefferson Starship - Layin' It On The Line (Original).flac	NOMAD-0795 - Jefferson Starship - Layin' It On The Line.flac
NOMAD-0796	andrewdropboxfull:/Andrew Beveridge/MediaUnsynced/Karaoke/Tracks-Organized/NOMAD-0796 - Rob Zombie feat. Marilyn Manson - Helter Skelter/Rob Zombie feat. Marilyn Manson - Helter Skelter (Original).flac	NOMAD-0796 - Rob Zombie feat. Marilyn Manson - Helter Skelter.flac
NOMAD-0797	andrewdropboxfull:/Andrew Beveridge/MediaUnsynced/Karaoke/Tracks-Organized/NOMAD-0797 - Madison Cunningham - Song In My Head/Madison Cunningham - Song In My Head (Original).flac	NOMAD-0797 - Madison Cunningham - Song In My Head.flac
NOMAD-0798	andrewdropboxfull:/Andrew Beveridge/MediaUnsynced/Karaoke/Tracks-Organized/NOMAD-0798 - Daniel James Clarke - Snow/Daniel James Clarke - Snow (Original).flac	NOMAD-0798 - Daniel James Clarke - Snow.flac
NOMAD-0799	andrewdropboxfull:/Andrew Beveridge/MediaUnsynced/Karaoke/Tracks-Organized/NOMAD-0799 - Tracy Lawrence - The Holes That He Dug/Tracy Lawrence - The Holes That He Dug (Original).flac	NOMAD-0799 - Tracy Lawrence - The Holes That He Dug.flac
NOMAD-0800	andrewdropboxfull:/Andrew Beveridge/MediaUnsynced/Karaoke/Tracks-Organized/NOMAD-0800 - Billy Ray Cyrus - Thrillbilly/Billy Ray Cyrus - Thrillbilly (Original).flac	NOMAD-0800 - Billy Ray Cyrus - Thrillbilly.flac
NOMAD-0801	andrewdropboxfull:/Andrew Beveridge/MediaUnsynced/Karaoke/Tracks-Organized/NOMAD-0801 - Trent Tomlinson - The Next Time/Trent Tomlinson - The Next Time (Original).flac	NOMAD-0801 - Trent Tomlinson - The Next Time.flac
NOMAD-0802	andrewdropboxfull:/Andrew Beveridge/MediaUnsynced/Karaoke/Tracks-Organized/NOMAD-0802 - Tianna Esperanza - Buy You A New Attitude/Tianna Esperanza - Buy You A New Attitude (Original).flac	NOMAD-0802 - Tianna Esperanza - Buy You A New Attitude.flac
NOMAD-0803	andrewdropboxfull:/Andrew Beveridge/MediaUnsynced/Karaoke/Tracks-Organized/NOMAD-0803 - Jose Feliciano - California Dreamin'/Jose Feliciano - California Dreamin' (Original).flac	NOMAD-0803 - Jose Feliciano - California Dreamin'.flac
NOMAD-0805	andrewdropboxfull:/Andrew Beveridge/MediaUnsynced/Karaoke/Tracks-Organized/NOMAD-0805 - Erykah Badu - Rimshot (Intro)/Erykah Badu - Rimshot (Intro) (Original).flac	NOMAD-0805 - Erykah Badu - Rimshot (Intro).flac
NOMAD-0806	andrewdropboxfull:/Andrew Beveridge/MediaUnsynced/Karaoke/Tracks-Organized/NOMAD-0806 - Ayron Jones - Filthy/Ayron Jones - Filthy (Original).flac	NOMAD-0806 - Ayron Jones - Filthy.flac
NOMAD-0807	andrewdropboxfull:/Andrew Beveridge/MediaUnsynced/Karaoke/Tracks-Organized/NOMAD-0807 - Atmosphere - Bad Bad Daddy/Atmosphere - Bad Bad Daddy (Original).flac	NOMAD-0807 - Atmosphere - Bad Bad Daddy.flac
NOMAD-0808	andrewdropboxfull:/Andrew Beveridge/MediaUnsynced/Karaoke/Tracks-Organized/NOMAD-0808 - Flight of the Conchords - You Don't Have To Be A Prostitute/Flight of the Conchords - You Don't Have To Be A Prostitute (Original).flac	NOMAD-0808 - Flight of the Conchords - You Don't Have To Be A Prostitute.flac
NOMAD-0809	andrewdropboxfull:/Andrew Beveridge/MediaUnsynced/Karaoke/Tracks-Organized/NOMAD-0809 - Weird Al Yankovic - CNR/Weird Al Yankovic - CNR (Original).flac	NOMAD-0809 - Weird Al Yankovic - CNR.flac
NOMAD-0810	andrewdropboxfull:/Andrew Beveridge/MediaUnsynced/Karaoke/Tracks-Organized/NOMAD-0810 - Justin Timberlake - FutureSex _ LoveSound/Justin Timberlake - FutureSex _ LoveSound (Original).flac	NOMAD-0810 - Justin Timberlake - FutureSex _ LoveSound.flac
NOMAD-0811	andrewdropboxfull:/Andrew Beveridge/MediaUnsynced/Karaoke/Tracks-Organized/NOMAD-0811 - Vincent James - I'll Always Love You/Vincent James - I'll Always Love You (Original).wav	NOMAD-0811 - Vincent James - I'll Always Love You.wav
NOMAD-0812	andrewdropboxfull:/Andrew Beveridge/MediaUnsynced/Karaoke/Tracks-Organized/NOMAD-0812 - Die Antwoord - Fatty Boom Boom/Die Antwoord - Fatty Boom Boom (Original).flac	NOMAD-0812 - Die Antwoord - Fatty Boom Boom.flac
NOMAD-0813	andrewdropboxfull:/Andrew Beveridge/MediaUnsynced/Karaoke/Tracks-Organized/NOMAD-0813 - Eagles - Those Shoes/Eagles - Those Shoes (Original).flac	NOMAD-0813 - Eagles - Those Shoes.flac
NOMAD-0814	andrewdropboxfull:/Andrew Beveridge/MediaUnsynced/Karaoke/Tracks-Organized/NOMAD-0814 - Nancy Sinatra & Lee Hazlewood - Some Velvet Morning/Nancy Sinatra & Lee Hazlewood - Some Velvet Morning (Original).flac	NOMAD-0814 - Nancy Sinatra & Lee Hazlewood - Some Velvet Morning.flac
NOMAD-0815	andrewdropboxfull:/Andrew Beveridge/MediaUnsynced/Karaoke/Tracks-Organized/NOMAD-0815 - Atomic Cafe - Killing An Afternoon/Atomic Cafe - Killing An Afternoon (Original).flac	NOMAD-0815 - Atomic Cafe - Killing An Afternoon.flac
NOMAD-0816	andrewdropboxfull:/Andrew Beveridge/MediaUnsynced/Karaoke/Tracks-Organized/NOMAD-0816 - Tom Astor - Sweet Caroline/Tom Astor - Sweet Caroline (Original).wav	NOMAD-0816 - Tom Astor - Sweet Caroline.wav
NOMAD-0817	andrewdropboxfull:/Andrew Beveridge/MediaUnsynced/Karaoke/Tracks-Organized/NOMAD-0817 - Dave Matthews - Some Devil/Dave Matthews - Some Devil (Original).flac	NOMAD-0817 - Dave Matthews - Some Devil.flac
NOMAD-0818	andrewdropboxfull:/Andrew Beveridge/MediaUnsynced/Karaoke/Tracks-Organized/NOMAD-0818 - Crash Test Dummies - Keep a Lid on Things/Crash Test Dummies - Keep a Lid on Things (Original).flac	NOMAD-0818 - Crash Test Dummies - Keep a Lid on Things.flac
NOMAD-0819	andrewdropboxfull:/Andrew Beveridge/MediaUnsynced/Karaoke/Tracks-Organized/NOMAD-0819 - Flight of the Conchords - Inner City Pressure/Flight of the Conchords - Inner City Pressure (Original).flac	NOMAD-0819 - Flight of the Conchords - Inner City Pressure.flac
NOMAD-0820	andrewdropboxfull:/Andrew Beveridge/MediaUnsynced/Karaoke/Tracks-Organized/NOMAD-0820 - Flight of the Conchords - Inner City Pressure (Duet)/Flight of the Conchords - Inner City Pressure (Duet) (Original).flac	NOMAD-0820 - Flight of the Conchords - Inner City Pressure (Duet).flac
NOMAD-0821	andrewdropboxfull:/Andrew Beveridge/MediaUnsynced/Karaoke/Tracks-Organized/NOMAD-0821 - Meat Loaf - Seize The Night/Meat Loaf - Seize The Night (Original).flac	NOMAD-0821 - Meat Loaf - Seize The Night.flac
NOMAD-0822	andrewdropboxfull:/Andrew Beveridge/MediaUnsynced/Karaoke/Tracks-Organized/NOMAD-0822 - Testament - Brotherhood of the Snake/Testament - Brotherhood of the Snake (Original).flac	NOMAD-0822 - Testament - Brotherhood of the Snake.flac
NOMAD-0823	andrewdropboxfull:/Andrew Beveridge/MediaUnsynced/Karaoke/Tracks-Organized/NOMAD-0823 - Qveen Herby - Mission/Qveen Herby - Mission (Original).flac	NOMAD-0823 - Qveen Herby - Mission.flac
NOMAD-0824	andrewdropboxfull:/Andrew Beveridge/MediaUnsynced/Karaoke/Tracks-Organized/NOMAD-0824 - Qveen Herby - Juice/Qveen Herby - Juice (Original).flac	NOMAD-0824 - Qveen Herby - Juice.flac
NOMAD-0825	andrewdropboxfull:/Andrew Beveridge/MediaUnsynced/Karaoke/Tracks-Organized/NOMAD-0825 - Qveen Herby - Pre Roll/Qveen Herby - Pre Roll (Original).flac	NOMAD-0825 - Qveen Herby - Pre Roll.flac
NOMAD-0826	andrewdropboxfull:/Andrew Beveridge/MediaUnsynced/Karaoke/Tracks-Organized/NOMAD-0826 - Qveen Herby - 5D/Qveen Herby - 5D (Original).flac	NOMAD-0826 - Qveen Herby - 5D.flac
NOMAD-0827	andrewdropboxfull:/Andrew Beveridge/MediaUnsynced/Karaoke/Tracks-Organized/NOMAD-0827 - Qveen Herby - Mint/Qveen Herby - Mint (Original).flac	NOMAD-0827 - Qveen Herby - Mint.flac
NOMAD-0828	andrewdropboxfull:/Andrew Beveridge/MediaUnsynced/Karaoke/Tracks-Organized/NOMAD-0828 - Luvcat - Love & Money/Luvcat - Love & Money (Original).flac	NOMAD-0828 - Luvcat - Love & Money.flac
NOMAD-0829	andrewdropboxfull:/Andrew Beveridge/MediaUnsynced/Karaoke/Tracks-Organized/NOMAD-0829 - American Head Charge - Song For The Suspect/American Head Charge - Song For The Suspect (Original).flac	NOMAD-0829 - American Head Charge - Song For The Suspect.flac
NOMAD-0830	andrewdropboxfull:/Andrew Beveridge/MediaUnsynced/Karaoke/Tracks-Organized/NOMAD-0830 - HIM - It's All Tears (Drown In This Love)/HIM - It's All Tears (Drown In This Love) (Original).flac	NOMAD-0830 - HIM - It's All Tears (Drown In This Love).flac
NOMAD-0831	andrewdropboxfull:/Andrew Beveridge/MediaUnsynced/Karaoke/Tracks-Organized/NOMAD-0831 - Katie Gregson-MacLeod - Teenage Love/Katie Gregson-MacLeod - Teenage Love (Youtube LVeisuzrfh8).wav	NOMAD-0831 - Katie Gregson-MacLeod - Teenage Love.wav
NOMAD-0832	andrewdropboxfull:/Andrew Beveridge/MediaUnsynced/Karaoke/Tracks-Organized/NOMAD-0832 - Lynda Randle - God On The Mountain/Lynda Randle - God On The Mountain (Original).flac	NOMAD-0832 - Lynda Randle - God On The Mountain.flac
NOMAD-0833	andrewdropboxfull:/Andrew Beveridge/MediaUnsynced/Karaoke/Tracks-Organized/NOMAD-0833 - CeCe Winans - Goodness Of God/CeCe Winans - Goodness Of God (Original).flac	NOMAD-0833 - CeCe Winans - Goodness Of God.flac
NOMAD-0834	andrewdropboxfull:/Andrew Beveridge/MediaUnsynced/Karaoke/Tracks-Organized/NOMAD-0834 - Don McLean (Parody) - American Rabbi/Don McLean (Parody) - American Rabbi (Original).wav	NOMAD-0834 - Don McLean (Parody) - American Rabbi.wav
NOMAD-0835	andrewdropboxfull:/Andrew Beveridge/MediaUnsynced/Karaoke/Tracks-Organized/NOMAD-0835 - March To The Grave - I'm Too Fat/March To The Grave - I'm Too Fat (Original).flac	NOMAD-0835 - March To The Grave - I'm Too Fat.flac
NOMAD-0836	andrewdropboxfull:/Andrew Beveridge/MediaUnsynced/Karaoke/Tracks-Organized/NOMAD-0836 - HIM - Under the Rose/HIM - Under the Rose (Original).flac	NOMAD-0836 - HIM - Under the Rose.flac
NOMAD-0837	andrewdropboxfull:/Andrew Beveridge/MediaUnsynced/Karaoke/Tracks-Organized/NOMAD-0837 - HIM - Disarm Me (With Your Loneliness)/HIM - Disarm Me (With Your Loneliness) (Original).flac	NOMAD-0837 - HIM - Disarm Me (With Your Loneliness).flac
NOMAD-0838	andrewdropboxfull:/Andrew Beveridge/MediaUnsynced/Karaoke/Tracks-Organized/NOMAD-0838 - Mickey Avalon - Dance (feat. Cisco Adler)/Mickey Avalon - Dance (feat. Cisco Adler) (Original).flac	NOMAD-0838 - Mickey Avalon - Dance (feat. Cisco Adler).flac
NOMAD-0839	andrewdropboxfull:/Andrew Beveridge/MediaUnsynced/Karaoke/Tracks-Organized/NOMAD-0839 - Chuck Brown - We Need Some Money (Bout Money)/Chuck Brown - We Need Some Money (Bout Money) (Original).flac	NOMAD-0839 - Chuck Brown - We Need Some Money (Bout Money).flac
NOMAD-0840	andrewdropboxfull:/Andrew Beveridge/MediaUnsynced/Karaoke/Tracks-Organized/NOMAD-0840 - David Bowie - Within You/David Bowie - Within You (Original).flac	NOMAD-0840 - David Bowie - Within You.flac
NOMAD-0841	andrewdropboxfull:/Andrew Beveridge/MediaUnsynced/Karaoke/Tracks-Organized/NOMAD-0841 - Skip Ewing - Still Under The Weather/Skip Ewing - Still Under The Weather (Original).flac	NOMAD-0841 - Skip Ewing - Still Under The Weather.flac
NOMAD-0842	andrewdropboxfull:/Andrew Beveridge/MediaUnsynced/Karaoke/Tracks-Organized/NOMAD-0842 - Deborah Van Valkenburgh - Dangerous Strangers/Deborah Van Valkenburgh - Dangerous Strangers (Original).flac	NOMAD-0842 - Deborah Van Valkenburgh - Dangerous Strangers.flac
NOMAD-0843	andrewdropboxfull:/Andrew Beveridge/MediaUnsynced/Karaoke/Tracks-Organized/NOMAD-0843 - Doechii - Anxiety/Doechii - Anxiety (Original).flac	NOMAD-0843 - Doechii - Anxiety.flac
NOMAD-0844	andrewdropboxfull:/Andrew Beveridge/MediaUnsynced/Karaoke/Tracks-Organized/NOMAD-0844 - RuPaul - Just What They Want/RuPaul - Just What They Want (Original).flac	NOMAD-0844 - RuPaul - Just What They Want.flac
NOMAD-0845	andrewdropboxfull:/Andrew Beveridge/MediaUnsynced/Karaoke/Tracks-Organized/NOMAD-0845 - Harry Connick, Jr. - There Is Always One More Time/Harry Connick, Jr. - There Is Always One More Time (Original).flac	NOMAD-0845 - Harry Connick, Jr. - There Is Always One More Time.flac
NOMAD-0846	andrewdropboxfull:/Andrew Beveridge/MediaUnsynced/Karaoke/Tracks-Organized/NOMAD-0846 - Bow Wow Wow (Parody) - I Want Candy/Bow Wow Wow (Parody) - I Want Candy (Original).wav	NOMAD-0846 - Bow Wow Wow (Parody) - I Want Candy.wav
NOMAD-0847	andrewdropboxfull:/Andrew Beveridge/MediaUnsynced/Karaoke/Tracks-Organized/NOMAD-0847 - Little Shop of Horrors (Parody) - Somewhere to Park/Little Shop of Horrors (Parody) - Somewhere to Park (Original).wav	NOMAD-0847 - Little Shop of Horrors (Parody) - Somewhere to Park.wav
NOMAD-0848	andrewdropboxfull:/Andrew Beveridge/MediaUnsynced/Karaoke/Tracks-Organized/NOMAD-0848 - The Cutlers of Cornwall - Trelawney/The Cutlers of Cornwall - Trelawney (Original).wav	NOMAD-0848 - The Cutlers of Cornwall - Trelawney.wav
NOMAD-0849	andrewdropboxfull:/Andrew Beveridge/MediaUnsynced/Karaoke/Tracks-Organized/NOMAD-0849 - Wicked (Parody) - Royalty/Wicked (Parody) - Royalty (Original).wav	NOMAD-0849 - Wicked (Parody) - Royalty.wav
NOMAD-0850	andrewdropboxfull:/Andrew Beveridge/MediaUnsynced/Karaoke/Tracks-Organized/NOMAD-0850 - The Cutlers of Cornwall - Railroad/The Cutlers of Cornwall - Railroad (Original).wav	NOMAD-0850 - The Cutlers of Cornwall - Railroad.wav
NOMAD-0851	andrewdropboxfull:/Andrew Beveridge/MediaUnsynced/Karaoke/Tracks-Organized/NOMAD-0851 - The Cutlers of Cornwall - Hail To The Homeland/The Cutlers of Cornwall - Hail To The Homeland (Original).wav	NOMAD-0851 - The Cutlers of Cornwall - Hail To The Homeland.wav
NOMAD-0852	andrewdropboxfull:/Andrew Beveridge/MediaUnsynced/Karaoke/Tracks-Organized/NOMAD-0852 - The Cutlers of Cornwall - Lamorna/The Cutlers of Cornwall - Lamorna (Original).wav	NOMAD-0852 - The Cutlers of Cornwall - Lamorna.wav
NOMAD-0853	andrewdropboxfull:/Andrew Beveridge/MediaUnsynced/Karaoke/Tracks-Organized/NOMAD-0853 - The Cutlers of Cornwall - Little Lize Medley/The Cutlers of Cornwall - Little Lize Medley (Original).wav	NOMAD-0853 - The Cutlers of Cornwall - Little Lize Medley.wav
NOMAD-0854	andrewdropboxfull:/Andrew Beveridge/MediaUnsynced/Karaoke/Tracks-Organized/NOMAD-0854 - The Cutlers of Cornwall - The White Rose/The Cutlers of Cornwall - The White Rose (Original).wav	NOMAD-0854 - The Cutlers of Cornwall - The White Rose.wav
NOMAD-0855	andrewdropboxfull:/Andrew Beveridge/MediaUnsynced/Karaoke/Tracks-Organized/NOMAD-0855 - The Beatles (Parody) - Hey Jews/The Beatles (Parody) - Hey Jews (Original).wav	NOMAD-0855 - The Beatles (Parody) - Hey Jews.wav
NOMAD-0856	andrewdropboxfull:/Andrew Beveridge/MediaUnsynced/Karaoke/Tracks-Organized/NOMAD-0856 - Boney M. - Sunny/Boney M. - Sunny (Original).flac	NOMAD-0856 - Boney M. - Sunny.flac
NOMAD-0857	andrewdropboxfull:/Andrew Beveridge/MediaUnsynced/Karaoke/Tracks-Organized/NOMAD-0857 - Ryan Higa ft. Chester See (nigahiga) - Nice Guys/Ryan Higa ft. Chester See (nigahiga) - Nice Guys (Original).flac	NOMAD-0857 - Ryan Higa ft. Chester See (nigahiga) - Nice Guys.flac
NOMAD-0858	andrewdropboxfull:/Andrew Beveridge/MediaUnsynced/Karaoke/Tracks-Organized/NOMAD-0858 - Ryan Higa ft. Chester See (nigahiga) - Bromance/Ryan Higa ft. Chester See (nigahiga) - Bromance (Original).flac	NOMAD-0858 - Ryan Higa ft. Chester See (nigahiga) - Bromance.flac
NOMAD-0859	andrewdropboxfull:/Andrew Beveridge/MediaUnsynced/Karaoke/Tracks-Organized/NOMAD-0859 - The Gaslight Anthem - Break Your Heart/The Gaslight Anthem - Break Your Heart (Original).flac	NOMAD-0859 - The Gaslight Anthem - Break Your Heart.flac
NOMAD-0860	andrewdropboxfull:/Andrew Beveridge/MediaUnsynced/Karaoke/Tracks-Organized/NOMAD-0860 - Volbeat - Pearl Hart/Volbeat - Pearl Hart (Original).flac	NOMAD-0860 - Volbeat - Pearl Hart.flac
NOMAD-0861	andrewdropboxfull:/Andrew Beveridge/MediaUnsynced/Karaoke/Tracks-Organized/NOMAD-0861 - Seether - What Would You Do/Seether - What Would You Do (Original).flac	NOMAD-0861 - Seether - What Would You Do.flac
NOMAD-0862	andrewdropboxfull:/Andrew Beveridge/MediaUnsynced/Karaoke/Tracks-Organized/NOMAD-0862 - Killswitch Engage - Fixation On The Darkness/Killswitch Engage - Fixation On The Darkness (Original).flac	NOMAD-0862 - Killswitch Engage - Fixation On The Darkness.flac
NOMAD-0863	andrewdropboxfull:/Andrew Beveridge/MediaUnsynced/Karaoke/Tracks-Organized/NOMAD-0863 - American Head Charge - All Wrapped Up/American Head Charge - All Wrapped Up (Original).flac	NOMAD-0863 - American Head Charge - All Wrapped Up.flac
NOMAD-0864	andrewdropboxfull:/Andrew Beveridge/MediaUnsynced/Karaoke/Tracks-Organized/NOMAD-0864 - Caviar - Tangerine Speedo/Caviar - Tangerine Speedo (Original).flac	NOMAD-0864 - Caviar - Tangerine Speedo.flac
NOMAD-0865	andrewdropboxfull:/Andrew Beveridge/MediaUnsynced/Karaoke/Tracks-Organized/NOMAD-0865 - Flight of the Conchords - Leggy Blonde/Flight of the Conchords - Leggy Blonde (Original).flac	NOMAD-0865 - Flight of the Conchords - Leggy Blonde.flac
NOMAD-0866	andrewdropboxfull:/Andrew Beveridge/MediaUnsynced/Karaoke/Tracks-Organized/NOMAD-0866 - Billy Idol - Plastic Jesus/Billy Idol - Plastic Jesus (Original).flac	NOMAD-0866 - Billy Idol - Plastic Jesus.flac
NOMAD-0867	andrewdropboxfull:/Andrew Beveridge/MediaUnsynced/Karaoke/Tracks-Organized/NOMAD-0867 - Harry Nilsson - Early In The Morning/Harry Nilsson - Early In The Morning (Original).flac	NOMAD-0867 - Harry Nilsson - Early In The Morning.flac
NOMAD-0868	andrewdropboxfull:/Andrew Beveridge/MediaUnsynced/Karaoke/Tracks-Organized/NOMAD-0868 - Kellyoke (Kelly Clarkson) - Get Together (The Youngbloods)/Kellyoke (Kelly Clarkson) - Get Together (The Youngbloods) (Youtube hhO92LO7thg).wav	NOMAD-0868 - Kellyoke (Kelly Clarkson) - Get Together (The Youngbloods).wav
NOMAD-0869	andrewdropboxfull:/Andrew Beveridge/MediaUnsynced/Karaoke/Tracks-Organized/NOMAD-0869 - HIM - Razorblade Kiss/HIM - Razorblade Kiss (Original).flac	NOMAD-0869 - HIM - Razorblade Kiss.flac
NOMAD-0870	andrewdropboxfull:/Andrew Beveridge/MediaUnsynced/Karaoke/Tracks-Organized/NOMAD-0870 - Raynes - Cast The Bronze/Raynes - Cast The Bronze (Original).flac	NOMAD-0870 - Raynes - Cast The Bronze.flac
NOMAD-0871	andrewdropboxfull:/Andrew Beveridge/MediaUnsynced/Karaoke/Tracks-Organized/NOMAD-0871 - Pepper Coyote - I Can Always Say I Tried/Pepper Coyote - I Can Always Say I Tried (Original).flac	NOMAD-0871 - Pepper Coyote - I Can Always Say I Tried.flac
NOMAD-0872	andrewdropboxfull:/Andrew Beveridge/MediaUnsynced/Karaoke/Tracks-Organized/NOMAD-0872 - Tom Astor - Jenseits der Zeit/Tom Astor - Jenseits der Zeit (Original).flac	NOMAD-0872 - Tom Astor - Jenseits der Zeit.flac
NOMAD-0873	andrewdropboxfull:/Andrew Beveridge/MediaUnsynced/Karaoke/Tracks-Organized/NOMAD-0873 - Silverstein - Forget Your Heart/Silverstein - Forget Your Heart (Original).flac	NOMAD-0873 - Silverstein - Forget Your Heart.flac
NOMAD-0874	andrewdropboxfull:/Andrew Beveridge/MediaUnsynced/Karaoke/Tracks-Organized/NOMAD-0874 - Sarah and the Sundays - The Cue/Sarah and the Sundays - The Cue (Original).flac	NOMAD-0874 - Sarah and the Sundays - The Cue.flac
NOMAD-0876	andrewdropboxfull:/Andrew Beveridge/MediaUnsynced/Karaoke/Tracks-Organized/NOMAD-0876 - Ghoti Hook - Seasons/Ghoti Hook - Seasons (Original).flac	NOMAD-0876 - Ghoti Hook - Seasons.flac
NOMAD-0877	andrewdropboxfull:/Andrew Beveridge/MediaUnsynced/Karaoke/Tracks-Organized/NOMAD-0877 - Limp - Eighteen/Limp - Eighteen (Original).flac	NOMAD-0877 - Limp - Eighteen.flac
NOMAD-0878	andrewdropboxfull:/Andrew Beveridge/MediaUnsynced/Karaoke/Tracks-Organized/NOMAD-0878 - Smokey Robinson - Baby Come Close/Smokey Robinson - Baby Come Close (Original).flac	NOMAD-0878 - Smokey Robinson - Baby Come Close.flac
NOMAD-0879	andrewdropboxfull:/Andrew Beveridge/MediaUnsynced/Karaoke/Tracks-Organized/NOMAD-0879 - Richie Kavanagh - Chicken Talk/Richie Kavanagh - Chicken Talk (youtube).wav	NOMAD-0879 - Richie Kavanagh - Chicken Talk.wav
NOMAD-0880	andrewdropboxfull:/Andrew Beveridge/MediaUnsynced/Karaoke/Tracks-Organized/NOMAD-0880 - George “Corpsegrinder” Fisher - On Wings of Carnage/George “Corpsegrinder” Fisher - On Wings of Carnage (Original).flac	NOMAD-0880 - George “Corpsegrinder” Fisher - On Wings of Carnage.flac
NOMAD-0881	andrewdropboxfull:/Andrew Beveridge/MediaUnsynced/Karaoke/Tracks-Organized/NOMAD-0881 - My Bloody Valentine - Only Shallow/My Bloody Valentine - Only Shallow (Original).flac	NOMAD-0881 - My Bloody Valentine - Only Shallow.flac
NOMAD-0882	andrewdropboxfull:/Andrew Beveridge/MediaUnsynced/Karaoke/Tracks-Organized/NOMAD-0882 - Orelsan - Défaite de famille/Orelsan - Défaite de famille (Original).flac	NOMAD-0882 - Orelsan - Défaite de famille.flac
NOMAD-0883	andrewdropboxfull:/Andrew Beveridge/MediaUnsynced/Karaoke/Tracks-Organized/NOMAD-0883 - Mickey Lamantia - The Old One/Mickey Lamantia - The Old One (youtube).wav	NOMAD-0883 - Mickey Lamantia - The Old One.wav
NOMAD-0884	andrewdropboxfull:/Andrew Beveridge/MediaUnsynced/Karaoke/Tracks-Organized/NOMAD-0884 - Zoe Bayani - Body Farm/Zoe Bayani - Body Farm (Original).flac	NOMAD-0884 - Zoe Bayani - Body Farm.flac
NOMAD-0885	andrewdropboxfull:/Andrew Beveridge/MediaUnsynced/Karaoke/Tracks-Organized/NOMAD-0885 - Lyrics Born - Bad Dreams/Lyrics Born - Bad Dreams (Original).flac	NOMAD-0885 - Lyrics Born - Bad Dreams.flac
NOMAD-0886	andrewdropboxfull:/Andrew Beveridge/MediaUnsynced/Karaoke/Tracks-Organized/NOMAD-0886 - Kenny Loggins - Why Do People Lie/Kenny Loggins - Why Do People Lie (Original).flac	NOMAD-0886 - Kenny Loggins - Why Do People Lie.flac
NOMAD-0887	andrewdropboxfull:/Andrew Beveridge/MediaUnsynced/Karaoke/Tracks-Organized/NOMAD-0887 - Cobra Starship - The City Is at War/Cobra Starship - The City Is at War (Original).flac	NOMAD-0887 - Cobra Starship - The City Is at War.flac
NOMAD-0888	andrewdropboxfull:/Andrew Beveridge/MediaUnsynced/Karaoke/Tracks-Organized/NOMAD-0888 - Qveen Herby - BDE/Qveen Herby - BDE (Original).flac	NOMAD-0888 - Qveen Herby - BDE.flac
NOMAD-0889	andrewdropboxfull:/Andrew Beveridge/MediaUnsynced/Karaoke/Tracks-Organized/NOMAD-0889 - Luvcat - Dinner @ Brasserie Zédel/Luvcat - Dinner @ Brasserie Zédel (Original).flac	NOMAD-0889 - Luvcat - Dinner @ Brasserie Zédel.flac
NOMAD-0890	andrewdropboxfull:/Andrew Beveridge/MediaUnsynced/Karaoke/Tracks-Organized/NOMAD-0890 - Frank Ocean - Solo/Frank Ocean - Solo (Original).flac	NOMAD-0890 - Frank Ocean - Solo.flac
NOMAD-0891	andrewdropboxfull:/Andrew Beveridge/MediaUnsynced/Karaoke/Tracks-Organized/NOMAD-0891 - Zella Day - Seven Nation Army/Zella Day - Seven Nation Army (Original).flac	NOMAD-0891 - Zella Day - Seven Nation Army.flac
NOMAD-0892	andrewdropboxfull:/Andrew Beveridge/MediaUnsynced/Karaoke/Tracks-Organized/NOMAD-0892 - Marco McDewey - Moments in a Bottle/Marco McDewey - Moments in a Bottle (Original).wav	NOMAD-0892 - Marco McDewey - Moments in a Bottle.wav
NOMAD-0893	andrewdropboxfull:/Andrew Beveridge/MediaUnsynced/Karaoke/Tracks-Organized/NOMAD-0893 - Marco McDewey - Fire on the Highway/Marco McDewey - Fire on the Highway (Original).wav	NOMAD-0893 - Marco McDewey - Fire on the Highway.wav
NOMAD-0894	andrewdropboxfull:/Andrew Beveridge/MediaUnsynced/Karaoke/Tracks-Organized/NOMAD-0894 - Marco McDewey - If I Could Turn Back Time/Marco McDewey - If I Could Turn Back Time (Original).wav	NOMAD-0894 - Marco McDewey - If I Could Turn Back Time.wav
NOMAD-0895	andrewdropboxfull:/Andrew Beveridge/MediaUnsynced/Karaoke/Tracks-Organized/NOMAD-0895 - Marco McDewey - Past days new way/Marco McDewey - Past days new way (Original).wav	NOMAD-0895 - Marco McDewey - Past days new way.wav
NOMAD-0896	andrewdropboxfull:/Andrew Beveridge/MediaUnsynced/Karaoke/Tracks-Organized/NOMAD-0896 - Marco McDewey - Piña Colada in a Can/Marco McDewey - Piña Colada in a Can (Original).wav	NOMAD-0896 - Marco McDewey - Piña Colada in a Can.wav
NOMAD-0897	andrewdropboxfull:/Andrew Beveridge/MediaUnsynced/Karaoke/Tracks-Organized/NOMAD-0897 - Ska Daddyz - Rude Boyz/Ska Daddyz - Rude Boyz (Original).flac	NOMAD-0897 - Ska Daddyz - Rude Boyz.flac
NOMAD-0898	andrewdropboxfull:/Andrew Beveridge/MediaUnsynced/Karaoke/Tracks-Organized/NOMAD-0898 - Uriah Heep - Spider Woman/Uriah Heep - Spider Woman (Original).flac	NOMAD-0898 - Uriah Heep - Spider Woman.flac
NOMAD-0899	andrewdropboxfull:/Andrew Beveridge/MediaUnsynced/Karaoke/Tracks-Organized/NOMAD-0899 - Ska Daddyz - Get A Grip/Ska Daddyz - Get A Grip (Original).flac	NOMAD-0899 - Ska Daddyz - Get A Grip.flac
NOMAD-0900	andrewdropboxfull:/Andrew Beveridge/MediaUnsynced/Karaoke/Tracks-Organized/NOMAD-0900 - Ska Daddyz - Hotel California/Ska Daddyz - Hotel California (Original).flac	NOMAD-0900 - Ska Daddyz - Hotel California.flac
NOMAD-0901	andrewdropboxfull:/Andrew Beveridge/MediaUnsynced/Karaoke/Tracks-Organized/NOMAD-0901 - Ska Daddyz - Two Lonely People (Live)/Ska Daddyz - Two Lonely People (Live) (Original).flac	NOMAD-0901 - Ska Daddyz - Two Lonely People (Live).flac
NOMAD-0902	andrewdropboxfull:/Andrew Beveridge/MediaUnsynced/Karaoke/Tracks-Organized/NOMAD-0902 - The Kills - Future Starts Slow/The Kills - Future Starts Slow (Original).flac	NOMAD-0902 - The Kills - Future Starts Slow.flac
NOMAD-0903	andrewdropboxfull:/Andrew Beveridge/MediaUnsynced/Karaoke/Tracks-Organized/NOMAD-0903 - Frank Sinatra - I Could Have Told You/Frank Sinatra - I Could Have Told You (Original).flac	NOMAD-0903 - Frank Sinatra - I Could Have Told You.flac
NOMAD-0904	andrewdropboxfull:/Andrew Beveridge/MediaUnsynced/Karaoke/Tracks-Organized/NOMAD-0904 - Frank Sinatra - Body And Soul/Frank Sinatra - Body And Soul (Original).flac	NOMAD-0904 - Frank Sinatra - Body And Soul.flac
NOMAD-0905	andrewdropboxfull:/Andrew Beveridge/MediaUnsynced/Karaoke/Tracks-Organized/NOMAD-0905 - Tracy Byrd - Saltwater Cowboy/Tracy Byrd - Saltwater Cowboy (Original).flac	NOMAD-0905 - Tracy Byrd - Saltwater Cowboy.flac
NOMAD-0906	andrewdropboxfull:/Andrew Beveridge/MediaUnsynced/Karaoke/Tracks-Organized/NOMAD-0906 - Tracy Lawrence - Pills/Tracy Lawrence - Pills (Original).flac	NOMAD-0906 - Tracy Lawrence - Pills.flac
NOMAD-0907	andrewdropboxfull:/Andrew Beveridge/MediaUnsynced/Karaoke/Tracks-Organized/NOMAD-0907 - Tom Astor - Disco Western Rodeo/Tom Astor - Disco Western Rodeo (Original).wav	NOMAD-0907 - Tom Astor - Disco Western Rodeo.wav
NOMAD-0908	andrewdropboxfull:/Andrew Beveridge/MediaUnsynced/Karaoke/Tracks-Organized/NOMAD-0908 - Tom Astor - Erstmal 'nen Kaffee/Tom Astor - Erstmal 'nen Kaffee (Original).wav	NOMAD-0908 - Tom Astor - Erstmal 'nen Kaffee.wav
NOMAD-0909	andrewdropboxfull:/Andrew Beveridge/MediaUnsynced/Karaoke/Tracks-Organized/NOMAD-0909 - Chat Pile - Lake Time (Mr. Rodan)/Chat Pile - Lake Time (Mr. Rodan) (Original).flac	NOMAD-0909 - Chat Pile - Lake Time (Mr. Rodan).flac
NOMAD-0910	andrewdropboxfull:/Andrew Beveridge/MediaUnsynced/Karaoke/Tracks-Organized/NOMAD-0910 - Linda Feller - Leben ist für mich Rock 'n' Roll/Linda Feller - Leben ist für mich Rock 'n' Roll (Original).wav	NOMAD-0910 - Linda Feller - Leben ist für mich Rock 'n' Roll.wav
NOMAD-0911	andrewdropboxfull:/Andrew Beveridge/MediaUnsynced/Karaoke/Tracks-Organized/NOMAD-0911 - LCD Soundsystem - All My Friends (Live)/LCD Soundsystem - All My Friends (Live) (Original).flac	NOMAD-0911 - LCD Soundsystem - All My Friends (Live).flac
NOMAD-0912	andrewdropboxfull:/Andrew Beveridge/MediaUnsynced/Karaoke/Tracks-Organized/NOMAD-0912 - Arcade Fire - Afterlife (Live Bilbao 2024)/Arcade Fire - Afterlife (Live Bilbao 2024) (Original).flac	NOMAD-0912 - Arcade Fire - Afterlife (Live Bilbao 2024).flac
NOMAD-0913	andrewdropboxfull:/Andrew Beveridge/MediaUnsynced/Karaoke/Tracks-Organized/NOMAD-0913 - Corry Michaels - Be My Baby/Corry Michaels - Be My Baby (Original).wav	NOMAD-0913 - Corry Michaels - Be My Baby.wav
NOMAD-0914	andrewdropboxfull:/Andrew Beveridge/MediaUnsynced/Karaoke/Tracks-Organized/NOMAD-0914 - Mumford & Sons - Where It Belongs/Mumford & Sons - Where It Belongs (Original).flac	NOMAD-0914 - Mumford & Sons - Where It Belongs.flac
NOMAD-0915	andrewdropboxfull:/Andrew Beveridge/MediaUnsynced/Karaoke/Tracks-Organized/NOMAD-0915 - LCD Soundsystem - No Love Lost/LCD Soundsystem - No Love Lost (Original).flac	NOMAD-0915 - LCD Soundsystem - No Love Lost.flac
NOMAD-0916	andrewdropboxfull:/Andrew Beveridge/MediaUnsynced/Karaoke/Tracks-Organized/NOMAD-0916 - Lady Antebellum - Heart Of The World/Lady Antebellum - Heart Of The World (Original).flac	NOMAD-0916 - Lady Antebellum - Heart Of The World.flac
NOMAD-0917	andrewdropboxfull:/Andrew Beveridge/MediaUnsynced/Karaoke/Tracks-Organized/NOMAD-0917 - LCD Soundsystem - call the police (electric lady sessions)/LCD Soundsystem - call the police (electric lady sessions) (Original).flac	NOMAD-0917 - LCD Soundsystem - call the police (electric lady sessions).flac
NOMAD-0918	andrewdropboxfull:/Andrew Beveridge/MediaUnsynced/Karaoke/Tracks-Organized/NOMAD-0918 - Roger Waters - Mother (Live)/Roger Waters - Mother (Live) (Original).flac	NOMAD-0918 - Roger Waters - Mother (Live).flac
NOMAD-0919	andrewdropboxfull:/Andrew Beveridge/MediaUnsynced/Karaoke/Tracks-Organized/NOMAD-0919 - Roger Waters - Amused to Death/Roger Waters - Amused to Death (Original).flac	NOMAD-0919 - Roger Waters - Amused to Death.flac
NOMAD-0920	andrewdropboxfull:/Andrew Beveridge/MediaUnsynced/Karaoke/Tracks-Organized/NOMAD-0920 - Raynes - Collapse/Raynes - Collapse (Original).flac	NOMAD-0920 - Raynes - Collapse.flac
NOMAD-0921	andrewdropboxfull:/Andrew Beveridge/MediaUnsynced/Karaoke/Tracks-Organized/NOMAD-0921 - Eddie From Ohio - Baltimore/Eddie From Ohio - Baltimore (Original).flac	NOMAD-0921 - Eddie From Ohio - Baltimore.flac
NOMAD-0922	andrewdropboxfull:/Andrew Beveridge/MediaUnsynced/Karaoke/Tracks-Organized/NOMAD-0922 - Art Sorority - Spaceship/Art Sorority - Spaceship (Original).flac	NOMAD-0922 - Art Sorority - Spaceship.flac
NOMAD-0923	andrewdropboxfull:/Andrew Beveridge/MediaUnsynced/Karaoke/Tracks-Organized/NOMAD-0923 - Queen (Parody) - We Will Show Them/Queen (Parody) - We Will Show Them (Original).flac	NOMAD-0923 - Queen (Parody) - We Will Show Them.flac
NOMAD-0924	andrewdropboxfull:/Andrew Beveridge/MediaUnsynced/Karaoke/Tracks-Organized/NOMAD-0924 - Vanessa Williams - Love Dance/Vanessa Williams - Love Dance (Original).flac	NOMAD-0924 - Vanessa Williams - Love Dance.flac
NOMAD-0925	andrewdropboxfull:/Andrew Beveridge/MediaUnsynced/Karaoke/Tracks-Organized/NOMAD-0925 - Shirley Horn - I Could Have Told You/Shirley Horn - I Could Have Told You (Original).flac	NOMAD-0925 - Shirley Horn - I Could Have Told You.flac
NOMAD-0926	andrewdropboxfull:/Andrew Beveridge/MediaUnsynced/Karaoke/Tracks-Organized/NOMAD-0926 - Drake - NOKIA/Drake - NOKIA (Original).flac	NOMAD-0926 - Drake - NOKIA.flac
NOMAD-0927	andrewdropboxfull:/Andrew Beveridge/MediaUnsynced/Karaoke/Tracks-Organized/NOMAD-0927 - Alan Jackson - The Older I Get/Alan Jackson - The Older I Get (Original).flac	NOMAD-0927 - Alan Jackson - The Older I Get.flac
NOMAD-0928	andrewdropboxfull:/Andrew Beveridge/MediaUnsynced/Karaoke/Tracks-Organized/NOMAD-0928 - Willie Nelson - Butterfly/Willie Nelson - Butterfly (Original).flac	NOMAD-0928 - Willie Nelson - Butterfly.flac
NOMAD-0929	andrewdropboxfull:/Andrew Beveridge/MediaUnsynced/Karaoke/Tracks-Organized/NOMAD-0929 - Powersolo - Baby, You Ain't Looking Right/Powersolo - Baby, You Ain't Looking Right (Original).flac	NOMAD-0929 - Powersolo - Baby, You Ain't Looking Right.flac
NOMAD-0930	andrewdropboxfull:/Andrew Beveridge/MediaUnsynced/Karaoke/Tracks-Organized/NOMAD-0930 - Devo - Human Rocket/Devo - Human Rocket (Original).flac	NOMAD-0930 - Devo - Human Rocket.flac
NOMAD-0931	andrewdropboxfull:/Andrew Beveridge/MediaUnsynced/Karaoke/Tracks-Organized/NOMAD-0931 - Red Hot Chili Peppers - Party On Your Pussy/Red Hot Chili Peppers - Party On Your Pussy (Original).flac	NOMAD-0931 - Red Hot Chili Peppers - Party On Your Pussy.flac
NOMAD-0932	andrewdropboxfull:/Andrew Beveridge/MediaUnsynced/Karaoke/Tracks-Organized/NOMAD-0932 - Jerry Reed - Hard Times/Jerry Reed - Hard Times (Original).flac	NOMAD-0932 - Jerry Reed - Hard Times.flac
NOMAD-0933	andrewdropboxfull:/Andrew Beveridge/MediaUnsynced/Karaoke/Tracks-Organized/NOMAD-0933 - Ellie Dixon - Renaissance/Ellie Dixon - Renaissance (Original).flac	NOMAD-0933 - Ellie Dixon - Renaissance.flac
NOMAD-0934	andrewdropboxfull:/Andrew Beveridge/MediaUnsynced/Karaoke/Tracks-Organized/NOMAD-0934 - Ellie Dixon - Guts/Ellie Dixon - Guts (Original).flac	NOMAD-0934 - Ellie Dixon - Guts.flac
NOMAD-0935	andrewdropboxfull:/Andrew Beveridge/MediaUnsynced/Karaoke/Tracks-Organized/NOMAD-0935 - Ellie Dixon - Knight Shift/Ellie Dixon - Knight Shift (Original).flac	NOMAD-0935 - Ellie Dixon - Knight Shift.flac
NOMAD-0936	andrewdropboxfull:/Andrew Beveridge/MediaUnsynced/Karaoke/Tracks-Organized/NOMAD-0936 - Sam Cooke - Touch The Hem Of His Garment/Sam Cooke - Touch The Hem Of His Garment (Original).flac	NOMAD-0936 - Sam Cooke - Touch The Hem Of His Garment.flac
NOMAD-0937	andrewdropboxfull:/Andrew Beveridge/MediaUnsynced/Karaoke/Tracks-Organized/NOMAD-0937 - Marco McDewey - Heaven Sent You to Me/Marco McDewey - Heaven Sent You to Me (Original).wav	NOMAD-0937 - Marco McDewey - Heaven Sent You to Me.wav
NOMAD-0938	andrewdropboxfull:/Andrew Beveridge/MediaUnsynced/Karaoke/Tracks-Organized/NOMAD-0938 - Barbra Streisand & Yves Montand - What Did I Have That I Don't Have/Barbra Streisand & Yves Montand - What Did I Have That I Don't Have (Original).flac	NOMAD-0938 - Barbra Streisand & Yves Montand - What Did I Have That I Don't Have.flac
NOMAD-0939	andrewdropboxfull:/Andrew Beveridge/MediaUnsynced/Karaoke/Tracks-Organized/NOMAD-0939 - Eydie Gorme - What Did I Have That I Don't Have/Eydie Gorme - What Did I Have That I Don't Have (Original).flac	NOMAD-0939 - Eydie Gorme - What Did I Have That I Don't Have.flac
NOMAD-0940	andrewdropboxfull:/Andrew Beveridge/MediaUnsynced/Karaoke/Tracks-Organized/NOMAD-0940 - Barbara Harris - What Did I Have That I Don't Have/Barbara Harris - What Did I Have That I Don't Have (Original).flac	NOMAD-0940 - Barbara Harris - What Did I Have That I Don't Have.flac
NOMAD-0941	andrewdropboxfull:/Andrew Beveridge/MediaUnsynced/Karaoke/Tracks-Organized/NOMAD-0941 - Judy Garland - I Don't Care/Judy Garland - I Don't Care (Original).flac	NOMAD-0941 - Judy Garland - I Don't Care.flac
NOMAD-0942	andrewdropboxfull:/Andrew Beveridge/MediaUnsynced/Karaoke/Tracks-Organized/NOMAD-0942 - Celeste - Lately/Celeste - Lately (Original).flac	NOMAD-0942 - Celeste - Lately.flac
NOMAD-0943	andrewdropboxfull:/Andrew Beveridge/MediaUnsynced/Karaoke/Tracks-Organized/NOMAD-0943 - Dasha - Drown Me/Dasha - Drown Me (Original).flac	NOMAD-0943 - Dasha - Drown Me.flac
NOMAD-0944	andrewdropboxfull:/Andrew Beveridge/MediaUnsynced/Karaoke/Tracks-Organized/NOMAD-0944 - Bloc Party - Song for Clay (Disappear Here)/Bloc Party - Song For Clay (Disappear Here) (Original).flac	NOMAD-0944 - Bloc Party - Song for Clay (Disappear Here).flac
NOMAD-0945	andrewdropboxfull:/Andrew Beveridge/MediaUnsynced/Karaoke/Tracks-Organized/NOMAD-0945 - Alaska Thunderfuck - Your Makeup Is Terrible/Alaska Thunderfuck - Your Makeup Is Terrible (Original).flac	NOMAD-0945 - Alaska Thunderfuck - Your Makeup Is Terrible.flac
NOMAD-0946	andrewdropboxfull:/Andrew Beveridge/MediaUnsynced/Karaoke/Tracks-Organized/NOMAD-0946 - Bloc Party - Hunting For Witches/Bloc Party - Hunting For Witches (Original).flac	NOMAD-0946 - Bloc Party - Hunting For Witches.flac
NOMAD-0947	andrewdropboxfull:/Andrew Beveridge/MediaUnsynced/Karaoke/Tracks-Organized/NOMAD-0947 - DeVotchKa - We're Leaving/DeVotchKa - We're Leaving (Original).flac	NOMAD-0947 - DeVotchKa - We're Leaving.flac
NOMAD-0948	andrewdropboxfull:/Andrew Beveridge/MediaUnsynced/Karaoke/Tracks-Organized/NOMAD-0948 - DeVotchKa - Such a Lovely Thing/DeVotchKa - Such a Lovely Thing (Original).flac	NOMAD-0948 - DeVotchKa - Such a Lovely Thing.flac
NOMAD-0949	andrewdropboxfull:/Andrew Beveridge/MediaUnsynced/Karaoke/Tracks-Organized/NOMAD-0949 - Bloc Party - Waiting For The 7.18/Bloc Party - Waiting For The 7.18 (Original).flac	NOMAD-0949 - Bloc Party - Waiting For The 7.18.flac
NOMAD-0950	andrewdropboxfull:/Andrew Beveridge/MediaUnsynced/Karaoke/Tracks-Organized/NOMAD-0950 - Every Time I Die - Ebolarama/Every Time I Die - Ebolarama (Original).flac	NOMAD-0950 - Every Time I Die - Ebolarama.flac
NOMAD-0951	andrewdropboxfull:/Andrew Beveridge/MediaUnsynced/Karaoke/Tracks-Organized/NOMAD-0951 - James Johnston & Appel - Country Is For Me/James Johnston & Appel - Country Is For Me (youtube).wav	NOMAD-0951 - James Johnston & Appel - Country Is For Me.wav
NOMAD-0952	andrewdropboxfull:/Andrew Beveridge/MediaUnsynced/Karaoke/Tracks-Organized/NOMAD-0952 - Charli XCX - Hot Girl (Bodies Bodies Bodies)/Charli XCX - Hot Girl (Bodies Bodies Bodies) (Original).flac	NOMAD-0952 - Charli XCX - Hot Girl (Bodies Bodies Bodies).flac
NOMAD-0953	andrewdropboxfull:/Andrew Beveridge/MediaUnsynced/Karaoke/Tracks-Organized/NOMAD-0953 - The Format - Inches and Falling/The Format - Inches and Falling (Original).flac	NOMAD-0953 - The Format - Inches and Falling.flac
NOMAD-0954	andrewdropboxfull:/Andrew Beveridge/MediaUnsynced/Karaoke/Tracks-Organized/NOMAD-0954 - Blue October - Libby I'm Listening/Blue October - Libby I'm Listening (Original).flac	NOMAD-0954 - Blue October - Libby I'm Listening.flac
NOMAD-0955	andrewdropboxfull:/Andrew Beveridge/MediaUnsynced/Karaoke/Tracks-Organized/NOMAD-0955 - Young Franco - Going On (feat. piri & MC DT)/Young Franco - Going On (feat. piri & MC DT) (Original).flac	NOMAD-0955 - Young Franco - Going On (feat. piri & MC DT).flac
NOMAD-0956	andrewdropboxfull:/Andrew Beveridge/MediaUnsynced/Karaoke/Tracks-Organized/NOMAD-0956 - The Format - Matches/The Format - Matches (Original).flac	NOMAD-0956 - The Format - Matches.flac
NOMAD-0957	andrewdropboxfull:/Andrew Beveridge/MediaUnsynced/Karaoke/Tracks-Organized/NOMAD-0957 - The Format - Time Bomb/The Format - Time Bomb (Original).flac	NOMAD-0957 - The Format - Time Bomb.flac
NOMAD-0958	andrewdropboxfull:/Andrew Beveridge/MediaUnsynced/Karaoke/Tracks-Organized/NOMAD-0958 - The Format - She Doesn't Get It/The Format - She Doesn't Get It (Original).flac	NOMAD-0958 - The Format - She Doesn't Get It.flac
NOMAD-0959	andrewdropboxfull:/Andrew Beveridge/MediaUnsynced/Karaoke/Tracks-Organized/NOMAD-0959 - The Format - Pick Me Up/The Format - Pick Me Up (Original).flac	NOMAD-0959 - The Format - Pick Me Up.flac
NOMAD-0960	andrewdropboxfull:/Andrew Beveridge/MediaUnsynced/Karaoke/Tracks-Organized/NOMAD-0960 - The Format - Oceans/The Format - Oceans (Original).flac	NOMAD-0960 - The Format - Oceans.flac
NOMAD-0961	andrewdropboxfull:/Andrew Beveridge/MediaUnsynced/Karaoke/Tracks-Organized/NOMAD-0961 - The Format - If Work Permits/The Format - If Work Permits (Original).flac	NOMAD-0961 - The Format - If Work Permits.flac
NOMAD-0962	andrewdropboxfull:/Andrew Beveridge/MediaUnsynced/Karaoke/Tracks-Organized/NOMAD-0962 - The Format - The Compromise/The Format - The Compromise (Original).flac	NOMAD-0962 - The Format - The Compromise.flac
NOMAD-0963	andrewdropboxfull:/Andrew Beveridge/MediaUnsynced/Karaoke/Tracks-Organized/NOMAD-0963 - Wild Beasts - Wanderlust/Wild Beasts - Wanderlust (Original).flac	NOMAD-0963 - Wild Beasts - Wanderlust.flac
NOMAD-0964	andrewdropboxfull:/Andrew Beveridge/MediaUnsynced/Karaoke/Tracks-Organized/NOMAD-0964 - Tanner Usrey - Come Back Down/Tanner Usrey - Come Back Down (Original).flac	NOMAD-0964 - Tanner Usrey - Come Back Down.flac
NOMAD-0965	andrewdropboxfull:/Andrew Beveridge/MediaUnsynced/Karaoke/Tracks-Organized/NOMAD-0965 - Lori Perry - Up Against The Wind/Lori Perry - Up Against The Wind (Youtube o9y28uMEKlM).wav	NOMAD-0965 - Lori Perry - Up Against The Wind.wav
NOMAD-0966	andrewdropboxfull:/Andrew Beveridge/MediaUnsynced/Karaoke/Tracks-Organized/NOMAD-0966 - Jamiroquai - Time Won't Wait/Jamiroquai - Time Won't Wait (Original).flac	NOMAD-0966 - Jamiroquai - Time Won't Wait.flac
NOMAD-0967	andrewdropboxfull:/Andrew Beveridge/MediaUnsynced/Karaoke/Tracks-Organized/NOMAD-0967 - Joyce Partise - Perhaps, Perhaps, Perhaps/Joyce Partise - Perhaps, Perhaps, Perhaps (Youtube dlWjzmzkFvc).wav	NOMAD-0967 - Joyce Partise - Perhaps, Perhaps, Perhaps.wav
NOMAD-0968	andrewdropboxfull:/Andrew Beveridge/MediaUnsynced/Karaoke/Tracks-Organized/NOMAD-0968 - Jamiroquai - Talullah/Jamiroquai - Talullah (Original).flac	NOMAD-0968 - Jamiroquai - Talullah.flac
NOMAD-0969	andrewdropboxfull:/Andrew Beveridge/MediaUnsynced/Karaoke/Tracks-Organized/NOMAD-0969 - Bruce Springsteen - Dancing In The Dark/Bruce Springsteen - Dancing In The Dark (Original).flac	NOMAD-0969 - Bruce Springsteen - Dancing In The Dark.flac
NOMAD-0970	andrewdropboxfull:/Andrew Beveridge/MediaUnsynced/Karaoke/Tracks-Organized/NOMAD-0970 - Jamiroquai - Emergency On Planet Earth/Jamiroquai - Emergency On Planet Earth (Original).flac	NOMAD-0970 - Jamiroquai - Emergency On Planet Earth.flac
NOMAD-0971	andrewdropboxfull:/Andrew Beveridge/MediaUnsynced/Karaoke/Tracks-Organized/NOMAD-0971 - Rod Stewart - Some Guys Have All the Luck (112 BPM)/Rod Stewart - Some Guys Have All the Luck (112 BPM) (Original).flac	NOMAD-0971 - Rod Stewart - Some Guys Have All the Luck (112 BPM).flac
NOMAD-0972	andrewdropboxfull:/Andrew Beveridge/MediaUnsynced/Karaoke/Tracks-Organized/NOMAD-0972 - Tanner Usrey - Give It Some Time/Tanner Usrey - Give It Some Time (Original).flac	NOMAD-0972 - Tanner Usrey - Give It Some Time.flac
NOMAD-0973	andrewdropboxfull:/Andrew Beveridge/MediaUnsynced/Karaoke/Tracks-Organized/NOMAD-0973 - King Gizzard & the Lizard Wizard - Rattlesnake/King Gizzard & the Lizard Wizard - Rattlesnake (Original).flac	NOMAD-0973 - King Gizzard & the Lizard Wizard - Rattlesnake.flac
NOMAD-0974	andrewdropboxfull:/Andrew Beveridge/MediaUnsynced/Karaoke/Tracks-Organized/NOMAD-0974 - The Replacements - Swingin Party/The Replacements - Swingin Party (Original).flac	NOMAD-0974 - The Replacements - Swingin Party.flac
NOMAD-0975	andrewdropboxfull:/Andrew Beveridge/MediaUnsynced/Karaoke/Tracks-Organized/NOMAD-0975 - Mereba - Stay Tru/Mereba - Stay Tru (Original).flac	NOMAD-0975 - Mereba - Stay Tru.flac
NOMAD-0976	andrewdropboxfull:/Andrew Beveridge/MediaUnsynced/Karaoke/Tracks-Organized/NOMAD-0976 - U.S. Navy - Song of the Seabees/U.S. Navy - Song of the Seabees (Youtube uhH05XpWAjs).wav	NOMAD-0976 - U.S. Navy - Song of the Seabees.wav
NOMAD-0977	andrewdropboxfull:/Andrew Beveridge/MediaUnsynced/Karaoke/Tracks-Organized/NOMAD-0977 - Breaking Benjamin - Blow Me Away/Breaking Benjamin - Blow Me Away (Original).flac	NOMAD-0977 - Breaking Benjamin - Blow Me Away.flac
NOMAD-0978	andrewdropboxfull:/Andrew Beveridge/MediaUnsynced/Karaoke/Tracks-Organized/NOMAD-0978 - Little Dragon - Disco Dangerous/Little Dragon - Disco Dangerous (Original).flac	NOMAD-0978 - Little Dragon - Disco Dangerous.flac
NOMAD-0979	andrewdropboxfull:/Andrew Beveridge/MediaUnsynced/Karaoke/Tracks-Organized/NOMAD-0979 - Bruce Springsteen - Dancing In The Dark (132 BPM)/Bruce Springsteen - Dancing In The Dark (132 BPM) (Original).flac	NOMAD-0979 - Bruce Springsteen - Dancing In The Dark (132 BPM).flac
NOMAD-0980	andrewdropboxfull:/Andrew Beveridge/MediaUnsynced/Karaoke/Tracks-Organized/NOMAD-0980 - Karol Sevilla - La Bikina (Inspirado en _Coco_)/Karol Sevilla - La Bikina (Inspirado en _Coco_) (Original).flac	NOMAD-0980 - Karol Sevilla - La Bikina (Inspirado en _Coco_).flac
NOMAD-0981	andrewdropboxfull:/Andrew Beveridge/MediaUnsynced/Karaoke/Tracks-Organized/NOMAD-0981 - Frank Sinatra - I Hadn't Anyone Till You/Frank Sinatra - I Hadn't Anyone Till You (Original).flac	NOMAD-0981 - Frank Sinatra - I Hadn't Anyone Till You.flac
NOMAD-0982	andrewdropboxfull:/Andrew Beveridge/MediaUnsynced/Karaoke/Tracks-Organized/NOMAD-0982 - FKA twigs - Wanderlust/FKA twigs - Wanderlust (Original).flac	NOMAD-0982 - FKA twigs - Wanderlust.flac
NOMAD-0983	andrewdropboxfull:/Andrew Beveridge/MediaUnsynced/Karaoke/Tracks-Organized/NOMAD-0983 - Theory of a Deadman - Ambulance/Theory of a Deadman - Ambulance (Original).flac	NOMAD-0983 - Theory of a Deadman - Ambulance.flac
NOMAD-0984	andrewdropboxfull:/Andrew Beveridge/MediaUnsynced/Karaoke/Tracks-Organized/NOMAD-0984 - Bruce Springsteen - Dancing In The Dark (124 BPM)/Bruce Springsteen - Dancing In The Dark (124 BPM) (Original).flac	NOMAD-0984 - Bruce Springsteen - Dancing In The Dark (124 BPM).flac
NOMAD-0985	andrewdropboxfull:/Andrew Beveridge/MediaUnsynced/Karaoke/Tracks-Organized/NOMAD-0985 - Queens of the Stone Age - Head Like A Haunted House/Queens of the Stone Age - Head Like A Haunted House (Original).flac	NOMAD-0985 - Queens of the Stone Age - Head Like A Haunted House.flac
NOMAD-0986	andrewdropboxfull:/Andrew Beveridge/MediaUnsynced/Karaoke/Tracks-Organized/NOMAD-0986 - BRIM - gone/BRIM - gone (Youtube IrJ2XRDvfA4).wav	NOMAD-0986 - BRIM - gone.wav
NOMAD-0987	andrewdropboxfull:/Andrew Beveridge/MediaUnsynced/Karaoke/Tracks-Organized/NOMAD-0987 - BRIM - camaro/BRIM - camaro (Youtube oprOizf_a00).wav	NOMAD-0987 - BRIM - camaro.wav
NOMAD-0988	andrewdropboxfull:/Andrew Beveridge/MediaUnsynced/Karaoke/Tracks-Organized/NOMAD-0988 - Super Furry Animals - Fire In My Heart/Super Furry Animals - Fire In My Heart (Original).flac	NOMAD-0988 - Super Furry Animals - Fire In My Heart.flac
NOMAD-0989	andrewdropboxfull:/Andrew Beveridge/MediaUnsynced/Karaoke/Tracks-Organized/NOMAD-0989 - Tony Bennett - I Remember You/Tony Bennett - I Remember You (Original).flac	NOMAD-0989 - Tony Bennett - I Remember You.flac
NOMAD-0990	andrewdropboxfull:/Andrew Beveridge/MediaUnsynced/Karaoke/Tracks-Organized/NOMAD-0990 - Kiltro - Curicó/Kiltro - Curicó (Original).flac	NOMAD-0990 - Kiltro - Curicó.flac
NOMAD-0991	andrewdropboxfull:/Andrew Beveridge/MediaUnsynced/Karaoke/Tracks-Organized/NOMAD-0991 - Kwabs - Forgiven/Kwabs - Forgiven (Original).flac	NOMAD-0991 - Kwabs - Forgiven.flac
NOMAD-0992	andrewdropboxfull:/Andrew Beveridge/MediaUnsynced/Karaoke/Tracks-Organized/NOMAD-0992 - Full Crate - A Fool Getting Older/Full Crate - A Fool Getting Older (Original).flac	NOMAD-0992 - Full Crate - A Fool Getting Older.flac
NOMAD-0993	andrewdropboxfull:/Andrew Beveridge/MediaUnsynced/Karaoke/Tracks-Organized/NOMAD-0993 - JP Cooper - Beneath The Streetlights And The Moon/JP Cooper - Beneath The Streetlights And The Moon (Original).flac	NOMAD-0993 - JP Cooper - Beneath The Streetlights And The Moon.flac
NOMAD-0994	andrewdropboxfull:/Andrew Beveridge/MediaUnsynced/Karaoke/Tracks-Organized/NOMAD-0994 - Jason Boland & The Stragglers - When I'm Stoned/Jason Boland & The Stragglers - When I'm Stoned (Original).flac	NOMAD-0994 - Jason Boland & The Stragglers - When I'm Stoned.flac
NOMAD-0995	andrewdropboxfull:/Andrew Beveridge/MediaUnsynced/Karaoke/Tracks-Organized/NOMAD-0995 - Little Simz - Selfish (feat. Cleo Sol)/Little Simz - Selfish (feat. Cleo Sol) (Original).flac	NOMAD-0995 - Little Simz - Selfish (feat. Cleo Sol).flac
NOMAD-0996	andrewdropboxfull:/Andrew Beveridge/MediaUnsynced/Karaoke/Tracks-Organized/NOMAD-0996 - Lin-Manuel Miranda - The Schuyler Sisters/Lin-Manuel Miranda - The Schuyler Sisters (Original).flac	NOMAD-0996 - Lin-Manuel Miranda - The Schuyler Sisters.flac
NOMAD-0997	andrewdropboxfull:/Andrew Beveridge/MediaUnsynced/Karaoke/Tracks-Organized/NOMAD-0997 - Bloc Party - The Prayer/Bloc Party - The Prayer (Original).flac	NOMAD-0997 - Bloc Party - The Prayer.flac
NOMAD-0998	andrewdropboxfull:/Andrew Beveridge/MediaUnsynced/Karaoke/Tracks-Organized/NOMAD-0998 - David Allan Coe - Cheap Thrills/David Allan Coe - Cheap Thrills (Original).flac	NOMAD-0998 - David Allan Coe - Cheap Thrills.flac
NOMAD-0999	andrewdropboxfull:/Andrew Beveridge/MediaUnsynced/Karaoke/Tracks-Organized/NOMAD-0999 - Tejon Street Corner Thieves - 44/Tejon Street Corner Thieves - 44 (Original).flac	NOMAD-0999 - Tejon Street Corner Thieves - 44.flac
NOMAD-1000	andrewdropboxfull:/Andrew Beveridge/MediaUnsynced/Karaoke/Tracks-Organized/NOMAD-1000 - Tyler Childers - Eatin Big Time/Tyler Childers - Eatin Big Time (Original).flac	NOMAD-1000 - Tyler Childers - Eatin Big Time.flac
NOMAD-1001	andrewdropboxfull:/Andrew Beveridge/MediaUnsynced/Karaoke/Tracks-Organized/NOMAD-1001 - Roger Waters - Empty Spaces (Live)/Roger Waters - Empty Spaces (Live) (Original).flac	NOMAD-1001 - Roger Waters - Empty Spaces (Live).flac
NOMAD-1002	andrewdropboxfull:/Andrew Beveridge/MediaUnsynced/Karaoke/Tracks-Organized/NOMAD-1002 - Tyler Childers - Bitin' List/Tyler Childers - Bitin' List (Original).flac	NOMAD-1002 - Tyler Childers - Bitin' List.flac
NOMAD-1003	andrewdropboxfull:/Andrew Beveridge/MediaUnsynced/Karaoke/Tracks-Organized/NOMAD-1003 - Lucky Boys Confusion - Mr. Wilmington/Lucky Boys Confusion - Mr. Wilmington (Original).flac	NOMAD-1003 - Lucky Boys Confusion - Mr. Wilmington.flac
NOMAD-1004	andrewdropboxfull:/Andrew Beveridge/MediaUnsynced/Karaoke/Tracks-Organized/NOMAD-1004 - The Menzingers - Hope Is a Dangerous Little Thing/The Menzingers - Hope Is a Dangerous Little Thing (Original).flac	NOMAD-1004 - The Menzingers - Hope Is a Dangerous Little Thing.flac
NOMAD-1005	andrewdropboxfull:/Andrew Beveridge/MediaUnsynced/Karaoke/Tracks-Organized/NOMAD-1005 - Car Seat Headrest - Ivy (Live)/Car Seat Headrest - Ivy (Live) (Original).flac	NOMAD-1005 - Car Seat Headrest - Ivy (Live).flac
NOMAD-1006	andrewdropboxfull:/Andrew Beveridge/MediaUnsynced/Karaoke/Tracks-Organized/NOMAD-1006 - Paris Hilton - That’s Hot (Come Into My Kitchen)/Paris Hilton - That’s Hot (Come Into My Kitchen) (Original).flac	NOMAD-1006 - Paris Hilton - That’s Hot (Come Into My Kitchen).flac
NOMAD-1007	andrewdropboxfull:/Andrew Beveridge/MediaUnsynced/Karaoke/Tracks-Organized/NOMAD-1007 - Ayesha Erotica - That's Hot/Ayesha Erotica - That's Hot (Original).flac	NOMAD-1007 - Ayesha Erotica - That's Hot.flac
NOMAD-1008	andrewdropboxfull:/Andrew Beveridge/MediaUnsynced/Karaoke/Tracks-Organized/NOMAD-1008 - The Holly Springs Disaster - Up In Smoke/The Holly Springs Disaster - Up In Smoke (Original).flac	NOMAD-1008 - The Holly Springs Disaster - Up In Smoke.flac
NOMAD-1009	andrewdropboxfull:/Andrew Beveridge/MediaUnsynced/Karaoke/Tracks-Organized/NOMAD-1009 - Jeffrey Lewis & The Voltage - Depression! Despair!/Jeffrey Lewis & The Voltage - Depression! Despair! (Original).flac	NOMAD-1009 - Jeffrey Lewis & The Voltage - Depression! Despair!.flac
NOMAD-1010	andrewdropboxfull:/Andrew Beveridge/MediaUnsynced/Karaoke/Tracks-Organized/NOMAD-1010 - Falling In Reverse - Pick Up The Phone/Falling In Reverse - Pick Up The Phone (Original).flac	NOMAD-1010 - Falling In Reverse - Pick Up The Phone.flac
NOMAD-1011	andrewdropboxfull:/Andrew Beveridge/MediaUnsynced/Karaoke/Tracks-Organized/NOMAD-1011 - T.S.O.L - American Zone/T.S.O.L - American Zone (Original).flac	NOMAD-1011 - T.S.O.L - American Zone.flac
NOMAD-1012	andrewdropboxfull:/Andrew Beveridge/MediaUnsynced/Karaoke/Tracks-Organized/NOMAD-1012 - Bloc Party - Uniform/Bloc Party - Uniform (Original).flac	NOMAD-1012 - Bloc Party - Uniform.flac
NOMAD-1013	andrewdropboxfull:/Andrew Beveridge/MediaUnsynced/Karaoke/Tracks-Organized/NOMAD-1013 - Bloc Party - Where Is Home/Bloc Party - Where Is Home (Original).flac	NOMAD-1013 - Bloc Party - Where Is Home.flac
NOMAD-1014	andrewdropboxfull:/Andrew Beveridge/MediaUnsynced/Karaoke/Tracks-Organized/NOMAD-1014 - Bloc Party - On/Bloc Party - On (Original).flac	NOMAD-1014 - Bloc Party - On.flac
NOMAD-1015	andrewdropboxfull:/Andrew Beveridge/MediaUnsynced/Karaoke/Tracks-Organized/NOMAD-1015 - Bloc Party - Kreuzberg/Bloc Party - Kreuzberg (Original).flac	NOMAD-1015 - Bloc Party - Kreuzberg.flac
NOMAD-1016	andrewdropboxfull:/Andrew Beveridge/MediaUnsynced/Karaoke/Tracks-Organized/NOMAD-1016 - Bloc Party - I Still Remember/Bloc Party - I Still Remember (Original).flac	NOMAD-1016 - Bloc Party - I Still Remember.flac
NOMAD-1017	andrewdropboxfull:/Andrew Beveridge/MediaUnsynced/Karaoke/Tracks-Organized/NOMAD-1017 - Richard Hawley - Valentine/Richard Hawley - Valentine (Original).flac	NOMAD-1017 - Richard Hawley - Valentine.flac
NOMAD-1018	andrewdropboxfull:/Andrew Beveridge/MediaUnsynced/Karaoke/Tracks-Organized/NOMAD-1018 - Vibe Chemistry X Elro X Lupole - Burst My Bubble/Vibe Chemistry X Elro X Lupole - Burst My Bubble (Original).flac	NOMAD-1018 - Vibe Chemistry X Elro X Lupole - Burst My Bubble.flac
NOMAD-1019	andrewdropboxfull:/Andrew Beveridge/MediaUnsynced/Karaoke/Tracks-Organized/NOMAD-1019 - Eddie Zuko - Still/Eddie Zuko - Still (Original).flac	NOMAD-1019 - Eddie Zuko - Still.flac
NOMAD-1020	andrewdropboxfull:/Andrew Beveridge/MediaUnsynced/Karaoke/Tracks-Organized/NOMAD-1020 - Eddie Zuko - La Flor/Eddie Zuko - La Flor (Original).flac	NOMAD-1020 - Eddie Zuko - La Flor.flac
NOMAD-1021	andrewdropboxfull:/Andrew Beveridge/MediaUnsynced/Karaoke/Tracks-Organized/NOMAD-1021 - Stevie Wonder - All Day Sucker/Stevie Wonder - All Day Sucker (Original).flac	NOMAD-1021 - Stevie Wonder - All Day Sucker.flac
NOMAD-1022	andrewdropboxfull:/Andrew Beveridge/MediaUnsynced/Karaoke/Tracks-Organized/NOMAD-1022 - Danny Brown - Monopoly/Danny Brown - Monopoly (Original).flac	NOMAD-1022 - Danny Brown - Monopoly.flac
NOMAD-1023	andrewdropboxfull:/Andrew Beveridge/MediaUnsynced/Karaoke/Tracks-Organized/NOMAD-1023 - A.D.O.R - One For The Trouble/A.D.O.R - One For The Trouble (Original).flac	NOMAD-1023 - A.D.O.R - One For The Trouble.flac
NOMAD-1024	andrewdropboxfull:/Andrew Beveridge/MediaUnsynced/Karaoke/Tracks-Organized/NOMAD-1024 - Eddie Zuko - MADE/Eddie Zuko - MADE (Original).flac	NOMAD-1024 - Eddie Zuko - MADE.flac
NOMAD-1025	andrewdropboxfull:/Andrew Beveridge/MediaUnsynced/Karaoke/Tracks-Organized/NOMAD-1025 - Parcels - Yougotmefeeling/Parcels - Yougotmefeeling (Original).flac	NOMAD-1025 - Parcels - Yougotmefeeling.flac
NOMAD-1026	andrewdropboxfull:/Andrew Beveridge/MediaUnsynced/Karaoke/Tracks-Organized/NOMAD-1026 - Lou Rawls - World Of Trouble/Lou Rawls - World Of Trouble (Original).flac	NOMAD-1026 - Lou Rawls - World Of Trouble.flac
NOMAD-1027	andrewdropboxfull:/Andrew Beveridge/MediaUnsynced/Karaoke/Tracks-Organized/NOMAD-1027 - Beyoncé - BLACKBIIRD/Beyoncé - BLACKBIIRD (Original).flac	NOMAD-1027 - Beyoncé - BLACKBIIRD.flac
NOMAD-1028	andrewdropboxfull:/Andrew Beveridge/MediaUnsynced/Karaoke/Tracks-Organized/NOMAD-1028 - Marco McDewey - 10 Steps To Love/Marco McDewey - 10 Steps To Love (Original).flac	NOMAD-1028 - Marco McDewey - 10 Steps To Love.flac
NOMAD-1029	andrewdropboxfull:/Andrew Beveridge/MediaUnsynced/Karaoke/Tracks-Organized/NOMAD-1029 - Cyndi Lauper - Say A Prayer/Cyndi Lauper - Say A Prayer (Original).flac	NOMAD-1029 - Cyndi Lauper - Say A Prayer.flac
NOMAD-1030	andrewdropboxfull:/Andrew Beveridge/MediaUnsynced/Karaoke/Tracks-Organized/NOMAD-1030 - Chris Rea - Gonna Buy a Hat/Chris Rea - Gonna Buy a Hat (Original).flac	NOMAD-1030 - Chris Rea - Gonna Buy a Hat.flac
NOMAD-1031	andrewdropboxfull:/Andrew Beveridge/MediaUnsynced/Karaoke/Tracks-Organized/NOMAD-1031 - Coiled Menace - Adversities/Coiled Menace - Adversities (Original).flac	NOMAD-1031 - Coiled Menace - Adversities.flac
NOMAD-1032	andrewdropboxfull:/Andrew Beveridge/MediaUnsynced/Karaoke/Tracks-Organized/NOMAD-1032 - Acid Bath - Dead Girl/Acid Bath - Dead Girl (Original).flac	NOMAD-1032 - Acid Bath - Dead Girl.flac
NOMAD-1033	andrewdropboxfull:/Andrew Beveridge/MediaUnsynced/Karaoke/Tracks-Organized/NOMAD-1033 - The Pine Valley Cosmonauts feat. Otis Clay - Banks of the Ohio/The Pine Valley Cosmonauts feat. Otis Clay - Banks of the Ohio (Original).flac	NOMAD-1033 - The Pine Valley Cosmonauts feat. Otis Clay - Banks of the Ohio.flac
NOMAD-1034	andrewdropboxfull:/Andrew Beveridge/MediaUnsynced/Karaoke/Tracks-Organized/NOMAD-1034 - Hybrid Minds feat. Tiffani Juno - Touch/Hybrid Minds feat. Tiffani Juno - Touch (Original).flac	NOMAD-1034 - Hybrid Minds feat. Tiffani Juno - Touch.flac
NOMAD-1035	andrewdropboxfull:/Andrew Beveridge/MediaUnsynced/Karaoke/Tracks-Organized/NOMAD-1035 - Hybrid Minds feat. Charlotte Plank - Lights/Hybrid Minds feat. Charlotte Plank - Lights (Original).flac	NOMAD-1035 - Hybrid Minds feat. Charlotte Plank - Lights.flac
NOMAD-1036	andrewdropboxfull:/Andrew Beveridge/MediaUnsynced/Karaoke/Tracks-Organized/NOMAD-1036 - Hybrid Minds feat. Brodie - Delete Our Love/Hybrid Minds feat. Brodie - Delete Our Love (Original).flac	NOMAD-1036 - Hybrid Minds feat. Brodie - Delete Our Love.flac
NOMAD-1037	andrewdropboxfull:/Andrew Beveridge/MediaUnsynced/Karaoke/Tracks-Organized/NOMAD-1037 - Hybrid Minds feat. Charlotte Haining - Demons/Hybrid Minds feat. Charlotte Haining - Demons (Original).flac	NOMAD-1037 - Hybrid Minds feat. Charlotte Haining - Demons.flac
NOMAD-1038	andrewdropboxfull:/Andrew Beveridge/MediaUnsynced/Karaoke/Tracks-Organized/NOMAD-1038 - Hybrid Minds feat. Emily Jones - Inside/Hybrid Minds feat. Emily Jones - Inside (Original).flac	NOMAD-1038 - Hybrid Minds feat. Emily Jones - Inside.flac
NOMAD-1039	andrewdropboxfull:/Andrew Beveridge/MediaUnsynced/Karaoke/Tracks-Organized/NOMAD-1039 - Hybrid Minds feat. Venbee - If Love Could Have Saved You/Hybrid Minds feat. Venbee - If Love Could Have Saved You (Original).flac	NOMAD-1039 - Hybrid Minds feat. Venbee - If Love Could Have Saved You.flac
NOMAD-1040	andrewdropboxfull:/Andrew Beveridge/MediaUnsynced/Karaoke/Tracks-Organized/NOMAD-1040 - I Can Make a Mess Like Nobody's Business - The Best Happiness Money Can Buy/I Can Make a Mess Like Nobody's Business - The Best Happiness Money Can Buy (Original).flac	NOMAD-1040 - I Can Make a Mess Like Nobody's Business - The Best Happiness Money Can Buy.flac
NOMAD-1041	andrewdropboxfull:/Andrew Beveridge/MediaUnsynced/Karaoke/Tracks-Organized/NOMAD-1041 - The Narcissist Cookbook - the Simplest Words/The Narcissist Cookbook - the Simplest Words (Original).flac	NOMAD-1041 - The Narcissist Cookbook - the Simplest Words.flac
NOMAD-1042	andrewdropboxfull:/Andrew Beveridge/MediaUnsynced/Karaoke/Tracks-Organized/NOMAD-1042 - Annie Lennox - The Saddest Song I've Got/Annie Lennox - The Saddest Song I've Got (Original).flac	NOMAD-1042 - Annie Lennox - The Saddest Song I've Got.flac
NOMAD-1043	andrewdropboxfull:/Andrew Beveridge/MediaUnsynced/Karaoke/Tracks-Organized/NOMAD-1043 - The Narcissist Cookbook - the library at the very bottom of this place/The Narcissist Cookbook - the library at the very bottom of this place (Original).flac	NOMAD-1043 - The Narcissist Cookbook - the library at the very bottom of this place.flac
NOMAD-1044	andrewdropboxfull:/Andrew Beveridge/MediaUnsynced/Karaoke/Tracks-Organized/NOMAD-1044 - Coiled Menace - Clandestine Beatdown/Coiled Menace - Clandestine Beatdown (Original).flac	NOMAD-1044 - Coiled Menace - Clandestine Beatdown.flac
NOMAD-1045	andrewdropboxfull:/Andrew Beveridge/MediaUnsynced/Karaoke/Tracks-Organized/NOMAD-1045 - Title Fight - Liar’s Love/Title Fight - Liar’s Love (Original).flac	NOMAD-1045 - Title Fight - Liar’s Love.flac
NOMAD-1046	andrewdropboxfull:/Andrew Beveridge/MediaUnsynced/Karaoke/Tracks-Organized/NOMAD-1046 - Ray Price - Just Someone I Used To Know/Ray Price - Just Someone I Used To Know (Original).flac	NOMAD-1046 - Ray Price - Just Someone I Used To Know.flac
NOMAD-1047	andrewdropboxfull:/Andrew Beveridge/MediaUnsynced/Karaoke/Tracks-Organized/NOMAD-1047 - Notorious B.I.G. ft. Bone Thugs - Notorious Thugs/Notorious B.I.G. ft. Bone Thugs - Notorious Thugs (Original).flac	NOMAD-1047 - Notorious B.I.G. ft. Bone Thugs - Notorious Thugs.flac
NOMAD-1048	andrewdropboxfull:/Andrew Beveridge/MediaUnsynced/Karaoke/Tracks-Organized/NOMAD-1048 - Notorious B.I.G. ft. Bone Thugs - Notorious Thugs (Shortened)/Notorious B.I.G. ft. Bone Thugs - Notorious Thugs (Shortened) (Original).flac	NOMAD-1048 - Notorious B.I.G. ft. Bone Thugs - Notorious Thugs (Shortened).flac
NOMAD-1049	andrewdropboxfull:/Andrew Beveridge/MediaUnsynced/Karaoke/Tracks-Organized/NOMAD-1049 - Perry Como - Seattle/Perry Como - Seattle (Original).flac	NOMAD-1049 - Perry Como - Seattle.flac
NOMAD-1050	andrewdropboxfull:/Andrew Beveridge/MediaUnsynced/Karaoke/Tracks-Organized/NOMAD-1050 - Frank Sinatra - Bein' Green/Frank Sinatra - Bein' Green (Original).flac	NOMAD-1050 - Frank Sinatra - Bein' Green.flac
NOMAD-1051	andrewdropboxfull:/Andrew Beveridge/MediaUnsynced/Karaoke/Tracks-Organized/NOMAD-1051 - Wolfgang Petry - Co-Co (Ho Chi Kaka Ho)/Perry Como - Co-Co (Ho Chi Kaka Ho) (Original).flac	NOMAD-1051 - Wolfgang Petry - Co-Co (Ho Chi Kaka Ho).flac
NOMAD-1052	andrewdropboxfull:/Andrew Beveridge/MediaUnsynced/Karaoke/Tracks-Organized/NOMAD-1052 - Julie Andrews - How Are Things in Glocca Morra_ (From Finian's Rainbow)/Julie Andrews - How Are Things in Glocca Morra_ (From Finian's Rainbow) (Original).flac	NOMAD-1052 - Julie Andrews - How Are Things in Glocca Morra_ (From Finian's Rainbow).flac
NOMAD-1053	andrewdropboxfull:/Andrew Beveridge/MediaUnsynced/Karaoke/Tracks-Organized/NOMAD-1053 - Adeem the Artist - For Judas/Adeem the Artist - For Judas (Original).flac	NOMAD-1053 - Adeem the Artist - For Judas.flac
NOMAD-1054	andrewdropboxfull:/Andrew Beveridge/MediaUnsynced/Karaoke/Tracks-Organized/NOMAD-1054 - Linda Feller - Ich führ Buch über jede Träne/Linda Feller - Ich führ Buch über jede Träne (Original).flac	NOMAD-1054 - Linda Feller - Ich führ Buch über jede Träne.flac
NOMAD-1055	andrewdropboxfull:/Andrew Beveridge/MediaUnsynced/Karaoke/Tracks-Organized/NOMAD-1055 - Whey Jennings - Jekyll & Hyde/Whey Jennings - Jekyll & Hyde (Original).flac	NOMAD-1055 - Whey Jennings - Jekyll & Hyde.flac
NOMAD-1056	andrewdropboxfull:/Andrew Beveridge/MediaUnsynced/Karaoke/Tracks-Organized/NOMAD-1056 - Polyphonic Spree - Lithium/Polyphonic Spree - Lithium (Original).flac	NOMAD-1056 - Polyphonic Spree - Lithium.flac
NOMAD-1057	andrewdropboxfull:/Andrew Beveridge/MediaUnsynced/Karaoke/Tracks-Organized/NOMAD-1057 - James Vickery - Until Morning/James Vickery - Until Morning (Original).flac	NOMAD-1057 - James Vickery - Until Morning.flac
NOMAD-1058	andrewdropboxfull:/Andrew Beveridge/MediaUnsynced/Karaoke/Tracks-Organized/NOMAD-1058 - King Gizzard & The Lizard Wizard - Gila Monster/King Gizzard & The Lizard Wizard - Gila Monster (Original).flac	NOMAD-1058 - King Gizzard & The Lizard Wizard - Gila Monster.flac
NOMAD-1059	andrewdropboxfull:/Andrew Beveridge/MediaUnsynced/Karaoke/Tracks-Organized/NOMAD-1059 - Nxdia - OUCH!/Nxdia - OUCH! (Original).flac	NOMAD-1059 - Nxdia - OUCH!.flac
NOMAD-1060	andrewdropboxfull:/Andrew Beveridge/MediaUnsynced/Karaoke/Tracks-Organized/NOMAD-1060 - MIKA - Grace Kelly/MIKA - Grace Kelly (Original).flac	NOMAD-1060 - MIKA - Grace Kelly.flac
NOMAD-1061	andrewdropboxfull:/Andrew Beveridge/MediaUnsynced/Karaoke/Tracks-Organized/NOMAD-1061 - Nate Vickers - The Kill (30 Seconds To Mars)/Nate Vickers - The Kill (30 Seconds To Mars) (Original).flac	NOMAD-1061 - Nate Vickers - The Kill (30 Seconds To Mars).flac
NOMAD-1062	andrewdropboxfull:/Andrew Beveridge/MediaUnsynced/Karaoke/Tracks-Organized/NOMAD-1062 - James Vickery - Pressure (with SG Lewis)/James Vickery - Pressure (with SG Lewis) (Original).flac	NOMAD-1062 - James Vickery - Pressure (with SG Lewis).flac
NOMAD-1063	andrewdropboxfull:/Andrew Beveridge/MediaUnsynced/Karaoke/Tracks-Organized/NOMAD-1063 - Jay and the Americans - Come a Little Bit Closer (Spanish Version)/Jay and the Americans - Come a Little Bit Closer (Spanish Version) (Original).flac	NOMAD-1063 - Jay and the Americans - Come a Little Bit Closer (Spanish Version).flac
NOMAD-1064	andrewdropboxfull:/Andrew Beveridge/MediaUnsynced/Karaoke/Tracks-Organized/NOMAD-1064 - James Vickery - All In (Visualiser)/James Vickery - All In (Visualiser) (Original).flac	NOMAD-1064 - James Vickery - All In (Visualiser).flac
NOMAD-1065	andrewdropboxfull:/Andrew Beveridge/MediaUnsynced/Karaoke/Tracks-Organized/NOMAD-1065 - The Format - Let's Make This Moment A Crime/The Format - Let's Make This Moment A Crime (Original).flac	NOMAD-1065 - The Format - Let's Make This Moment A Crime.flac
NOMAD-1066	andrewdropboxfull:/Andrew Beveridge/MediaUnsynced/Karaoke/Tracks-Organized/NOMAD-1066 - Bear Ghost - Rivers Is a Vampire/Bear Ghost - Rivers Is a Vampire (Original).flac	NOMAD-1066 - Bear Ghost - Rivers Is a Vampire.flac
NOMAD-1067	andrewdropboxfull:/Andrew Beveridge/MediaUnsynced/Karaoke/Tracks-Organized/NOMAD-1067 - Reneé Rapp - Colorado/Reneé Rapp - Colorado (Original).flac	NOMAD-1067 - Reneé Rapp - Colorado.flac
NOMAD-1068	andrewdropboxfull:/Andrew Beveridge/MediaUnsynced/Karaoke/Tracks-Organized/NOMAD-1068 - Willow - curious-furious/Willow - curious-furious (Original).flac	NOMAD-1068 - Willow - curious-furious.flac
NOMAD-1069	andrewdropboxfull:/Andrew Beveridge/MediaUnsynced/Karaoke/Tracks-Organized/NOMAD-1069 - From First to Last - Waltz Moore/From First to Last - Waltz Moore (Original).flac	NOMAD-1069 - From First to Last - Waltz Moore.flac
NOMAD-1070	andrewdropboxfull:/Andrew Beveridge/MediaUnsynced/Karaoke/Tracks-Organized/NOMAD-1070 - Lizzy McAlpine - erase me/Lizzy McAlpine - erase me (Original).flac	NOMAD-1070 - Lizzy McAlpine - erase me.flac
NOMAD-1071	andrewdropboxfull:/Andrew Beveridge/MediaUnsynced/Karaoke/Tracks-Organized/NOMAD-1071 - Hole - Mrs. Jones/Hole - Mrs. Jones (Original).flac	NOMAD-1071 - Hole - Mrs. Jones.flac
NOMAD-1072	andrewdropboxfull:/Andrew Beveridge/MediaUnsynced/Karaoke/Tracks-Organized/NOMAD-1072 - Coiled Menace - Chemical Eyes/Coiled Menace - Chemical Eyes (Original).wav	NOMAD-1072 - Coiled Menace - Chemical Eyes.wav
NOMAD-1073	andrewdropboxfull:/Andrew Beveridge/MediaUnsynced/Karaoke/Tracks-Organized/NOMAD-1073 - Coiled Menace - Honor Among Thieves/Coiled Menace - Honor Among Thieves (Original).wav	NOMAD-1073 - Coiled Menace - Honor Among Thieves.wav
NOMAD-1074	andrewdropboxfull:/Andrew Beveridge/MediaUnsynced/Karaoke/Tracks-Organized/NOMAD-1074 - The Format - Holy Roller/The Format - Holy Roller (Original).flac	NOMAD-1074 - The Format - Holy Roller.flac
NOMAD-1075	andrewdropboxfull:/Andrew Beveridge/MediaUnsynced/Karaoke/Tracks-Organized/NOMAD-1075 - The Mello-Kings - Tonite, Tonite/The Mello-Kings - Tonite, Tonite (Original).flac	NOMAD-1075 - The Mello-Kings - Tonite, Tonite.flac
NOMAD-1076	andrewdropboxfull:/Andrew Beveridge/MediaUnsynced/Karaoke/Tracks-Organized/NOMAD-1076 - Marty Robbins - Tall Handsome Stranger/Marty Robbins - Tall Handsome Stranger (Original).flac	NOMAD-1076 - Marty Robbins - Tall Handsome Stranger.flac
NOMAD-1077	andrewdropboxfull:/Andrew Beveridge/MediaUnsynced/Karaoke/Tracks-Organized/NOMAD-1077 - illScarlett - Nothing Special/illScarlett - Nothing Special (Original).flac	NOMAD-1077 - illScarlett - Nothing Special.flac
NOMAD-1078	andrewdropboxfull:/Andrew Beveridge/MediaUnsynced/Karaoke/Tracks-Organized/NOMAD-1078 - AJR - Don't Throw Out My Legos/AJR - Don't Throw Out My Legos (Original).flac	NOMAD-1078 - AJR - Don't Throw Out My Legos.flac
NOMAD-1079	andrewdropboxfull:/Andrew Beveridge/MediaUnsynced/Karaoke/Tracks-Organized/NOMAD-1079 - Bob Marley & the Wailers - Kaya/Bob Marley & the Wailers - Kaya (Original).flac	NOMAD-1079 - Bob Marley & the Wailers - Kaya.flac
NOMAD-1080	andrewdropboxfull:/Andrew Beveridge/MediaUnsynced/Karaoke/Tracks-Organized/NOMAD-1080 - Dominic Fike - White Keys/Dominic Fike - White Keys (Original).flac	NOMAD-1080 - Dominic Fike - White Keys.flac
NOMAD-1081	andrewdropboxfull:/Andrew Beveridge/MediaUnsynced/Karaoke/Tracks-Organized/NOMAD-1081 - Maribou State - Spooky (feat. Holly Walker)/Maribou State - Spooky (feat. Holly Walker) (Original).wav	NOMAD-1081 - Maribou State - Spooky (feat. Holly Walker).wav
NOMAD-1082	andrewdropboxfull:/Andrew Beveridge/MediaUnsynced/Karaoke/Tracks-Organized/NOMAD-1082 - Pablo Montero - Que me digan viejo/Pablo Montero - Que me digan viejo (Original).flac	NOMAD-1082 - Pablo Montero - Que me digan viejo.flac
NOMAD-1083	andrewdropboxfull:/Andrew Beveridge/MediaUnsynced/Karaoke/Tracks-Organized/NOMAD-1083 - Paramore - Thick Skull/Paramore - Thick Skull (Original).flac	NOMAD-1083 - Paramore - Thick Skull.flac
NOMAD-1084	andrewdropboxfull:/Andrew Beveridge/MediaUnsynced/Karaoke/Tracks-Organized/NOMAD-1084 - Camilo Sesto - Te Quiero Así/Camilo Sesto - Te Quiero Así (Original).flac	NOMAD-1084 - Camilo Sesto - Te Quiero Así.flac
NOMAD-1085	andrewdropboxfull:/Andrew Beveridge/MediaUnsynced/Karaoke/Tracks-Organized/NOMAD-1085 - The Amazing Devil - That Unwanted Animal (No BV)/The Amazing Devil - That Unwanted Animal (Original).flac	NOMAD-1085 - The Amazing Devil - That Unwanted Animal (No BV).flac
NOMAD-1086	andrewdropboxfull:/Andrew Beveridge/MediaUnsynced/Karaoke/Tracks-Organized/NOMAD-1086 - Aesma Daeva - D'Oreste, D'Adjace/Aesma Daeva - D'Oreste, D'Adjace (Original).flac	NOMAD-1086 - Aesma Daeva - D'Oreste, D'Adjace.flac
NOMAD-1087	andrewdropboxfull:/Andrew Beveridge/MediaUnsynced/Karaoke/Tracks-Organized/NOMAD-1087 - Junior Brown - Hang Up And Drive/Junior Brown - Hang Up And Drive (Original).flac	NOMAD-1087 - Junior Brown - Hang Up And Drive.flac
NOMAD-1088	andrewdropboxfull:/Andrew Beveridge/MediaUnsynced/Karaoke/Tracks-Organized/NOMAD-1088 - All Time Low - For Baltimore/All Time Low - For Baltimore (Original).flac	NOMAD-1088 - All Time Low - For Baltimore.flac
NOMAD-1089	andrewdropboxfull:/Andrew Beveridge/MediaUnsynced/Karaoke/Tracks-Organized/NOMAD-1089 - The Summer Set - Heart on the Floor/The Summer Set - Heart on the Floor (Original).flac	NOMAD-1089 - The Summer Set - Heart on the Floor.flac
NOMAD-1090	andrewdropboxfull:/Andrew Beveridge/MediaUnsynced/Karaoke/Tracks-Organized/NOMAD-1090 - Red Leather - SINS (with Sueco & WesGhost)/Red Leather - SINS (with Sueco & WesGhost) (Original).flac	NOMAD-1090 - Red Leather - SINS (with Sueco & WesGhost).flac
NOMAD-1091	andrewdropboxfull:/Andrew Beveridge/MediaUnsynced/Karaoke/Tracks-Organized/NOMAD-1091 - Peggy - DEAR READER/Peggy - DEAR READER (Original).flac	NOMAD-1091 - Peggy - DEAR READER.flac
NOMAD-1092	andrewdropboxfull:/Andrew Beveridge/MediaUnsynced/Karaoke/Tracks-Organized/NOMAD-1092 - Roy Orbison - A Love So Beautiful/Roy Orbison - A Love So Beautiful (Original).flac	NOMAD-1092 - Roy Orbison - A Love So Beautiful.flac
NOMAD-1093	andrewdropboxfull:/Andrew Beveridge/MediaUnsynced/Karaoke/Tracks-Organized/NOMAD-1093 - Roxy Music - For Your Pleasure/Roxy Music - For Your Pleasure (Original).flac	NOMAD-1093 - Roxy Music - For Your Pleasure.flac
NOMAD-1094	andrewdropboxfull:/Andrew Beveridge/MediaUnsynced/Karaoke/Tracks-Organized/NOMAD-1094 - Noah Rinker - Wherever I Go/Noah Rinker - Wherever I Go (Original).flac	NOMAD-1094 - Noah Rinker - Wherever I Go.flac
NOMAD-1095	andrewdropboxfull:/Andrew Beveridge/MediaUnsynced/Karaoke/Tracks-Organized/NOMAD-1095 - Martine McCutcheon - Maybe This Time (pitch +4)/Martine McCutcheon - Maybe This Time (Original).wav	NOMAD-1095 - Martine McCutcheon - Maybe This Time (pitch +4).wav
NOMAD-1096	andrewdropboxfull:/Andrew Beveridge/MediaUnsynced/Karaoke/Tracks-Organized/NOMAD-1096 - The Ting Tings - Shut Up and Let Me Go/The Ting Tings - Shut Up and Let Me Go (Original).flac	NOMAD-1096 - The Ting Tings - Shut Up and Let Me Go.flac
NOMAD-1097	andrewdropboxfull:/Andrew Beveridge/MediaUnsynced/Karaoke/Tracks-Organized/NOMAD-1097 - The Ting Tings - Great DJ/The Ting Tings - Great DJ (Original).flac	NOMAD-1097 - The Ting Tings - Great DJ.flac
NOMAD-1098	andrewdropboxfull:/Andrew Beveridge/MediaUnsynced/Karaoke/Tracks-Organized/NOMAD-1098 - The Ting Tings - That's Not My Name/The Ting Tings - That's Not My Name (Original).flac	NOMAD-1098 - The Ting Tings - That's Not My Name.flac
NOMAD-1099	andrewdropboxfull:/Andrew Beveridge/MediaUnsynced/Karaoke/Tracks-Organized/NOMAD-1099 - Graham Central Station - Love And Happiness/Graham Central Station - Love And Happiness (Original).flac	NOMAD-1099 - Graham Central Station - Love And Happiness.flac
NOMAD-1100	andrewdropboxfull:/Andrew Beveridge/MediaUnsynced/Karaoke/Tracks-Organized/NOMAD-1100 - Graham Central Station - Can You Handle It/Graham Central Station - Can You Handle It (Original).flac	NOMAD-1100 - Graham Central Station - Can You Handle It.flac
NOMAD-1101	andrewdropboxfull:/Andrew Beveridge/MediaUnsynced/Karaoke/Tracks-Organized/NOMAD-1101 - Graham Central Station - Hair/Graham Central Station - Hair (Original).flac	NOMAD-1101 - Graham Central Station - Hair.flac
NOMAD-1102	andrewdropboxfull:/Andrew Beveridge/MediaUnsynced/Karaoke/Tracks-Organized/NOMAD-1102 - Darren Hayes - In Your Eyes (pitch +4)/other intermediates/Darren Hayes - In Your Eyes (Original Version Edit Plus 6 Semitones).flac	NOMAD-1102 - Darren Hayes - In Your Eyes (pitch +4).flac
NOMAD-1103	andrewdropboxfull:/Andrew Beveridge/MediaUnsynced/Karaoke/Tracks-Organized/NOMAD-1103 - AJR - Three-Thirty/AJR - Three-Thirty (Original).flac	NOMAD-1103 - AJR - Three-Thirty.flac
NOMAD-1104	andrewdropboxfull:/Andrew Beveridge/MediaUnsynced/Karaoke/Tracks-Organized/NOMAD-1104 - Wolfgang Petry - Drunter Und Drüber/Wolfgang Petry - Drunter Und Drüber (Original).flac	NOMAD-1104 - Wolfgang Petry - Drunter Und Drüber.flac
NOMAD-1105	andrewdropboxfull:/Andrew Beveridge/MediaUnsynced/Karaoke/Tracks-Organized/NOMAD-1105 - Linda Feller - Liebe wie im Rosengarten/Linda Feller - Liebe wie im Rosengarten (Original).wav	NOMAD-1105 - Linda Feller - Liebe wie im Rosengarten.wav
NOMAD-1106	andrewdropboxfull:/Andrew Beveridge/MediaUnsynced/Karaoke/Tracks-Organized/NOMAD-1106 - Linda Feller - And're Mütter haben auch ein schönes Kind/Linda Feller - And're Mütter haben auch ein schönes Kind (Original).flac	NOMAD-1106 - Linda Feller - And're Mütter haben auch ein schönes Kind.flac
NOMAD-1107	andrewdropboxfull:/Andrew Beveridge/MediaUnsynced/Karaoke/Tracks-Organized/NOMAD-1107 - Charli XCX - Secret (Shh)/Charli XCX - Secret (Shh) (Original).flac	NOMAD-1107 - Charli XCX - Secret (Shh).flac
NOMAD-1108	andrewdropboxfull:/Andrew Beveridge/MediaUnsynced/Karaoke/Tracks-Organized/NOMAD-1108 - TRAITRS - The Lovely Wounded/TRAITRS - The Lovely Wounded (Original).flac	NOMAD-1108 - TRAITRS - The Lovely Wounded.flac
NOMAD-1109	andrewdropboxfull:/Andrew Beveridge/MediaUnsynced/Karaoke/Tracks-Organized/NOMAD-1109 - Stella Lefty - Cynic (pitch -5)/Stella Lefty - Cynic (pitch -5) (Original).wav	NOMAD-1109 - Stella Lefty - Cynic (pitch -5).wav
NOMAD-1110	andrewdropboxfull:/Andrew Beveridge/MediaUnsynced/Karaoke/Tracks-Organized/NOMAD-1110 - Moron Police - Captain Awkward/Moron Police - Captain Awkward (Original).flac	NOMAD-1110 - Moron Police - Captain Awkward.flac
NOMAD-1111	andrewdropboxfull:/Andrew Beveridge/MediaUnsynced/Karaoke/Tracks-Organized/NOMAD-1111 - Broods - Bridges/Broods - Bridges (Original).flac	NOMAD-1111 - Broods - Bridges.flac
NOMAD-1112	andrewdropboxfull:/Andrew Beveridge/MediaUnsynced/Karaoke/Tracks-Organized/NOMAD-1112 - Beck - Thinking About You/Beck - Thinking About You (Original).flac	NOMAD-1112 - Beck - Thinking About You.flac
NOMAD-1113	andrewdropboxfull:/Andrew Beveridge/MediaUnsynced/Karaoke/Tracks-Organized/NOMAD-1113 - piri & tommy - who invited u/piri & tommy - who invited u (Original).flac	NOMAD-1113 - piri & tommy - who invited u.flac
NOMAD-1114	andrewdropboxfull:/Andrew Beveridge/MediaUnsynced/Karaoke/Tracks-Organized/NOMAD-1114 - piri & tommy - dog/piri & tommy - dog (Original).flac	NOMAD-1114 - piri & tommy - dog.flac
NOMAD-1115	andrewdropboxfull:/Andrew Beveridge/MediaUnsynced/Karaoke/Tracks-Organized/NOMAD-1115 - Phantom Planet - Raise the Dead/Phantom Planet - Raise the Dead (Original).flac	NOMAD-1115 - Phantom Planet - Raise the Dead.flac
NOMAD-1116	andrewdropboxfull:/Andrew Beveridge/MediaUnsynced/Karaoke/Tracks-Organized/NOMAD-1116 - Bear Ghost - Heavy News/Bear Ghost - Heavy News (Original).flac	NOMAD-1116 - Bear Ghost - Heavy News.flac
NOMAD-1117	andrewdropboxfull:/Andrew Beveridge/MediaUnsynced/Karaoke/Tracks-Organized/NOMAD-1117 - Maury Yeston (Nine_ The Musical) - Only With You/Maury Yeston (Nine_ The Musical) - Only With You (Original).flac	NOMAD-1117 - Maury Yeston (Nine_ The Musical) - Only With You.flac
NOMAD-1118	andrewdropboxfull:/Andrew Beveridge/MediaUnsynced/Karaoke/Tracks-Organized/NOMAD-1118 - Public Enemy - Hazy Shade of Criminal/Public Enemy - Hazy Shade of Criminal (Original).flac	NOMAD-1118 - Public Enemy - Hazy Shade of Criminal.flac
NOMAD-1119	andrewdropboxfull:/Andrew Beveridge/MediaUnsynced/Karaoke/Tracks-Organized/NOMAD-1119 - Ranchside Melodies - Let it Be - The Beatles/Ranchside Melodies - Let it Be - The Beatles (Youtube Nt4of3oYCC8).wav	NOMAD-1119 - Ranchside Melodies - Let it Be - The Beatles.wav
NOMAD-1120	andrewdropboxfull:/Andrew Beveridge/MediaUnsynced/Karaoke/Tracks-Organized/NOMAD-1120 - The Main Squeeze - #W W C/The Main Squeeze - #W W C (Original).flac	NOMAD-1120 - The Main Squeeze - #W W C.flac
NOMAD-1121	andrewdropboxfull:/Andrew Beveridge/MediaUnsynced/Karaoke/Tracks-Organized/NOMAD-1121 - John Prine - The Sins of Memphisto/John Prine - The Sins of Memphisto (Original).flac	NOMAD-1121 - John Prine - The Sins of Memphisto.flac
NOMAD-1122	andrewdropboxfull:/Andrew Beveridge/MediaUnsynced/Karaoke/Tracks-Organized/NOMAD-1122 - Mel McDaniel - Let It Roll (Let It Rock)/Mel McDaniel - Let It Roll (Let It Rock) (Original).flac	NOMAD-1122 - Mel McDaniel - Let It Roll (Let It Rock).flac
NOMAD-1123	andrewdropboxfull:/Andrew Beveridge/MediaUnsynced/Karaoke/Tracks-Organized/NOMAD-1123 - Vern Gosdin - Chiseled In Stone/Vern Gosdin - Chiseled In Stone (Original).flac	NOMAD-1123 - Vern Gosdin - Chiseled In Stone.flac
NOMAD-1124	andrewdropboxfull:/Andrew Beveridge/MediaUnsynced/Karaoke/Tracks-Organized/NOMAD-1124 - James Taylor - Carolina In My Mind/James Taylor - Carolina In My Mind (Original).flac	NOMAD-1124 - James Taylor - Carolina In My Mind.flac
NOMAD-1125	andrewdropboxfull:/Andrew Beveridge/MediaUnsynced/Karaoke/Tracks-Organized/NOMAD-1125 - Our Sins - Down - The Fallen Interlude/Our Sins - Down - The Fallen Interlude (Original).flac	NOMAD-1125 - Our Sins - Down - The Fallen Interlude.flac
NOMAD-1126	andrewdropboxfull:/Andrew Beveridge/MediaUnsynced/Karaoke/Tracks-Organized/NOMAD-1126 - American Head Charge - Just So You Know/American Head Charge - Just So You Know (Original).flac	NOMAD-1126 - American Head Charge - Just So You Know.flac
NOMAD-1127	andrewdropboxfull:/Andrew Beveridge/MediaUnsynced/Karaoke/Tracks-Organized/NOMAD-1127 - Newgrounds Death Rugby - Hinamizawa/Newgrounds Death Rugby - Hinamizawa (Original).flac	NOMAD-1127 - Newgrounds Death Rugby - Hinamizawa.flac
NOMAD-1128	andrewdropboxfull:/Andrew Beveridge/MediaUnsynced/Karaoke/Tracks-Organized/NOMAD-1128 - Hole - Pretty On The Inside/Hole - Pretty On The Inside (Original).flac	NOMAD-1128 - Hole - Pretty On The Inside.flac
NOMAD-1129	andrewdropboxfull:/Andrew Beveridge/MediaUnsynced/Karaoke/Tracks-Organized/NOMAD-1129 - Coil - Ostia (The Death of Pasolini)/Coil - Ostia (The Death of Pasolini) (Original).flac	NOMAD-1129 - Coil - Ostia (The Death of Pasolini).flac
NOMAD-1130	andrewdropboxfull:/Andrew Beveridge/MediaUnsynced/Karaoke/Tracks-Organized/NOMAD-1130 - Academia de Musica Guzmán Records - La Llorona (Cover)/Academia de Musica Guzmán Records - La Llorona (Cover) (Youtube 7VQe2MXJxl8).wav	NOMAD-1130 - Academia de Musica Guzmán Records - La Llorona (Cover).wav
NOMAD-1131	andrewdropboxfull:/Andrew Beveridge/MediaUnsynced/Karaoke/Tracks-Organized/NOMAD-1131 - American Head Charge - Downstream/American Head Charge - Downstream (Original).flac	NOMAD-1131 - American Head Charge - Downstream.flac
NOMAD-1132	andrewdropboxfull:/Andrew Beveridge/MediaUnsynced/Karaoke/Tracks-Organized/NOMAD-1132 - Samantha Leah - WILD WOMAN/Samantha Leah - WILD WOMAN (Original).flac	NOMAD-1132 - Samantha Leah - WILD WOMAN.flac
NOMAD-1133	andrewdropboxfull:/Andrew Beveridge/MediaUnsynced/Karaoke/Tracks-Organized/NOMAD-1133 - Panchiko - Laputa/Panchiko - Laputa (Youtube BQRkv-MZwJ8).wav	NOMAD-1133 - Panchiko - Laputa.wav
NOMAD-1134	andrewdropboxfull:/Andrew Beveridge/MediaUnsynced/Karaoke/Tracks-Organized/NOMAD-1134 - Junior Brown - Long Walk Back to San Antone/Junior Brown - Long Walk Back to San Antone (Original).flac	NOMAD-1134 - Junior Brown - Long Walk Back to San Antone.flac
NOMAD-1135	andrewdropboxfull:/Andrew Beveridge/MediaUnsynced/Karaoke/Tracks-Organized/NOMAD-1135 - Bonny Doon - San Francisco/Bonny Doon - San Francisco (Original).flac	NOMAD-1135 - Bonny Doon - San Francisco.flac
NOMAD-1136	andrewdropboxfull:/Andrew Beveridge/MediaUnsynced/Karaoke/Tracks-Organized/NOMAD-1136 - Graham Central Station - People/Graham Central Station - People (Original).flac	NOMAD-1136 - Graham Central Station - People.flac
NOMAD-1137	andrewdropboxfull:/Andrew Beveridge/MediaUnsynced/Karaoke/Tracks-Organized/NOMAD-1137 - Elijah Woods - Stay Home/Elijah Woods - Stay Home (Original).flac	NOMAD-1137 - Elijah Woods - Stay Home.flac
NOMAD-1138	andrewdropboxfull:/Andrew Beveridge/MediaUnsynced/Karaoke/Tracks-Organized/NOMAD-1138 - Benny Schnier - Bin wieder frei/Benny Schnier - Bin wieder frei (Original).wav	NOMAD-1138 - Benny Schnier - Bin wieder frei.wav
NOMAD-1139	andrewdropboxfull:/Andrew Beveridge/MediaUnsynced/Karaoke/Tracks-Organized/NOMAD-1139 - Hokus Pick - I'm So Happy/Hokus Pick - I'm So Happy (Original).flac	NOMAD-1139 - Hokus Pick - I'm So Happy.flac
NOMAD-1140	andrewdropboxfull:/Andrew Beveridge/MediaUnsynced/Karaoke/Tracks-Organized/NOMAD-1140 - American Head Charge - To Be Me/American Head Charge - To Be Me (Original).flac	NOMAD-1140 - American Head Charge - To Be Me.flac
NOMAD-1141	andrewdropboxfull:/Andrew Beveridge/MediaUnsynced/Karaoke/Tracks-Organized/NOMAD-1141 - Korn - Good God/Korn - Good God (Original).flac	NOMAD-1141 - Korn - Good God.flac
NOMAD-1142	andrewdropboxfull:/Andrew Beveridge/MediaUnsynced/Karaoke/Tracks-Organized/NOMAD-1142 - Flux of Pink Indians - Tube Disaster/Flux of Pink Indians - Tube Disaster (Original).flac	NOMAD-1142 - Flux of Pink Indians - Tube Disaster.flac
NOMAD-1143	andrewdropboxfull:/Andrew Beveridge/MediaUnsynced/Karaoke/Tracks-Organized/NOMAD-1143 - Christian Death - Resurrection - Sixth Communion/Christian Death - Resurrection - Sixth Communion (Original).flac	NOMAD-1143 - Christian Death - Resurrection - Sixth Communion.flac
NOMAD-1144	andrewdropboxfull:/Andrew Beveridge/MediaUnsynced/Karaoke/Tracks-Organized/NOMAD-1144 - AWOLNATION - Run/AWOLNATION - Run (Original).flac	NOMAD-1144 - AWOLNATION - Run.flac
NOMAD-1145	andrewdropboxfull:/Andrew Beveridge/MediaUnsynced/Karaoke/Tracks-Organized/NOMAD-1145 - Kerrigan-Lowdermilk ft. Michael Arden - Run Away With Me/Kerrigan-Lowdermilk ft. Michael Arden - Run Away With Me (Original).flac	NOMAD-1145 - Kerrigan-Lowdermilk ft. Michael Arden - Run Away With Me.flac
NOMAD-1146	andrewdropboxfull:/Andrew Beveridge/MediaUnsynced/Karaoke/Tracks-Organized/NOMAD-1146 - Jeremy Jordan - Run Away With Me (Live Sony Hall)/Jeremy Jordan - Run Away With Me (Live Sony Hall) (Original).flac	NOMAD-1146 - Jeremy Jordan - Run Away With Me (Live Sony Hall).flac
NOMAD-1147	andrewdropboxfull:/Andrew Beveridge/MediaUnsynced/Karaoke/Tracks-Organized/NOMAD-1147 - benches - Angry Lizard Noise/benches - Angry Lizard Noise (Original).flac	NOMAD-1147 - benches - Angry Lizard Noise.flac
NOMAD-1148	andrewdropboxfull:/Andrew Beveridge/MediaUnsynced/Karaoke/Tracks-Organized/NOMAD-1148 - Falling in Reverse - Voices in My Head/Falling in Reverse - Voices in My Head (Original).flac	NOMAD-1148 - Falling in Reverse - Voices in My Head.flac
NOMAD-1149	andrewdropboxfull:/Andrew Beveridge/MediaUnsynced/Karaoke/Tracks-Organized/NOMAD-1149 - The Mountain Goats - Flight 717_ Going To Denmark/The Mountain Goats - Flight 717_ Going To Denmark (Original).flac	NOMAD-1149 - The Mountain Goats - Flight 717_ Going To Denmark.flac
NOMAD-1150	andrewdropboxfull:/Andrew Beveridge/MediaUnsynced/Karaoke/Tracks-Organized/NOMAD-1150 - Five Finger Death Punch - Bad Company/Five Finger Death Punch - Bad Company (Original).flac	NOMAD-1150 - Five Finger Death Punch - Bad Company.flac
NOMAD-1151	andrewdropboxfull:/Andrew Beveridge/MediaUnsynced/Karaoke/Tracks-Organized/NOMAD-1151 - Korn - The Devil Went Down To Georgia/Korn - The Devil Went Down To Georgia (Original).flac	NOMAD-1151 - Korn - The Devil Went Down To Georgia.flac
NOMAD-1152	andrewdropboxfull:/Andrew Beveridge/MediaUnsynced/Karaoke/Tracks-Organized/NOMAD-1152 - Shinedown - A Symptom of Being Human/Shinedown - A Symptom of Being Human (Original).flac	NOMAD-1152 - Shinedown - A Symptom of Being Human.flac
NOMAD-1153	andrewdropboxfull:/Andrew Beveridge/MediaUnsynced/Karaoke/Tracks-Organized/NOMAD-1153 - Seether - Goodbye Tonight/Seether - Goodbye Tonight (Original).flac	NOMAD-1153 - Seether - Goodbye Tonight.flac
NOMAD-1154	andrewdropboxfull:/Andrew Beveridge/MediaUnsynced/Karaoke/Tracks-Organized/NOMAD-1154 - Arcade Fire - Unconditional I (Lookout Kid)/Arcade Fire - Unconditional I (Lookout Kid) (Original).flac	NOMAD-1154 - Arcade Fire - Unconditional I (Lookout Kid).flac
NOMAD-1155	andrewdropboxfull:/Andrew Beveridge/MediaUnsynced/Karaoke/Tracks-Organized/NOMAD-1155 - Ethel Cain - A House In Nebraska/Ethel Cain - A House In Nebraska (Original).flac	NOMAD-1155 - Ethel Cain - A House In Nebraska.flac
NOMAD-1156	andrewdropboxfull:/Andrew Beveridge/MediaUnsynced/Karaoke/Tracks-Organized/NOMAD-1156 - Houndmouth - Sedona/Houndmouth - Sedona (Original).flac	NOMAD-1156 - Houndmouth - Sedona.flac
NOMAD-1157	andrewdropboxfull:/Andrew Beveridge/MediaUnsynced/Karaoke/Tracks-Organized/NOMAD-1157 - Five Finger Death Punch - The Pride/Five Finger Death Punch - The Pride (Original).flac	NOMAD-1157 - Five Finger Death Punch - The Pride.flac
NOMAD-1158	andrewdropboxfull:/Andrew Beveridge/MediaUnsynced/Karaoke/Tracks-Organized/NOMAD-1158 - Volbeat - Still Counting/Volbeat - Still Counting (Original).flac	NOMAD-1158 - Volbeat - Still Counting.flac
NOMAD-1159	andrewdropboxfull:/Andrew Beveridge/MediaUnsynced/Karaoke/Tracks-Organized/NOMAD-1159 - Boz Scaggs - T-Bone Shuffle/Boz Scaggs - T-Bone Shuffle (Original).flac	NOMAD-1159 - Boz Scaggs - T-Bone Shuffle.flac
NOMAD-1160	andrewdropboxfull:/Andrew Beveridge/MediaUnsynced/Karaoke/Tracks-Organized/NOMAD-1160 - Doug Stone - I'd Be Better Off (In a Pine Box)/Doug Stone - I'd Be Better Off (In a Pine Box) (Original).flac	NOMAD-1160 - Doug Stone - I'd Be Better Off (In a Pine Box).flac
NOMAD-1161	andrewdropboxfull:/Andrew Beveridge/MediaUnsynced/Karaoke/Tracks-Organized/NOMAD-1161 - Iggy Pop - Five Foot One/Iggy Pop - Five Foot One (Original).flac	NOMAD-1161 - Iggy Pop - Five Foot One.flac
NOMAD-1162	andrewdropboxfull:/Andrew Beveridge/MediaUnsynced/Karaoke/Tracks-Organized/NOMAD-1162 - Arcy Drive - Roll My Stone/Arcy Drive - Roll My Stone (Original).flac	NOMAD-1162 - Arcy Drive - Roll My Stone.flac
NOMAD-1165	andrewdropboxfull:/Andrew Beveridge/MediaUnsynced/Karaoke/Tracks-Organized/NOMAD-1165 - Dot Dot Curve - Thisdick/Dot Dot Curve - Thisdick (Original).flac	NOMAD-1165 - Dot Dot Curve - Thisdick.flac
NOMAD-1166	andrewdropboxfull:/Andrew Beveridge/MediaUnsynced/Karaoke/Tracks-Organized/NOMAD-1166 - Four Lanes Male Choir - The White Rose/Four Lanes Male Choir - The White Rose (Original).wav	NOMAD-1166 - Four Lanes Male Choir - The White Rose.wav
NOMAD-1167	andrewdropboxfull:/Andrew Beveridge/MediaUnsynced/Karaoke/Tracks-Organized/NOMAD-1167 - Samm Henshaw - The World Is Mine/Samm Henshaw - The World Is Mine (Original).flac	NOMAD-1167 - Samm Henshaw - The World Is Mine.flac
NOMAD-1168	andrewdropboxfull:/Andrew Beveridge/MediaUnsynced/Karaoke/Tracks-Organized/NOMAD-1168 - The Wombats - Moving To New York/The Wombats - Moving To New York (Original).flac	NOMAD-1168 - The Wombats - Moving To New York.flac
NOMAD-1169	andrewdropboxfull:/Andrew Beveridge/MediaUnsynced/Karaoke/Tracks-Organized/NOMAD-1169 - The Wombats - Lost In The Post/The Wombats - Lost In The Post (Original).flac	NOMAD-1169 - The Wombats - Lost In The Post.flac
NOMAD-1170	andrewdropboxfull:/Andrew Beveridge/MediaUnsynced/Karaoke/Tracks-Organized/NOMAD-1170 - Juice WRLD - HeMotions/Juice WRLD - HeMotions (Original).flac	NOMAD-1170 - Juice WRLD - HeMotions.flac
NOMAD-1171	andrewdropboxfull:/Andrew Beveridge/MediaUnsynced/Karaoke/Tracks-Organized/NOMAD-1171 - Jethro Tull - Another Christmas Song/Jethro Tull - Another Christmas Song (flacfetch).flac	NOMAD-1171 - Jethro Tull - Another Christmas Song.flac
NOMAD-1172	andrewdropboxfull:/Andrew Beveridge/MediaUnsynced/Karaoke/Tracks-Organized/NOMAD-1172 - Poe - Hey Pretty/Poe - Hey Pretty (flacfetch-Redacted).flac	NOMAD-1172 - Poe - Hey Pretty.flac
NOMAD-1173	andrewdropboxfull:/Andrew Beveridge/MediaUnsynced/Karaoke/Tracks-Organized/NOMAD-1173 - BBYDnGR - DOUBLE CUP/BBYDnGR - DOUBLE CUP (Original).flac	NOMAD-1173 - BBYDnGR - DOUBLE CUP.flac
NOMAD-1174	andrewdropboxfull:/Andrew Beveridge/MediaUnsynced/Karaoke/Tracks-Organized/NOMAD-1174 - Eyehategod - Trying to Crack the Hard Dollar/Eyehategod - Trying to Crack the Hard Dollar (flacfetch).flac	NOMAD-1174 - Eyehategod - Trying to Crack the Hard Dollar.flac
NOMAD-1175	andrewdropboxfull:/Andrew Beveridge/MediaUnsynced/Karaoke/Tracks-Organized/NOMAD-1175 - Eyehategod - High Risk Trigger/Eyehategod - High Risk Trigger (flacfetch).flac	NOMAD-1175 - Eyehategod - High Risk Trigger.flac
NOMAD-1176	andrewdropboxfull:/Andrew Beveridge/MediaUnsynced/Karaoke/Tracks-Organized/NOMAD-1176 - Rudimental - Dancing Is Healing/Rudimental - Dancing Is Healing (flacfetch).flac	NOMAD-1176 - Rudimental - Dancing Is Healing.flac
NOMAD-1177	andrewdropboxfull:/Andrew Beveridge/MediaUnsynced/Karaoke/Tracks-Organized/NOMAD-1177 - Days N' Daze - Fuck It!/Days N' Daze - Fuck It! (Original).flac	NOMAD-1177 - Days N' Daze - Fuck It!.flac
NOMAD-1178	andrewdropboxfull:/Andrew Beveridge/MediaUnsynced/Karaoke/Tracks-Organized/NOMAD-1178 - Seether - Tonight/Seether - Tonight (flacfetch).flac	NOMAD-1178 - Seether - Tonight.flac
NOMAD-1179	andrewdropboxfull:/Andrew Beveridge/MediaUnsynced/Karaoke/Tracks-Organized/NOMAD-1179 - Father Of Peace - No Complaints/Father Of Peace - No Complaints (flacfetch-YouTube).wav	NOMAD-1179 - Father Of Peace - No Complaints.wav
NOMAD-1180	andrewdropboxfull:/Andrew Beveridge/MediaUnsynced/Karaoke/Tracks-Organized/NOMAD-1180 - Orla Gartland - You're Not Special, Babe/Orla Gartland - You're Not Special, Babe (flacfetch).flac	NOMAD-1180 - Orla Gartland - You're Not Special, Babe.flac
NOMAD-1181	andrewdropboxfull:/Andrew Beveridge/MediaUnsynced/Karaoke/Tracks-Organized/NOMAD-1181 - Blade of Glass - Loveis(sick)_5/Blade of Glass - Loveis(sick)_5 (Original).wav	NOMAD-1181 - Blade of Glass - Loveis(sick)_5.wav
NOMAD-1182	andrewdropboxfull:/Andrew Beveridge/MediaUnsynced/Karaoke/Tracks-Organized/NOMAD-1182 - Anita O'Day - Honeysuckle Rose/Anita O'Day - Honeysuckle Rose (Original).flac	NOMAD-1182 - Anita O'Day - Honeysuckle Rose.flac
NOMAD-1183	andrewdropboxfull:/Andrew Beveridge/MediaUnsynced/Karaoke/Tracks-Organized/NOMAD-1183 - Josh Krajcik - Let Me Hold You/Josh Krajcik - Let Me Hold You (Original).wav	NOMAD-1183 - Josh Krajcik - Let Me Hold You.wav
NOMAD-1184	andrewdropboxfull:/Andrew Beveridge/MediaUnsynced/Karaoke/Tracks-Organized/NOMAD-1184 - Eddie Money - I'll Get By/Eddie Money - I'll Get By (flacfetch).flac	NOMAD-1184 - Eddie Money - I'll Get By.flac
NOMAD-1185	andrewdropboxfull:/Andrew Beveridge/MediaUnsynced/Karaoke/Tracks-Organized/NOMAD-1185 - Avril Lavigne - Unwanted/Avril Lavigne - Unwanted (Original).flac	NOMAD-1185 - Avril Lavigne - Unwanted.flac
NOMAD-1186	andrewdropboxfull:/Andrew Beveridge/MediaUnsynced/Karaoke/Tracks-Organized/NOMAD-1186 - Five For Fighting - All I Know/Five For Fighting - All I Know (flacfetch).flac	NOMAD-1186 - Five For Fighting - All I Know.flac
NOMAD-1189	andrewdropboxfull:/Andrew Beveridge/MediaUnsynced/Karaoke/Tracks-Organized/NOMAD-1189 - Fiona Apple - Parting Gift/Fiona Apple - Parting Gift (flacfetch).flac	NOMAD-1189 - Fiona Apple - Parting Gift.flac
NOMAD-1192	andrewdropboxfull:/Andrew Beveridge/MediaUnsynced/Karaoke/Tracks-Organized/NOMAD-1192 - Avril Lavigne - Mobile/Avril Lavigne - Mobile (flacfetch).flac	NOMAD-1192 - Avril Lavigne - Mobile.flac
NOMAD-1193	andrewdropboxfull:/Andrew Beveridge/MediaUnsynced/Karaoke/Tracks-Organized/NOMAD-1193 - Avril Lavigne - I'm With You/Avril Lavigne - I'm With You (flacfetch).flac	NOMAD-1193 - Avril Lavigne - I'm With You.flac
NOMAD-1255	andrewdropboxfull:/Andrew Beveridge/MediaUnsynced/Karaoke/Tracks-Organized/NOMAD-1255 - Cage The elephant - Ain't no rest for the wicked/Cage The elephant - Ain't no rest for the wicked (YouTube).webm	NOMAD-1255 - Cage The elephant - Ain't no rest for the wicked.webm
NOMAD-1256	andrewdropboxfull:/Andrew Beveridge/MediaUnsynced/Karaoke/Tracks-Organized/NOMAD-1256 - Pitchshifter - Genius/Pitchshifter - Genius (YouTube).webm	NOMAD-1256 - Pitchshifter - Genius.webm
NOMAD-1258	andrewdropboxfull:/Andrew Beveridge/MediaUnsynced/Karaoke/Tracks-Organized/NOMAD-1258 - Jack Kays - The Rug/Jack Kays - The Rug (flacfetch).flac	NOMAD-1258 - Jack Kays - The Rug.flac
NOMAD-1259	andrewdropboxfull:/Andrew Beveridge/MediaUnsynced/Karaoke/Tracks-Organized/NOMAD-1259 - Steve Taylor - Jim Morrison's Grave/Steve Taylor - Jim Morrison's Grave (flacfetch).flac	NOMAD-1259 - Steve Taylor - Jim Morrison's Grave.flac
NOMAD-1260	andrewdropboxfull:/Andrew Beveridge/MediaUnsynced/Karaoke/Tracks-Organized/NOMAD-1260 - Eyehategod - Jack ass in the will of god/Eyehategod - Jack ass in the will of god (YouTube).webm	NOMAD-1260 - Eyehategod - Jack ass in the will of god.webm
NOMAD-1261	andrewdropboxfull:/Andrew Beveridge/MediaUnsynced/Karaoke/Tracks-Organized/NOMAD-1261 - Pierce The Veil - She Makes Dirty Words Sound Pretty/Pierce The Veil - She Makes Dirty Words Sound Pretty (YouTube).webm	NOMAD-1261 - Pierce The Veil - She Makes Dirty Words Sound Pretty.webm
NOMAD-1262	andrewdropboxfull:/Andrew Beveridge/MediaUnsynced/Karaoke/Tracks-Organized/NOMAD-1262 - Japanese Breakfast - Till Death/Japanese Breakfast - Till Death (YouTube).webm	NOMAD-1262 - Japanese Breakfast - Till Death.webm
NOMAD-1263	andrewdropboxfull:/Andrew Beveridge/MediaUnsynced/Karaoke/Tracks-Organized/NOMAD-1263 - Hollow Coves - Blessings/Hollow Coves - Blessings (uploaded).mp3	NOMAD-1263 - Hollow Coves - Blessings.mp3
NOMAD-1265	andrewdropboxfull:/Andrew Beveridge/MediaUnsynced/Karaoke/Tracks-Organized/NOMAD-1265 - The Mountain Goats - Source Decay/The Mountain Goats - Source Decay (flacfetch).flac	NOMAD-1265 - The Mountain Goats - Source Decay.flac
NOMAD-1266	andrewdropboxfull:/Andrew Beveridge/MediaUnsynced/Karaoke/Tracks-Organized/NOMAD-1266 - Hot Mulligan - Pop Shuvit (Hall of Meat, Duh)/Hot Mulligan - Pop Shuvit (Hall of Meat, Duh) (flacfetch).flac	NOMAD-1266 - Hot Mulligan - Pop Shuvit (Hall of Meat, Duh).flac
NOMAD-1267	andrewdropboxfull:/Andrew Beveridge/MediaUnsynced/Karaoke/Tracks-Organized/NOMAD-1267 - Quail - What You Got/Quail - What You Got (flacfetch).webm	NOMAD-1267 - Quail - What You Got.webm
NOMAD-1268	andrewdropboxfull:/Andrew Beveridge/MediaUnsynced/Karaoke/Tracks-Organized/NOMAD-1268 - ASTN - Happier Than Ever/ASTN - Happier Than Ever (flacfetch).webm	NOMAD-1268 - ASTN - Happier Than Ever.webm
NOMAD-1269	andrewdropboxfull:/Andrew Beveridge/MediaUnsynced/Karaoke/Tracks-Organized/NOMAD-1269 - Sawyer Hill - Masochistic Lover/Sawyer Hill - Masochistic Lover (flacfetch).flac	NOMAD-1269 - Sawyer Hill - Masochistic Lover.flac
NOMAD-1270	andrewdropboxfull:/Andrew Beveridge/MediaUnsynced/Karaoke/Tracks-Organized/NOMAD-1270 - Pony Bradshaw - 10x10/Pony Bradshaw - 10x10 (flacfetch).flac	NOMAD-1270 - Pony Bradshaw - 10x10.flac
NOMAD-1271	andrewdropboxfull:/Andrew Beveridge/MediaUnsynced/Karaoke/Tracks-Organized/NOMAD-1271 - Hot Mulligan - Pop Shuvit (Hall of Meat, Duh) (Acoustic)/Hot Mulligan - Pop Shuvit (Hall of Meat, Duh) (Acoustic) (flacfetch).flac	NOMAD-1271 - Hot Mulligan - Pop Shuvit (Hall of Meat, Duh) (Acoustic).flac
NOMAD-1272	andrewdropboxfull:/Andrew Beveridge/MediaUnsynced/Karaoke/Tracks-Organized/NOMAD-1272 - Maximo Park - By the Monument/Maximo Park - By the Monument (flacfetch).flac	NOMAD-1272 - Maximo Park - By the Monument.flac
NOMAD-1273	andrewdropboxfull:/Andrew Beveridge/MediaUnsynced/Karaoke/Tracks-Organized/NOMAD-1273 - Maximo Park - Our Velocity/Maximo Park - Our Velocity (flacfetch).flac	NOMAD-1273 - Maximo Park - Our Velocity.flac
NOMAD-1274	andrewdropboxfull:/Andrew Beveridge/MediaUnsynced/Karaoke/Tracks-Organized/NOMAD-1274 - Pony Bradshaw - Jehovah/Pony Bradshaw - Jehovah (flacfetch).flac	NOMAD-1274 - Pony Bradshaw - Jehovah.flac
NOMAD-1275	andrewdropboxfull:/Andrew Beveridge/MediaUnsynced/Karaoke/Tracks-Organized/NOMAD-1275 - Michel Delpech - Le Chasseur/Michel Delpech - Le Chasseur (YouTube).webm	NOMAD-1275 - Michel Delpech - Le Chasseur.webm
NOMAD-1276	andrewdropboxfull:/Andrew Beveridge/MediaUnsynced/Karaoke/Tracks-Organized/NOMAD-1276 - Keane - Crystal Ball/Keane - Crystal Ball (flacfetch).flac	NOMAD-1276 - Keane - Crystal Ball.flac
NOMAD-1277	andrewdropboxfull:/Andrew Beveridge/MediaUnsynced/Karaoke/Tracks-Organized/NOMAD-1277 - Coldplay - Parachutes/Coldplay - Parachutes (flacfetch).flac	NOMAD-1277 - Coldplay - Parachutes.flac
NOMAD-1278	andrewdropboxfull:/Andrew Beveridge/MediaUnsynced/Karaoke/Tracks-Organized/NOMAD-1278 - Regina Spektor - Fidelity/Regina Spektor - Fidelity (flacfetch).flac	NOMAD-1278 - Regina Spektor - Fidelity.flac
NOMAD-1279	andrewdropboxfull:/Andrew Beveridge/MediaUnsynced/Karaoke/Tracks-Organized/NOMAD-1279 - Maximo Park - Apply Some Pressure/Maximo Park - Apply Some Pressure (flacfetch).flac	NOMAD-1279 - Maximo Park - Apply Some Pressure.flac
NOMAD-1280	andrewdropboxfull:/Andrew Beveridge/MediaUnsynced/Karaoke/Tracks-Organized/NOMAD-1280 - Maximo Park - Graffiti/Maximo Park - Graffiti (flacfetch).flac	NOMAD-1280 - Maximo Park - Graffiti.flac
NOMAD-1281	andrewdropboxfull:/Andrew Beveridge/MediaUnsynced/Karaoke/Tracks-Organized/NOMAD-1281 - Maximo Park - Signal and Sign/Maximo Park - Signal and Sign (flacfetch).flac	NOMAD-1281 - Maximo Park - Signal and Sign.flac
NOMAD-1282	andrewdropboxfull:/Andrew Beveridge/MediaUnsynced/Karaoke/Tracks-Organized/NOMAD-1282 - Keane - Put It Behind You/Keane - Put It Behind You (flacfetch).flac	NOMAD-1282 - Keane - Put It Behind You.flac
NOMAD-1283	andrewdropboxfull:/Andrew Beveridge/MediaUnsynced/Karaoke/Tracks-Organized/NOMAD-1283 - Maximo Park - Postcard of a Painting/Maximo Park - Postcard of a Painting (flacfetch).flac	NOMAD-1283 - Maximo Park - Postcard of a Painting.flac
NOMAD-1284	andrewdropboxfull:/Andrew Beveridge/MediaUnsynced/Karaoke/Tracks-Organized/NOMAD-1284 - Sugar ray - American pig/Sugar ray - American pig (flacfetch).flac	NOMAD-1284 - Sugar ray - American pig.flac
NOMAD-1285	andrewdropboxfull:/Andrew Beveridge/MediaUnsynced/Karaoke/Tracks-Organized/NOMAD-1285 - Pigs pigs pigs pigs pigs pigs pigs - Detroit/Pigs pigs pigs pigs pigs pigs pigs - Detroit (flacfetch).flac	NOMAD-1285 - Pigs pigs pigs pigs pigs pigs pigs - Detroit.flac
NOMAD-1286	andrewdropboxfull:/Andrew Beveridge/MediaUnsynced/Karaoke/Tracks-Organized/NOMAD-1286 - Maxïmo Park - Limassol/Maxïmo Park - Limassol (flacfetch).flac	NOMAD-1286 - Maxïmo Park - Limassol.flac
NOMAD-1287	andrewdropboxfull:/Andrew Beveridge/MediaUnsynced/Karaoke/Tracks-Organized/NOMAD-1287 - IceKnot - 明尼苏达一万湖在唱/IceKnot - 明尼苏达一万湖在唱 (YouTube).webm	NOMAD-1287 - IceKnot - 明尼苏达一万湖在唱.webm
NOMAD-1288	andrewdropboxfull:/Andrew Beveridge/MediaUnsynced/Karaoke/Tracks-Organized/NOMAD-1288 - Maximo Park - Going Missing/Maximo Park - Going Missing (flacfetch).flac	NOMAD-1288 - Maximo Park - Going Missing.flac
NOMAD-1289	andrewdropboxfull:/Andrew Beveridge/MediaUnsynced/Karaoke/Tracks-Organized/NOMAD-1289 - Constantines - On To You/Constantines - On To You (flacfetch).flac	NOMAD-1289 - Constantines - On To You.flac
NOMAD-1290	andrewdropboxfull:/Andrew Beveridge/MediaUnsynced/Karaoke/Tracks-Organized/NOMAD-1290 - Maximo Park - I Want You To Stay/Maximo Park - I Want You To Stay (flacfetch).flac	NOMAD-1290 - Maximo Park - I Want You To Stay.flac
NOMAD-1291	andrewdropboxfull:/Andrew Beveridge/MediaUnsynced/Karaoke/Tracks-Organized/NOMAD-1291 - Lucinda Williams - Ventura/Lucinda Williams - Ventura (flacfetch).flac	NOMAD-1291 - Lucinda Williams - Ventura.flac
NOMAD-1292	andrewdropboxfull:/Andrew Beveridge/MediaUnsynced/Karaoke/Tracks-Organized/NOMAD-1292 - ARCANGEL - TE ESPERARÉ/ARCANGEL - TE ESPERARÉ (flacfetch).flac	NOMAD-1292 - ARCANGEL - TE ESPERARÉ.flac
NOMAD-1293	andrewdropboxfull:/Andrew Beveridge/MediaUnsynced/Karaoke/Tracks-Organized/NOMAD-1293 - Transplants - California Babylon/Transplants - California Babylon (flacfetch).flac	NOMAD-1293 - Transplants - California Babylon.flac
NOMAD-1294	andrewdropboxfull:/Andrew Beveridge/MediaUnsynced/Karaoke/Tracks-Organized/NOMAD-1294 - Maxïmo Park - The Night I Lost My Head/Maxïmo Park - The Night I Lost My Head (flacfetch).flac	NOMAD-1294 - Maxïmo Park - The Night I Lost My Head.flac
NOMAD-1295	andrewdropboxfull:/Andrew Beveridge/MediaUnsynced/Karaoke/Tracks-Organized/NOMAD-1295 - Fox Stevenson - Victory Over Truth/Fox Stevenson - Victory Over Truth (flacfetch).flac	NOMAD-1295 - Fox Stevenson - Victory Over Truth.flac
NOMAD-1296	andrewdropboxfull:/Andrew Beveridge/MediaUnsynced/Karaoke/Tracks-Organized/NOMAD-1296 - Disembodied - Bloodshed Rain/Disembodied - Bloodshed Rain (flacfetch).flac	NOMAD-1296 - Disembodied - Bloodshed Rain.flac
NOMAD-1297	andrewdropboxfull:/Andrew Beveridge/MediaUnsynced/Karaoke/Tracks-Organized/NOMAD-1297 - Queen Anne - Let's Dance/Queen Anne - Let's Dance (flacfetch).webm	NOMAD-1297 - Queen Anne - Let's Dance.webm
NOMAD-1298	andrewdropboxfull:/Andrew Beveridge/MediaUnsynced/Karaoke/Tracks-Organized/NOMAD-1298 - blankstate - lovely1/blankstate - lovely1 (flacfetch).webm	NOMAD-1298 - blankstate - lovely1.webm
NOMAD-1299	andrewdropboxfull:/Andrew Beveridge/MediaUnsynced/Karaoke/Tracks-Organized/NOMAD-1299 - kittie - Eyes Wide Open/kittie - Eyes Wide Open (flacfetch).flac	NOMAD-1299 - kittie - Eyes Wide Open.flac
NOMAD-1300	andrewdropboxfull:/Andrew Beveridge/MediaUnsynced/Karaoke/Tracks-Organized/NOMAD-1300 - Fox Stevenson - Still Here/Fox Stevenson - Still Here (flacfetch).flac	NOMAD-1300 - Fox Stevenson - Still Here.flac
NOMAD-1301	andrewdropboxfull:/Andrew Beveridge/MediaUnsynced/Karaoke/Tracks-Organized/NOMAD-1301 - Fox Stevenson - Dreamland/Fox Stevenson - Dreamland (flacfetch).flac	NOMAD-1301 - Fox Stevenson - Dreamland.flac
NOMAD-1302	andrewdropboxfull:/Andrew Beveridge/MediaUnsynced/Karaoke/Tracks-Organized/NOMAD-1302 - Fox Stevenson - All Eyes On Me/Fox Stevenson - All Eyes On Me (flacfetch).flac	NOMAD-1302 - Fox Stevenson - All Eyes On Me.flac
NOMAD-1303	andrewdropboxfull:/Andrew Beveridge/MediaUnsynced/Karaoke/Tracks-Organized/NOMAD-1303 - Fox Stevenson - Don't Care Crown/Fox Stevenson - Don't Care Crown (flacfetch).flac	NOMAD-1303 - Fox Stevenson - Don't Care Crown.flac
NOMAD-1304	andrewdropboxfull:/Andrew Beveridge/MediaUnsynced/Karaoke/Tracks-Organized/NOMAD-1304 - Fox Stevenson - Out My Head/Fox Stevenson - Out My Head (flacfetch).flac	NOMAD-1304 - Fox Stevenson - Out My Head.flac
NOMAD-1305	andrewdropboxfull:/Andrew Beveridge/MediaUnsynced/Karaoke/Tracks-Organized/NOMAD-1305 - Hole - Retard Girl/Hole - Retard Girl (flacfetch).flac	NOMAD-1305 - Hole - Retard Girl.flac
NOMAD-1306	andrewdropboxfull:/Andrew Beveridge/MediaUnsynced/Karaoke/Tracks-Organized/NOMAD-1306 - Fiona Apple - Jonathan/Fiona Apple - Jonathan (flacfetch).flac	NOMAD-1306 - Fiona Apple - Jonathan.flac
NOMAD-1307	andrewdropboxfull:/Andrew Beveridge/MediaUnsynced/Karaoke/Tracks-Organized/NOMAD-1307 - Little Foot - Death or Glory/Little Foot - Death or Glory (flacfetch).flac	NOMAD-1307 - Little Foot - Death or Glory.flac
NOMAD-1308	andrewdropboxfull:/Andrew Beveridge/MediaUnsynced/Karaoke/Tracks-Organized/NOMAD-1308 - Slutever - Maggot/Slutever - Maggot (flacfetch).flac	NOMAD-1308 - Slutever - Maggot.flac
NOMAD-1309	andrewdropboxfull:/Andrew Beveridge/MediaUnsynced/Karaoke/Tracks-Organized/NOMAD-1309 - Regina Spektor - Eet/Regina Spektor - Eet (flacfetch).flac	NOMAD-1309 - Regina Spektor - Eet.flac
NOMAD-1310	andrewdropboxfull:/Andrew Beveridge/MediaUnsynced/Karaoke/Tracks-Organized/NOMAD-1310 - The Raven Age - Age of the Raven/The Raven Age - Age of the Raven (flacfetch).flac	NOMAD-1310 - The Raven Age - Age of the Raven.flac
NOMAD-1311	andrewdropboxfull:/Andrew Beveridge/MediaUnsynced/Karaoke/Tracks-Organized/NOMAD-1311 - The Raven Age - My Revenge/The Raven Age - My Revenge (flacfetch).flac	NOMAD-1311 - The Raven Age - My Revenge.flac
NOMAD-1312	andrewdropboxfull:/Andrew Beveridge/MediaUnsynced/Karaoke/Tracks-Organized/NOMAD-1312 - Burning Sensations - Pablo Picasso/Burning Sensations - Pablo Picasso (flacfetch).flac	NOMAD-1312 - Burning Sensations - Pablo Picasso.flac
NOMAD-1313	andrewdropboxfull:/Andrew Beveridge/MediaUnsynced/Karaoke/Tracks-Organized/NOMAD-1313 - Roy Black - Ein kleines bisschen Zärtlichkeit/Roy Black - Ein kleines bisschen Zärtlichkeit (flacfetch).webm	NOMAD-1313 - Roy Black - Ein kleines bisschen Zärtlichkeit.webm
NOMAD-1314	andrewdropboxfull:/Andrew Beveridge/MediaUnsynced/Karaoke/Tracks-Organized/NOMAD-1314 - NCT - Chuyện Người Đắp Chiếu/NCT - Chuyện Người Đắp Chiếu (YouTube).webm	NOMAD-1314 - NCT - Chuyện Người Đắp Chiếu.webm
NOMAD-1315	andrewdropboxfull:/Andrew Beveridge/MediaUnsynced/Karaoke/Tracks-Organized/NOMAD-1315 - CÓ LẼ NÀO ( THU CUỐI ) _ - Megaz/CÓ LẼ NÀO ( THU CUỐI ) _ - Megaz (flacfetch).webm	NOMAD-1315 - CÓ LẼ NÀO ( THU CUỐI ) _ - Megaz.webm
NOMAD-1316	andrewdropboxfull:/Andrew Beveridge/MediaUnsynced/Karaoke/Tracks-Organized/NOMAD-1316 - Shane Filan - Beautiful In White/Shane Filan - Beautiful In White (flacfetch).flac	NOMAD-1316 - Shane Filan - Beautiful In White.flac
NOMAD-1317	andrewdropboxfull:/Andrew Beveridge/MediaUnsynced/Karaoke/Tracks-Organized/NOMAD-1317 - Hoa Minzy - Bac bling/Hoa Minzy - Bac bling (flacfetch).flac	NOMAD-1317 - Hoa Minzy - Bac bling.flac
NOMAD-1318	andrewdropboxfull:/Andrew Beveridge/MediaUnsynced/Karaoke/Tracks-Organized/NOMAD-1318 - JimmyNguyen - Khoi Thuoc Doi Cho/JimmyNguyen - Khoi Thuoc Doi Cho (uploaded).mp3	NOMAD-1318 - JimmyNguyen - Khoi Thuoc Doi Cho.mp3
NOMAD-1319	andrewdropboxfull:/Andrew Beveridge/MediaUnsynced/Karaoke/Tracks-Organized/NOMAD-1319 - BINZ - HỒN LỠ SA VÀO (ft. TRIPLE D)/BINZ - HỒN LỠ SA VÀO (ft. TRIPLE D) (YouTube).webm	NOMAD-1319 - BINZ - HỒN LỠ SA VÀO (ft. TRIPLE D).webm
NOMAD-1320	andrewdropboxfull:/Andrew Beveridge/MediaUnsynced/Karaoke/Tracks-Organized/NOMAD-1320 - ICD - Cuốn sách ngày xưa mẹ tôi thường nói/ICD - Cuốn sách ngày xưa mẹ tôi thường nói (flacfetch).webm	NOMAD-1320 - ICD - Cuốn sách ngày xưa mẹ tôi thường nói.webm
NOMAD-1321	andrewdropboxfull:/Andrew Beveridge/MediaUnsynced/Karaoke/Tracks-Organized/NOMAD-1321 - Noo phuoc - Noo phuoc/Noo phuoc - Noo phuoc (YouTube).webm	NOMAD-1321 - Noo phuoc - Noo phuoc.webm
NOMAD-1322	andrewdropboxfull:/Andrew Beveridge/MediaUnsynced/Karaoke/Tracks-Organized/NOMAD-1322 - Tung Duong - Thiep Hong Sai Ten/Tung Duong - Thiep Hong Sai Ten (YouTube).webm	NOMAD-1322 - Tung Duong - Thiep Hong Sai Ten.webm
NOMAD-1323	andrewdropboxfull:/Andrew Beveridge/MediaUnsynced/Karaoke/Tracks-Organized/NOMAD-1323 - Đức Tân - Buồn Làm Chi Em Ơi/Đức Tân - Buồn Làm Chi Em Ơi (YouTube).webm	NOMAD-1323 - Đức Tân - Buồn Làm Chi Em Ơi.webm
NOMAD-1324	andrewdropboxfull:/Andrew Beveridge/MediaUnsynced/Karaoke/Tracks-Organized/NOMAD-1324 - The Ataris - All Souls Day/The Ataris - All Souls Day (flacfetch).flac	NOMAD-1324 - The Ataris - All Souls Day.flac
NOMAD-1325	andrewdropboxfull:/Andrew Beveridge/MediaUnsynced/Karaoke/Tracks-Organized/NOMAD-1325 - While Heaven Wept - Living Sepulchre (Single)/While Heaven Wept - Living Sepulchre (Single) (flacfetch).flac	NOMAD-1325 - While Heaven Wept - Living Sepulchre (Single).flac
NOMAD-1326	andrewdropboxfull:/Andrew Beveridge/MediaUnsynced/Karaoke/Tracks-Organized/NOMAD-1326 - Gia - Anh đã lừa dối em rồi/Gia - Anh đã lừa dối em rồi (YouTube).webm	NOMAD-1326 - Gia - Anh đã lừa dối em rồi.webm
NOMAD-1327	andrewdropboxfull:/Andrew Beveridge/MediaUnsynced/Karaoke/Tracks-Organized/NOMAD-1327 - tram cam xuc - co ai hen ho cung em chua/tram cam xuc - co ai hen ho cung em chua (YouTube).webm	NOMAD-1327 - tram cam xuc - co ai hen ho cung em chua.webm
NOMAD-1328	andrewdropboxfull:/Andrew Beveridge/MediaUnsynced/Karaoke/Tracks-Organized/NOMAD-1328 - The Ataris - All Souls Day/The Ataris - All Souls Day (flacfetch).flac	NOMAD-1328 - The Ataris - All Souls Day.flac
NOMAD-1329	andrewdropboxfull:/Andrew Beveridge/MediaUnsynced/Karaoke/Tracks-Organized/NOMAD-1329 - Mermaid Melody - Princess Serena/Mermaid Melody - Princess Serena (YouTube).webm	NOMAD-1329 - Mermaid Melody - Princess Serena.webm
NOMAD-1330	andrewdropboxfull:/Andrew Beveridge/MediaUnsynced/Karaoke/Tracks-Organized/NOMAD-1330 - Dr Slump - Wai Wai Koushinkyoku/Dr Slump - Wai Wai Koushinkyoku (YouTube).webm	NOMAD-1330 - Dr Slump - Wai Wai Koushinkyoku.webm
NOMAD-1331	andrewdropboxfull:/Andrew Beveridge/MediaUnsynced/Karaoke/Tracks-Organized/NOMAD-1331 - Wonderful Precure - FUN ☆FUN☆Wonderful Days/Wonderful Precure - FUN ☆FUN☆Wonderful Days (YouTube).webm	NOMAD-1331 - Wonderful Precure - FUN ☆FUN☆Wonderful Days.webm
NOMAD-1332	andrewdropboxfull:/Andrew Beveridge/MediaUnsynced/Karaoke/Tracks-Organized/NOMAD-1332 - Home Is Where - Long Distance Conjoined Twins/Home Is Where - Long Distance Conjoined Twins (flacfetch).flac	NOMAD-1332 - Home Is Where - Long Distance Conjoined Twins.flac
NOMAD-1333	andrewdropboxfull:/Andrew Beveridge/MediaUnsynced/Karaoke/Tracks-Organized/NOMAD-1333 - Mermaid Melody - Taiyou no Rakuen ~Promised Land~/Mermaid Melody - Taiyou no Rakuen ~Promised Land~ (YouTube).webm	NOMAD-1333 - Mermaid Melody - Taiyou no Rakuen ~Promised Land~.webm
NOMAD-1334	andrewdropboxfull:/Andrew Beveridge/MediaUnsynced/Karaoke/Tracks-Organized/NOMAD-1334 - Sorcie Elle - Far From Evil/Sorcie Elle - Far From Evil (uploaded).mp3	NOMAD-1334 - Sorcie Elle - Far From Evil.mp3
NOMAD-1336	andrewdropboxfull:/Andrew Beveridge/MediaUnsynced/Karaoke/Tracks-Organized/NOMAD-1336 - Citizen Soldier - Dead Butterflies/Citizen Soldier - Dead Butterflies (flacfetch).flac	NOMAD-1336 - Citizen Soldier - Dead Butterflies.flac
NOMAD-1337	andrewdropboxfull:/Andrew Beveridge/MediaUnsynced/Karaoke/Tracks-Organized/NOMAD-1337 - The Raven Age - Winds of Change/The Raven Age - Winds of Change (flacfetch).flac	NOMAD-1337 - The Raven Age - Winds of Change.flac
NOMAD-1338	andrewdropboxfull:/Andrew Beveridge/MediaUnsynced/Karaoke/Tracks-Organized/NOMAD-1338 - Quay Money - Hardtobelieve/Quay Money - Hardtobelieve (uploaded).m4a	NOMAD-1338 - Quay Money - Hardtobelieve.m4a
NOMAD-1339	andrewdropboxfull:/Andrew Beveridge/MediaUnsynced/Karaoke/Tracks-Organized/NOMAD-1339 - Sorcie Elle - Fever Dream/Sorcie Elle - Fever Dream (uploaded).wav	NOMAD-1339 - Sorcie Elle - Fever Dream.wav
NOMAD-1340	andrewdropboxfull:/Andrew Beveridge/MediaUnsynced/Karaoke/Tracks-Organized/NOMAD-1340 - Marco McDewey - I'm fucking broken extended version/Marco McDewey - I'm fucking broken extended version (uploaded).mp3	NOMAD-1340 - Marco McDewey - I'm fucking broken extended version.mp3
NOMAD-1341	andrewdropboxfull:/Andrew Beveridge/MediaUnsynced/Karaoke/Tracks-Organized/NOMAD-1341 - Taylor Swift - The Fate Of Ophelia/Taylor Swift - The Fate Of Ophelia (flacfetch).flac	NOMAD-1341 - Taylor Swift - The Fate Of Ophelia.flac
NOMAD-1342	andrewdropboxfull:/Andrew Beveridge/MediaUnsynced/Karaoke/Tracks-Organized/NOMAD-1342 - Tôi làm bạn xem - 50 năm về sau ballad/Tôi làm bạn xem - 50 năm về sau ballad (YouTube).webm	NOMAD-1342 - Tôi làm bạn xem - 50 năm về sau ballad.webm
NOMAD-1343	andrewdropboxfull:/Andrew Beveridge/MediaUnsynced/Karaoke/Tracks-Organized/NOMAD-1343 - Marco McDewey - Girls ain't got dicks/Marco McDewey - Girls ain't got dicks (uploaded).mp3	NOMAD-1343 - Marco McDewey - Girls ain't got dicks.mp3
NOMAD-1344	andrewdropboxfull:/Andrew Beveridge/MediaUnsynced/Karaoke/Tracks-Organized/NOMAD-1344 - Hard-Fi - Cash Machine/Hard-Fi - Cash Machine (flacfetch).flac	NOMAD-1344 - Hard-Fi - Cash Machine.flac
NOMAD-1345	andrewdropboxfull:/Andrew Beveridge/MediaUnsynced/Karaoke/Tracks-Organized/NOMAD-1345 - Yung Lean - Red Bottom Sky/Yung Lean - Red Bottom Sky (flacfetch).flac	NOMAD-1345 - Yung Lean - Red Bottom Sky.flac
NOMAD-1346	andrewdropboxfull:/Andrew Beveridge/MediaUnsynced/Karaoke/Tracks-Organized/NOMAD-1346 - HoangPhuzzz - TD/HoangPhuzzz - TD (uploaded).mp3	NOMAD-1346 - HoangPhuzzz - TD.mp3
NOMAD-1347	andrewdropboxfull:/Andrew Beveridge/MediaUnsynced/Karaoke/Tracks-Organized/NOMAD-1347 - Eli - All at Once/Eli - All at Once (flacfetch).flac	NOMAD-1347 - Eli - All at Once.flac
NOMAD-1348	andrewdropboxfull:/Andrew Beveridge/MediaUnsynced/Karaoke/Tracks-Organized/NOMAD-1348 - Sorcie Elle - 100 Songs/Sorcie Elle - 100 Songs (uploaded).wav	NOMAD-1348 - Sorcie Elle - 100 Songs.wav
NOMAD-1349	andrewdropboxfull:/Andrew Beveridge/MediaUnsynced/Karaoke/Tracks-Organized/NOMAD-1349 - Enscen - Miss you Mom/Enscen - Miss you Mom (YouTube).webm	NOMAD-1349 - Enscen - Miss you Mom.webm
NOMAD-1350	andrewdropboxfull:/Andrew Beveridge/MediaUnsynced/Karaoke/Tracks-Organized/NOMAD-1350 - RÔ TI - LẬP ĐÔNG (CA SĨ GIẤU MẶT COVER)/RÔ TI - LẬP ĐÔNG (CA SĨ GIẤU MẶT COVER) (YouTube).webm	NOMAD-1350 - RÔ TI - LẬP ĐÔNG (CA SĨ GIẤU MẶT COVER).webm
NOMAD-1351	andrewdropboxfull:/Andrew Beveridge/MediaUnsynced/Karaoke/Tracks-Organized/NOMAD-1351 - Ballad Lines - Change of Plan/Ballad Lines - Change of Plan (YouTube).webm	NOMAD-1351 - Ballad Lines - Change of Plan.webm
NOMAD-1352	andrewdropboxfull:/Andrew Beveridge/MediaUnsynced/Karaoke/Tracks-Organized/NOMAD-1352 - Hàm Nghi - Hàm Nghi - Mái Trường Em Yêu/Hàm Nghi - Hàm Nghi - Mái Trường Em Yêu (uploaded).MP3	NOMAD-1352 - Hàm Nghi - Hàm Nghi - Mái Trường Em Yêu.mp3
NOMAD-1353	andrewdropboxfull:/Andrew Beveridge/MediaUnsynced/Karaoke/Tracks-Organized/NOMAD-1353 - Peter Sebastian - Deine Liebe tut mir weh (Thirty-Five-Radio-Mix)/Peter Sebastian - Deine Liebe tut mir weh (Thirty-Five-Radio-Mix) (flacfetch).flac	NOMAD-1353 - Peter Sebastian - Deine Liebe tut mir weh (Thirty-Five-Radio-Mix).flac
NOMAD-1354	andrewdropboxfull:/Andrew Beveridge/MediaUnsynced/Karaoke/Tracks-Organized/NOMAD-1354 - Peter Sebastian - Deine Liebe tut mir weh/Peter Sebastian - Deine Liebe tut mir weh (flacfetch).flac	NOMAD-1354 - Peter Sebastian - Deine Liebe tut mir weh.flac
NOMAD-1355	andrewdropboxfull:/Andrew Beveridge/MediaUnsynced/Karaoke/Tracks-Organized/NOMAD-1355 - Hard-Fi - Middle Eastern Holiday/Hard-Fi - Middle Eastern Holiday (flacfetch).flac	NOMAD-1355 - Hard-Fi - Middle Eastern Holiday.flac
NOMAD-1356	andrewdropboxfull:/Andrew Beveridge/MediaUnsynced/Karaoke/Tracks-Organized/NOMAD-1356 - Hard-Fi - Better Do Better/Hard-Fi - Better Do Better (flacfetch).flac	NOMAD-1356 - Hard-Fi - Better Do Better.flac
NOMAD-1357	andrewdropboxfull:/Andrew Beveridge/MediaUnsynced/Karaoke/Tracks-Organized/NOMAD-1357 - Shotgun Jimmie - Late Last Year/Shotgun Jimmie - Late Last Year (flacfetch).flac	NOMAD-1357 - Shotgun Jimmie - Late Last Year.flac
NOMAD-1358	andrewdropboxfull:/Andrew Beveridge/MediaUnsynced/Karaoke/Tracks-Organized/NOMAD-1358 - Naika - Milkman/Naika - Milkman (flacfetch).webm	NOMAD-1358 - Naika - Milkman.webm
NOMAD-1359	andrewdropboxfull:/Andrew Beveridge/MediaUnsynced/Karaoke/Tracks-Organized/NOMAD-1359 - Freddy Cole - I'm Not Alone/Freddy Cole - I'm Not Alone (flacfetch).flac	NOMAD-1359 - Freddy Cole - I'm Not Alone.flac
NOMAD-1360	andrewdropboxfull:/Andrew Beveridge/MediaUnsynced/Karaoke/Tracks-Organized/NOMAD-1360 - Ayesha Erotica - Where You At/Ayesha Erotica - Where You At (flacfetch).webm	NOMAD-1360 - Ayesha Erotica - Where You At.webm
NOMAD-1361	andrewdropboxfull:/Andrew Beveridge/MediaUnsynced/Karaoke/Tracks-Organized/NOMAD-1361 - Paul Williams - You and Me Against The World/Paul Williams - You and Me Against The World (flacfetch).flac	NOMAD-1361 - Paul Williams - You and Me Against The World.flac
NOMAD-1362	andrewdropboxfull:/Andrew Beveridge/MediaUnsynced/Karaoke/Tracks-Organized/NOMAD-1362 - Scene Queen - Whips & Chains/Scene Queen - Whips & Chains (flacfetch).flac	NOMAD-1362 - Scene Queen - Whips & Chains.flac
NOMAD-1363	andrewdropboxfull:/Andrew Beveridge/MediaUnsynced/Karaoke/Tracks-Organized/NOMAD-1363 - Tanerélle - Mama Saturn/Tanerélle - Mama Saturn (flacfetch).flac	NOMAD-1363 - Tanerélle - Mama Saturn.flac
NOMAD-1364	andrewdropboxfull:/Andrew Beveridge/MediaUnsynced/Karaoke/Tracks-Organized/NOMAD-1364 - The Long Faces - Jane/The Long Faces - Jane (flacfetch).flac	NOMAD-1364 - The Long Faces - Jane.flac
NOMAD-1365	andrewdropboxfull:/Andrew Beveridge/MediaUnsynced/Karaoke/Tracks-Organized/NOMAD-1365 - Parcels - Somethinggreater/Parcels - Somethinggreater (flacfetch).flac	NOMAD-1365 - Parcels - Somethinggreater.flac
NOMAD-1366	andrewdropboxfull:/Andrew Beveridge/MediaUnsynced/Karaoke/Tracks-Organized/NOMAD-1366 - Carbon Prophets - Runaway/Carbon Prophets - Runaway (flacfetch).webm	NOMAD-1366 - Carbon Prophets - Runaway.webm
NOMAD-1367	andrewdropboxfull:/Andrew Beveridge/MediaUnsynced/Karaoke/Tracks-Organized/NOMAD-1367 - Söhne Mannheims - Ich Geh Mit Dir/Söhne Mannheims - Ich Geh Mit Dir (flacfetch).flac	NOMAD-1367 - Söhne Mannheims - Ich Geh Mit Dir.flac
NOMAD-1368	andrewdropboxfull:/Andrew Beveridge/MediaUnsynced/Karaoke/Tracks-Organized/NOMAD-1368 - Wolfgang Petry - Ich geh' mit dir/Wolfgang Petry - Ich geh' mit dir (flacfetch).flac	NOMAD-1368 - Wolfgang Petry - Ich geh' mit dir.flac
NOMAD-1369	andrewdropboxfull:/Andrew Beveridge/MediaUnsynced/Karaoke/Tracks-Organized/NOMAD-1369 - Eyehategod - I am the gestapo/Eyehategod - I am the gestapo (flacfetch).flac	NOMAD-1369 - Eyehategod - I am the gestapo.flac
NOMAD-1370	andrewdropboxfull:/Andrew Beveridge/MediaUnsynced/Karaoke/Tracks-Organized/NOMAD-1370 - LPH - In Long An Vung Buoc Niem Tin/LPH - In Long An Vung Buoc Niem Tin (YouTube).webm	NOMAD-1370 - LPH - In Long An Vung Buoc Niem Tin.webm
NOMAD-1371	andrewdropboxfull:/Andrew Beveridge/MediaUnsynced/Karaoke/Tracks-Organized/NOMAD-1371 - Luke Bell - Where Ya Been_/Luke Bell - Where Ya Been_ (flacfetch).flac	NOMAD-1371 - Luke Bell - Where Ya Been_.flac
NOMAD-1372	andrewdropboxfull:/Andrew Beveridge/MediaUnsynced/Karaoke/Tracks-Organized/NOMAD-1372 - tanerelle - good good/tanerelle - good good (flacfetch).flac	NOMAD-1372 - tanerelle - good good.flac
NOMAD-1373	andrewdropboxfull:/Andrew Beveridge/MediaUnsynced/Karaoke/Tracks-Organized/NOMAD-1373 - celeste, gotts street park - both sides of the moon/celeste, gotts street park - both sides of the moon (flacfetch).flac	NOMAD-1373 - celeste, gotts street park - both sides of the moon.flac
NOMAD-1374	andrewdropboxfull:/Andrew Beveridge/MediaUnsynced/Karaoke/Tracks-Organized/NOMAD-1374 - Ryan Ross - I'm Down/Ryan Ross - I'm Down (flacfetch).webm	NOMAD-1374 - Ryan Ross - I'm Down.webm
NOMAD-1375	andrewdropboxfull:/Andrew Beveridge/MediaUnsynced/Karaoke/Tracks-Organized/NOMAD-1375 - SeaFlows - NGUOIBINHTHUONG/SeaFlows - NGUOIBINHTHUONG (flacfetch).webm	NOMAD-1375 - SeaFlows - NGUOIBINHTHUONG.webm
NOMAD-1376	andrewdropboxfull:/Andrew Beveridge/MediaUnsynced/Karaoke/Tracks-Organized/NOMAD-1376 - naika - m&M/naika - m&M (flacfetch).webm	NOMAD-1376 - naika - m&M.webm
NOMAD-1377	andrewdropboxfull:/Andrew Beveridge/MediaUnsynced/Karaoke/Tracks-Organized/NOMAD-1377 - William Prince - The Spark/William Prince - The Spark (flacfetch).flac	NOMAD-1377 - William Prince - The Spark.flac
NOMAD-1378	andrewdropboxfull:/Andrew Beveridge/MediaUnsynced/Karaoke/Tracks-Organized/NOMAD-1378 - Sleeping with Sirens - Agree to Disagree/Sleeping with Sirens - Agree to Disagree (flacfetch).flac	NOMAD-1378 - Sleeping with Sirens - Agree to Disagree.flac
NOMAD-1379	andrewdropboxfull:/Andrew Beveridge/MediaUnsynced/Karaoke/Tracks-Organized/NOMAD-1379 - Leela James - Put It On Me/Leela James - Put It On Me (flacfetch).flac	NOMAD-1379 - Leela James - Put It On Me.flac
NOMAD-1380	andrewdropboxfull:/Andrew Beveridge/MediaUnsynced/Karaoke/Tracks-Organized/NOMAD-1380 - Blues - Vì em yêu anh/Blues - Vì em yêu anh (YouTube).webm	NOMAD-1380 - Blues - Vì em yêu anh.webm
NOMAD-1381	andrewdropboxfull:/Andrew Beveridge/MediaUnsynced/Karaoke/Tracks-Organized/NOMAD-1381 - Ampliphobia - Gary Come Home (Re-recorded)/Ampliphobia - Gary Come Home (Re-recorded) (YouTube).webm	NOMAD-1381 - Ampliphobia - Gary Come Home (Re-recorded).webm
NOMAD-1382	andrewdropboxfull:/Andrew Beveridge/MediaUnsynced/Karaoke/Tracks-Organized/NOMAD-1382 - Aikatsu - Signalize/Aikatsu - Signalize (flacfetch).flac	NOMAD-1382 - Aikatsu - Signalize.flac
NOMAD-1383	andrewdropboxfull:/Andrew Beveridge/MediaUnsynced/Karaoke/Tracks-Organized/NOMAD-1383 - Pacific Gas and Electric - Staggolee/Pacific Gas and Electric - Staggolee (flacfetch).flac	NOMAD-1383 - Pacific Gas and Electric - Staggolee.flac
NOMAD-1384	andrewdropboxfull:/Andrew Beveridge/MediaUnsynced/Karaoke/Tracks-Organized/NOMAD-1384 - blues - Lý do em ở lại/blues - Lý do em ở lại (YouTube).webm	NOMAD-1384 - blues - Lý do em ở lại.webm
NOMAD-1385	andrewdropboxfull:/Andrew Beveridge/MediaUnsynced/Karaoke/Tracks-Organized/NOMAD-1385 - William Prince & Serena Ryder - Sing Me A Song/William Prince & Serena Ryder - Sing Me A Song (flacfetch).flac	NOMAD-1385 - William Prince & Serena Ryder - Sing Me A Song.flac
NOMAD-1386	andrewdropboxfull:/Andrew Beveridge/MediaUnsynced/Karaoke/Tracks-Organized/NOMAD-1386 - Townes Van Zandt - Buckskin Stallion Blues/Townes Van Zandt - Buckskin Stallion Blues (flacfetch).flac	NOMAD-1386 - Townes Van Zandt - Buckskin Stallion Blues.flac
NOMAD-1387	andrewdropboxfull:/Andrew Beveridge/MediaUnsynced/Karaoke/Tracks-Organized/NOMAD-1387 - Juanes - Para Tu Amor/Juanes - Para Tu Amor (flacfetch).flac	NOMAD-1387 - Juanes - Para Tu Amor.flac
NOMAD-1388	andrewdropboxfull:/Andrew Beveridge/MediaUnsynced/Karaoke/Tracks-Organized/NOMAD-1388 - MisterWives - Other Side/MisterWives - Other Side (flacfetch).flac	NOMAD-1388 - MisterWives - Other Side.flac
NOMAD-1389	andrewdropboxfull:/Andrew Beveridge/MediaUnsynced/Karaoke/Tracks-Organized/NOMAD-1389 - Bathory - Necromansy/Bathory - Necromansy (flacfetch).flac	NOMAD-1389 - Bathory - Necromansy.flac
NOMAD-1390	andrewdropboxfull:/Andrew Beveridge/MediaUnsynced/Karaoke/Tracks-Organized/NOMAD-1390 - The Toxhards - How Lucky Am I_/The Toxhards - How Lucky Am I_ (flacfetch).flac	NOMAD-1390 - The Toxhards - How Lucky Am I_.flac
NOMAD-1391	andrewdropboxfull:/Andrew Beveridge/MediaUnsynced/Karaoke/Tracks-Organized/NOMAD-1391 - Reba and Don Henley - Break Each Other's Hearts Again/Reba and Don Henley - Break Each Other's Hearts Again (uploaded).mp3	NOMAD-1391 - Reba and Don Henley - Break Each Other's Hearts Again.mp3
NOMAD-1392	andrewdropboxfull:/Andrew Beveridge/MediaUnsynced/Karaoke/Tracks-Organized/NOMAD-1392 - Shiloh - Operator (A Girl Like Me)/Shiloh - Operator (A Girl Like Me) (flacfetch).flac	NOMAD-1392 - Shiloh - Operator (A Girl Like Me).flac
NOMAD-1393	andrewdropboxfull:/Andrew Beveridge/MediaUnsynced/Karaoke/Tracks-Organized/NOMAD-1393 - Lovefield - underscores/Lovefield - underscores (flacfetch).flac	NOMAD-1393 - Lovefield - underscores.flac
NOMAD-1394	andrewdropboxfull:/Andrew Beveridge/MediaUnsynced/Karaoke/Tracks-Organized/NOMAD-1394 - blues - Để mặc gió trôi/blues - Để mặc gió trôi (YouTube).webm	NOMAD-1394 - blues - Để mặc gió trôi.webm
NOMAD-1395	andrewdropboxfull:/Andrew Beveridge/MediaUnsynced/Karaoke/Tracks-Organized/NOMAD-1395 - eyehategod - built beneath the lies/eyehategod - built beneath the lies (flacfetch).flac	NOMAD-1395 - eyehategod - built beneath the lies.flac
NOMAD-1396	andrewdropboxfull:/Andrew Beveridge/MediaUnsynced/Karaoke/Tracks-Organized/NOMAD-1396 - Kurt Cobain - And I Love Her/Kurt Cobain - And I Love Her (flacfetch).flac	NOMAD-1396 - Kurt Cobain - And I Love Her.flac
NOMAD-1397	andrewdropboxfull:/Andrew Beveridge/MediaUnsynced/Karaoke/Tracks-Organized/NOMAD-1397 - Серебро - Перепутала/Серебро - Перепутала (flacfetch).webm	NOMAD-1397 - Серебро - Перепутала.webm
NOMAD-1398	andrewdropboxfull:/Andrew Beveridge/MediaUnsynced/Karaoke/Tracks-Organized/NOMAD-1398 - The Format - Give it up/The Format - Give it up (flacfetch).flac	NOMAD-1398 - The Format - Give it up.flac
NOMAD-1399	andrewdropboxfull:/Andrew Beveridge/MediaUnsynced/Karaoke/Tracks-Organized/NOMAD-1399 - eyehategod - dogs holy life/eyehategod - dogs holy life (flacfetch).flac	NOMAD-1399 - eyehategod - dogs holy life.flac
NOMAD-1400	andrewdropboxfull:/Andrew Beveridge/MediaUnsynced/Karaoke/Tracks-Organized/NOMAD-1400 - Andy Rehfeldt - Party in the USA (Metal Version)/Andy Rehfeldt - Party in the USA (Metal Version) (flacfetch).webm	NOMAD-1400 - Andy Rehfeldt - Party in the USA (Metal Version).webm
NOMAD-1401	andrewdropboxfull:/Andrew Beveridge/MediaUnsynced/Karaoke/Tracks-Organized/NOMAD-1401 - Susan Tedeshi - I fell in love/Susan Tedeshi - I fell in love (flacfetch).webm	NOMAD-1401 - Susan Tedeshi - I fell in love.webm
NOMAD-1403	andrewdropboxfull:/Andrew Beveridge/MediaUnsynced/Karaoke/Tracks-Organized/NOMAD-1403 - Dave Hause - Look Alive/Dave Hause - Look Alive (flacfetch).flac	NOMAD-1403 - Dave Hause - Look Alive.flac
NOMAD-1404	andrewdropboxfull:/Andrew Beveridge/MediaUnsynced/Karaoke/Tracks-Organized/NOMAD-1404 - Ultrabeat, Scott Brown - Elysium (I Go Crazy)/Ultrabeat, Scott Brown - Elysium (I Go Crazy) (flacfetch).flac	NOMAD-1404 - Ultrabeat, Scott Brown - Elysium (I Go Crazy).flac
NOMAD-1405	andrewdropboxfull:/Andrew Beveridge/MediaUnsynced/Karaoke/Tracks-Organized/NOMAD-1405 - Playa Fly - Nobody Needs Nobody/Playa Fly - Nobody Needs Nobody (flacfetch).webm	NOMAD-1405 - Playa Fly - Nobody Needs Nobody.webm
NOMAD-1406	andrewdropboxfull:/Andrew Beveridge/MediaUnsynced/Karaoke/Tracks-Organized/NOMAD-1406 - the hails - younger/the hails - younger (flacfetch).flac	NOMAD-1406 - the hails - younger.flac
NOMAD-1407	andrewdropboxfull:/Andrew Beveridge/MediaUnsynced/Karaoke/Tracks-Organized/NOMAD-1407 - Sombr - Canal Street/Sombr - Canal Street (flacfetch).flac	NOMAD-1407 - Sombr - Canal Street.flac
NOMAD-1408	andrewdropboxfull:/Andrew Beveridge/MediaUnsynced/Karaoke/Tracks-Organized/NOMAD-1408 - naika - claustrophobic/naika - claustrophobic (flacfetch).flac	NOMAD-1408 - naika - claustrophobic.flac
NOMAD-1409	andrewdropboxfull:/Andrew Beveridge/MediaUnsynced/Karaoke/Tracks-Organized/NOMAD-1409 - Waylon Wyatt - Everything Under The Sun/Waylon Wyatt - Everything Under The Sun (flacfetch).flac	NOMAD-1409 - Waylon Wyatt - Everything Under The Sun.flac
NOMAD-1410	andrewdropboxfull:/Andrew Beveridge/MediaUnsynced/Karaoke/Tracks-Organized/NOMAD-1410 - The Police - Canary In A Coal mine/The Police - Canary In A Coal mine (flacfetch).flac	NOMAD-1410 - The Police - Canary In A Coal mine.flac
NOMAD-1411	andrewdropboxfull:/Andrew Beveridge/MediaUnsynced/Karaoke/Tracks-Organized/NOMAD-1411 - Saetia - The Burden of Reflecting/Saetia - The Burden of Reflecting (flacfetch).flac	NOMAD-1411 - Saetia - The Burden of Reflecting.flac
NOMAD-1412	andrewdropboxfull:/Andrew Beveridge/MediaUnsynced/Karaoke/Tracks-Organized/NOMAD-1412 - Miley Cyrus - GetItRight/Miley Cyrus - GetItRight (flacfetch).flac	NOMAD-1412 - Miley Cyrus - GetItRight.flac
NOMAD-1413	andrewdropboxfull:/Andrew Beveridge/MediaUnsynced/Karaoke/Tracks-Organized/NOMAD-1413 - pepper - green hell/pepper - green hell (flacfetch).flac	NOMAD-1413 - pepper - green hell.flac
NOMAD-1414	andrewdropboxfull:/Andrew Beveridge/MediaUnsynced/Karaoke/Tracks-Organized/NOMAD-1414 - three legged fox - not as far/three legged fox - not as far (flacfetch).flac	NOMAD-1414 - three legged fox - not as far.flac
NOMAD-1415	andrewdropboxfull:/Andrew Beveridge/MediaUnsynced/Karaoke/Tracks-Organized/NOMAD-1415 - Hole - Turpentine/Hole - Turpentine (flacfetch).flac	NOMAD-1415 - Hole - Turpentine.flac
NOMAD-1416	andrewdropboxfull:/Andrew Beveridge/MediaUnsynced/Karaoke/Tracks-Organized/NOMAD-1416 - Juice WRLD - Syphilis/Juice WRLD - Syphilis (flacfetch).flac	NOMAD-1416 - Juice WRLD - Syphilis.flac
NOMAD-1417	andrewdropboxfull:/Andrew Beveridge/MediaUnsynced/Karaoke/Tracks-Organized/NOMAD-1417 - Twenty One Pilots - Chlorine/Twenty One Pilots - Chlorine (flacfetch).flac	NOMAD-1417 - Twenty One Pilots - Chlorine.flac
NOMAD-1418	andrewdropboxfull:/Andrew Beveridge/MediaUnsynced/Karaoke/Tracks-Organized/NOMAD-1418 - AiScReam - Ai♡Scream!/AiScReam - Ai♡Scream! (YouTube).webm	NOMAD-1418 - AiScReam - Ai♡Scream!.webm
NOMAD-1419	andrewdropboxfull:/Andrew Beveridge/MediaUnsynced/Karaoke/Tracks-Organized/NOMAD-1419 - mike pinto - bad luck/mike pinto - bad luck (flacfetch).flac	NOMAD-1419 - mike pinto - bad luck.flac
NOMAD-1420	andrewdropboxfull:/Andrew Beveridge/MediaUnsynced/Karaoke/Tracks-Organized/NOMAD-1420 - placebo - follow the cops back home/placebo - follow the cops back home (flacfetch).flac	NOMAD-1420 - placebo - follow the cops back home.flac
NOMAD-1421	andrewdropboxfull:/Andrew Beveridge/MediaUnsynced/Karaoke/Tracks-Organized/NOMAD-1421 - Lilith Morris - Money/Lilith Morris - Money (flacfetch).webm	NOMAD-1421 - Lilith Morris - Money.webm
NOMAD-1422	andrewdropboxfull:/Andrew Beveridge/MediaUnsynced/Karaoke/Tracks-Organized/NOMAD-1422 - Jon Hare - Narcissus (Cannon Fodder)/Jon Hare - Narcissus (Cannon Fodder) (Original).wav	NOMAD-1422 - Jon Hare - Narcissus (Cannon Fodder).wav
NOMAD-1423	andrewdropboxfull:/Andrew Beveridge/MediaUnsynced/Karaoke/Tracks-Organized/NOMAD-1423 - Biffy Clyro - A Whole Child Ago/Biffy Clyro - A Whole Child Ago (flacfetch).flac	NOMAD-1423 - Biffy Clyro - A Whole Child Ago.flac
NOMAD-1424	andrewdropboxfull:/Andrew Beveridge/MediaUnsynced/Karaoke/Tracks-Organized/NOMAD-1424 - Sawyer Hill - Sweet Disaster/Sawyer Hill - Sweet Disaster (flacfetch).flac	NOMAD-1424 - Sawyer Hill - Sweet Disaster.flac
NOMAD-1425	andrewdropboxfull:/Andrew Beveridge/MediaUnsynced/Karaoke/Tracks-Organized/NOMAD-1425 - Arctic Monkeys - Too Much To Ask/Arctic Monkeys - Too Much To Ask (flacfetch).flac	NOMAD-1425 - Arctic Monkeys - Too Much To Ask.flac
NOMAD-1426	andrewdropboxfull:/Andrew Beveridge/MediaUnsynced/Karaoke/Tracks-Organized/NOMAD-1426 - Alex Turner - Piledriver Waltz/Alex Turner - Piledriver Waltz (flacfetch).flac	NOMAD-1426 - Alex Turner - Piledriver Waltz.flac
NOMAD-1427	andrewdropboxfull:/Andrew Beveridge/MediaUnsynced/Karaoke/Tracks-Organized/NOMAD-1427 - Alex Turner - It's Hard to Get Around the Wind/Alex Turner - It's Hard to Get Around the Wind (flacfetch).flac	NOMAD-1427 - Alex Turner - It's Hard to Get Around the Wind.flac
NOMAD-1428	andrewdropboxfull:/Andrew Beveridge/MediaUnsynced/Karaoke/Tracks-Organized/NOMAD-1428 - Manel - Al Mar/Manel - Al Mar (flacfetch).flac	NOMAD-1428 - Manel - Al Mar.flac
NOMAD-1429	andrewdropboxfull:/Andrew Beveridge/MediaUnsynced/Karaoke/Tracks-Organized/NOMAD-1429 - Manel - Ai, Dolors/Manel - Ai, Dolors (flacfetch).flac	NOMAD-1429 - Manel - Ai, Dolors.flac
NOMAD-1430	andrewdropboxfull:/Andrew Beveridge/MediaUnsynced/Karaoke/Tracks-Organized/NOMAD-1430 - Merci Raines - Marie Laveau/Merci Raines - Marie Laveau (YouTube).webm	NOMAD-1430 - Merci Raines - Marie Laveau.webm
NOMAD-1431	andrewdropboxfull:/Andrew Beveridge/MediaUnsynced/Karaoke/Tracks-Organized/NOMAD-1431 - Black Guy Fawkes - Trying Times/Black Guy Fawkes - Trying Times (flacfetch).webm	NOMAD-1431 - Black Guy Fawkes - Trying Times.webm
NOMAD-1432	andrewdropboxfull:/Andrew Beveridge/MediaUnsynced/Karaoke/Tracks-Organized/NOMAD-1432 - Lin-Manuel Miranda - Alexander Hamilton/Lin-Manuel Miranda - Alexander Hamilton (flacfetch).flac	NOMAD-1432 - Lin-Manuel Miranda - Alexander Hamilton.flac
NOMAD-1433	andrewdropboxfull:/Andrew Beveridge/MediaUnsynced/Karaoke/Tracks-Organized/NOMAD-1433 - Smithereens - Blues before and after/Smithereens - Blues before and after (flacfetch).flac	NOMAD-1433 - Smithereens - Blues before and after.flac
NOMAD-1434	andrewdropboxfull:/Andrew Beveridge/MediaUnsynced/Karaoke/Tracks-Organized/NOMAD-1434 - Planet Patrol - Play at your Own Risk/Planet Patrol - Play at your Own Risk (flacfetch).flac	NOMAD-1434 - Planet Patrol - Play at your Own Risk.flac
NOMAD-1435	andrewdropboxfull:/Andrew Beveridge/MediaUnsynced/Karaoke/Tracks-Organized/NOMAD-1435 - Mirah - Gone Sugaring/Mirah - Gone Sugaring (flacfetch).flac	NOMAD-1435 - Mirah - Gone Sugaring.flac
NOMAD-1436	andrewdropboxfull:/Andrew Beveridge/MediaUnsynced/Karaoke/Tracks-Organized/NOMAD-1436 - Shauna Dean Cokeland - Moving in Place/Shauna Dean Cokeland - Moving in Place (flacfetch).flac	NOMAD-1436 - Shauna Dean Cokeland - Moving in Place.flac
NOMAD-1437	andrewdropboxfull:/Andrew Beveridge/MediaUnsynced/Karaoke/Tracks-Organized/NOMAD-1437 - Seal - Soul Medley/Seal - Soul Medley (flacfetch).flac	NOMAD-1437 - Seal - Soul Medley.flac
NOMAD-1438	andrewdropboxfull:/Andrew Beveridge/MediaUnsynced/Karaoke/Tracks-Organized/NOMAD-1438 - Paul Gertner-Gaertner - Seventy-Two/Paul Gertner-Gaertner - Seventy-Two (YouTube).m4a	NOMAD-1438 - Paul Gertner-Gaertner - Seventy-Two.m4a
NOMAD-1439	andrewdropboxfull:/Andrew Beveridge/MediaUnsynced/Karaoke/Tracks-Organized/NOMAD-1439 - Atmosphere - The arrival/Atmosphere - The arrival (flacfetch).flac	NOMAD-1439 - Atmosphere - The arrival.flac
NOMAD-1440	andrewdropboxfull:/Andrew Beveridge/MediaUnsynced/Karaoke/Tracks-Organized/NOMAD-1440 - Atmosphere - My songs/Atmosphere - My songs (flacfetch).flac	NOMAD-1440 - Atmosphere - My songs.flac
NOMAD-1441	andrewdropboxfull:/Andrew Beveridge/MediaUnsynced/Karaoke/Tracks-Organized/NOMAD-1441 - Atmosphere - Scalp/Atmosphere - Scalp (flacfetch).flac	NOMAD-1441 - Atmosphere - Scalp.flac
NOMAD-1442	andrewdropboxfull:/Andrew Beveridge/MediaUnsynced/Karaoke/Tracks-Organized/NOMAD-1442 - Atmosphere - Hope/Atmosphere - Hope (flacfetch).flac	NOMAD-1442 - Atmosphere - Hope.flac
NOMAD-1443	andrewdropboxfull:/Andrew Beveridge/MediaUnsynced/Karaoke/Tracks-Organized/NOMAD-1443 - LCMDF - Take Me To The Mountains/LCMDF - Take Me To The Mountains (flacfetch).flac	NOMAD-1443 - LCMDF - Take Me To The Mountains.flac
NOMAD-1444	andrewdropboxfull:/Andrew Beveridge/MediaUnsynced/Karaoke/Tracks-Organized/NOMAD-1444 - Hard-Fi - Living For The Weekend/Hard-Fi - Living For The Weekend (flacfetch).flac	NOMAD-1444 - Hard-Fi - Living For The Weekend.flac
NOMAD-1445	andrewdropboxfull:/Andrew Beveridge/MediaUnsynced/Karaoke/Tracks-Organized/NOMAD-1445 - hard-fi - hard to beat/hard-fi - hard to beat (flacfetch).flac	NOMAD-1445 - hard-fi - hard to beat.flac
NOMAD-1446	andrewdropboxfull:/Andrew Beveridge/MediaUnsynced/Karaoke/Tracks-Organized/NOMAD-1446 - Nat King Cole - Funny/Nat King Cole - Funny (flacfetch).flac	NOMAD-1446 - Nat King Cole - Funny.flac
NOMAD-1447	andrewdropboxfull:/Andrew Beveridge/MediaUnsynced/Karaoke/Tracks-Organized/NOMAD-1447 - Mary J Blige - You Gotta Believe/Mary J Blige - You Gotta Believe (flacfetch).flac	NOMAD-1447 - Mary J Blige - You Gotta Believe.flac
NOMAD-1448	andrewdropboxfull:/Andrew Beveridge/MediaUnsynced/Karaoke/Tracks-Organized/NOMAD-1448 - Olivia Rodrigo - the grudge/Olivia Rodrigo - the grudge (flacfetch).flac	NOMAD-1448 - Olivia Rodrigo - the grudge.flac
NOMAD-1449	andrewdropboxfull:/Andrew Beveridge/MediaUnsynced/Karaoke/Tracks-Organized/NOMAD-1449 - Bill Henderson - That Old Black Magic/Bill Henderson - That Old Black Magic (flacfetch).webm	NOMAD-1449 - Bill Henderson - That Old Black Magic.webm
NOMAD-1450	andrewdropboxfull:/Andrew Beveridge/MediaUnsynced/Karaoke/Tracks-Organized/NOMAD-1450 - Johnny Depp (Sweeney Todd) - No Place Like London/Johnny Depp (Sweeney Todd) - No Place Like London (flacfetch).flac	NOMAD-1450 - Johnny Depp (Sweeney Todd) - No Place Like London.flac
NOMAD-1451	andrewdropboxfull:/Andrew Beveridge/MediaUnsynced/Karaoke/Tracks-Organized/NOMAD-1451 - Jessie Reyez - N.Y.F.F/Jessie Reyez - N.Y.F.F (flacfetch).flac	NOMAD-1451 - Jessie Reyez - N.Y.F.F.flac
NOMAD-1452	andrewdropboxfull:/Andrew Beveridge/MediaUnsynced/Karaoke/Tracks-Organized/NOMAD-1452 - Glen Campbell - A Better Place/Glen Campbell - A Better Place (YouTube).webm	NOMAD-1452 - Glen Campbell - A Better Place.webm
NOMAD-1453	andrewdropboxfull:/Andrew Beveridge/MediaUnsynced/Karaoke/Tracks-Organized/NOMAD-1453 - EyeHateGod - Sister Fucker/EyeHateGod - Sister Fucker (flacfetch).flac	NOMAD-1453 - EyeHateGod - Sister Fucker.flac
NOMAD-1454	andrewdropboxfull:/Andrew Beveridge/MediaUnsynced/Karaoke/Tracks-Organized/NOMAD-1454 - Eyehategod - Kill Your Boss/Eyehategod - Kill Your Boss (flacfetch).flac	NOMAD-1454 - Eyehategod - Kill Your Boss.flac
NOMAD-1455	andrewdropboxfull:/Andrew Beveridge/MediaUnsynced/Karaoke/Tracks-Organized/NOMAD-1455 - Eyehategod - White Neighbor/Eyehategod - White Neighbor (flacfetch).webm	NOMAD-1455 - Eyehategod - White Neighbor.webm
NOMAD-1456	andrewdropboxfull:/Andrew Beveridge/MediaUnsynced/Karaoke/Tracks-Organized/NOMAD-1456 - Eyehategod - 30$ Bag/Eyehategod - 30$ Bag (flacfetch).flac	NOMAD-1456 - Eyehategod - 30$ Bag.flac
NOMAD-1457	andrewdropboxfull:/Andrew Beveridge/MediaUnsynced/Karaoke/Tracks-Organized/NOMAD-1457 - Eyehategod - Take as Needed for Pain/Eyehategod - Take as Needed for Pain (flacfetch).flac	NOMAD-1457 - Eyehategod - Take as Needed for Pain.flac
NOMAD-1458	andrewdropboxfull:/Andrew Beveridge/MediaUnsynced/Karaoke/Tracks-Organized/NOMAD-1458 - INJI - Madeline/INJI - Madeline (flacfetch).flac	NOMAD-1458 - INJI - Madeline.flac
NOMAD-1459	andrewdropboxfull:/Andrew Beveridge/MediaUnsynced/Karaoke/Tracks-Organized/NOMAD-1459 - The Exponents - Geraldine/The Exponents - Geraldine (flacfetch).flac	NOMAD-1459 - The Exponents - Geraldine.flac
NOMAD-1460	andrewdropboxfull:/Andrew Beveridge/MediaUnsynced/Karaoke/Tracks-Organized/NOMAD-1460 - Starfish - Royal Jelly/Starfish - Royal Jelly (YouTube).webm	NOMAD-1460 - Starfish - Royal Jelly.webm
NOMAD-1461	andrewdropboxfull:/Andrew Beveridge/MediaUnsynced/Karaoke/Tracks-Organized/NOMAD-1461 - Paramore - Big Man, Little Dignity/Paramore - Big Man, Little Dignity (flacfetch).flac	NOMAD-1461 - Paramore - Big Man, Little Dignity.flac
NOMAD-1462	andrewdropboxfull:/Andrew Beveridge/MediaUnsynced/Karaoke/Tracks-Organized/NOMAD-1462 - Supergroove - If I Had My Way/Supergroove - If I Had My Way (flacfetch).flac	NOMAD-1462 - Supergroove - If I Had My Way.flac
NOMAD-1463	andrewdropboxfull:/Andrew Beveridge/MediaUnsynced/Karaoke/Tracks-Organized/NOMAD-1463 - Hard-Fi - I Shall Overcome/Hard-Fi - I Shall Overcome (flacfetch).flac	NOMAD-1463 - Hard-Fi - I Shall Overcome.flac
NOMAD-1464	andrewdropboxfull:/Andrew Beveridge/MediaUnsynced/Karaoke/Tracks-Organized/NOMAD-1464 - The Mutton Birds - Giant Friend/The Mutton Birds - Giant Friend (flacfetch).flac	NOMAD-1464 - The Mutton Birds - Giant Friend.flac
NOMAD-1465	andrewdropboxfull:/Andrew Beveridge/MediaUnsynced/Karaoke/Tracks-Organized/NOMAD-1465 - Garageland - Trashcans/Garageland - Trashcans (flacfetch).flac	NOMAD-1465 - Garageland - Trashcans.flac
NOMAD-1466	andrewdropboxfull:/Andrew Beveridge/MediaUnsynced/Karaoke/Tracks-Organized/NOMAD-1466 - Stephen Lynch - Denzel/Stephen Lynch - Denzel (flacfetch).flac	NOMAD-1466 - Stephen Lynch - Denzel.flac
NOMAD-1467	andrewdropboxfull:/Andrew Beveridge/MediaUnsynced/Karaoke/Tracks-Organized/NOMAD-1467 - Jane Bogaert - La vita cos'è/Jane Bogaert - La vita cos'è (YouTube).webm	NOMAD-1467 - Jane Bogaert - La vita cos'è.webm
NOMAD-1468	andrewdropboxfull:/Andrew Beveridge/MediaUnsynced/Karaoke/Tracks-Organized/NOMAD-1468 - Ritt Momney - Put Your Records On/Ritt Momney - Put Your Records On (flacfetch).flac	NOMAD-1468 - Ritt Momney - Put Your Records On.flac
NOMAD-1469	andrewdropboxfull:/Andrew Beveridge/MediaUnsynced/Karaoke/Tracks-Organized/NOMAD-1469 - Zemmar Gilles - Fly Me To The Moon/Zemmar Gilles - Fly Me To The Moon (YouTube).webm	NOMAD-1469 - Zemmar Gilles - Fly Me To The Moon.webm
NOMAD-1470	andrewdropboxfull:/Andrew Beveridge/MediaUnsynced/Karaoke/Tracks-Organized/NOMAD-1470 - The Mutton Birds - Pulled Along by Love/The Mutton Birds - Pulled Along by Love (flacfetch).flac	NOMAD-1470 - The Mutton Birds - Pulled Along by Love.flac
NOMAD-1471	andrewdropboxfull:/Andrew Beveridge/MediaUnsynced/Karaoke/Tracks-Organized/NOMAD-1471 - Zemmar Gilles - Fly Me To The Moon/Zemmar Gilles - Fly Me To The Moon (YouTube).webm	NOMAD-1471 - Zemmar Gilles - Fly Me To The Moon.webm
NOMAD-1472	andrewdropboxfull:/Andrew Beveridge/MediaUnsynced/Karaoke/Tracks-Organized/NOMAD-1472 - Hard-Fi - Watch Me Fall Apart/Hard-Fi - Watch Me Fall Apart (flacfetch).flac	NOMAD-1472 - Hard-Fi - Watch Me Fall Apart.flac
NOMAD-1473	andrewdropboxfull:/Andrew Beveridge/MediaUnsynced/Karaoke/Tracks-Organized/NOMAD-1473 - Hard-Fi - Suburban Knights/Hard-Fi - Suburban Knights (flacfetch).flac	NOMAD-1473 - Hard-Fi - Suburban Knights.flac
NOMAD-1474	andrewdropboxfull:/Andrew Beveridge/MediaUnsynced/Karaoke/Tracks-Organized/NOMAD-1474 - Keane - Leaving So Soon_/Keane - Leaving So Soon_ (flacfetch).flac	NOMAD-1474 - Keane - Leaving So Soon_.flac
NOMAD-1475	andrewdropboxfull:/Andrew Beveridge/MediaUnsynced/Karaoke/Tracks-Organized/NOMAD-1475 - Keane - Atlantic/Keane - Atlantic (flacfetch).flac	NOMAD-1475 - Keane - Atlantic.flac
NOMAD-1476	andrewdropboxfull:/Andrew Beveridge/MediaUnsynced/Karaoke/Tracks-Organized/NOMAD-1476 - Hard-Fi - Gotta Reason/Hard-Fi - Gotta Reason (flacfetch).flac	NOMAD-1476 - Hard-Fi - Gotta Reason.flac
NOMAD-1477	andrewdropboxfull:/Andrew Beveridge/MediaUnsynced/Karaoke/Tracks-Organized/NOMAD-1477 - Keane - A Bad Dream/Keane - A Bad Dream (flacfetch).flac	NOMAD-1477 - Keane - A Bad Dream.flac
NOMAD-1478	andrewdropboxfull:/Andrew Beveridge/MediaUnsynced/Karaoke/Tracks-Organized/NOMAD-1478 - Keane - Try Again/Keane - Try Again (flacfetch).flac	NOMAD-1478 - Keane - Try Again.flac
NOMAD-1479	andrewdropboxfull:/Andrew Beveridge/MediaUnsynced/Karaoke/Tracks-Organized/NOMAD-1479 - Hard-Fi - Feltham Is Singing Out/Hard-Fi - Feltham Is Singing Out (flacfetch).flac	NOMAD-1479 - Hard-Fi - Feltham Is Singing Out.flac
NOMAD-1480	andrewdropboxfull:/Andrew Beveridge/MediaUnsynced/Karaoke/Tracks-Organized/NOMAD-1480 - Inner Circle - Black Roses/Inner Circle - Black Roses (flacfetch).flac	NOMAD-1480 - Inner Circle - Black Roses.flac
NOMAD-1481	andrewdropboxfull:/Andrew Beveridge/MediaUnsynced/Karaoke/Tracks-Organized/NOMAD-1481 - Panteon Rococo - La Dosis Perfecta/Panteon Rococo - La Dosis Perfecta (flacfetch).flac	NOMAD-1481 - Panteon Rococo - La Dosis Perfecta.flac
NOMAD-1482	andrewdropboxfull:/Andrew Beveridge/MediaUnsynced/Karaoke/Tracks-Organized/NOMAD-1482 - Laura Leon - Suavecito Suavecito/Laura Leon - Suavecito Suavecito (flacfetch).flac	NOMAD-1482 - Laura Leon - Suavecito Suavecito.flac
NOMAD-1483	andrewdropboxfull:/Andrew Beveridge/MediaUnsynced/Karaoke/Tracks-Organized/NOMAD-1483 - TEC - Self Reminder (Live)/TEC - Self Reminder (Live) (flacfetch).webm	NOMAD-1483 - TEC - Self Reminder (Live).webm
NOMAD-1484	andrewdropboxfull:/Andrew Beveridge/MediaUnsynced/Karaoke/Tracks-Organized/NOMAD-1484 - New Years Day - Malevolence/New Years Day - Malevolence (flacfetch).flac	NOMAD-1484 - New Years Day - Malevolence.flac
NOMAD-1485	andrewdropboxfull:/Andrew Beveridge/MediaUnsynced/Karaoke/Tracks-Organized/NOMAD-1485 - Kayeandre - Told Em'/Kayeandre - Told Em' (flacfetch).webm	NOMAD-1485 - Kayeandre - Told Em'.webm
NOMAD-1486	andrewdropboxfull:/Andrew Beveridge/MediaUnsynced/Karaoke/Tracks-Organized/NOMAD-1486 - Technimatic feat. Lucy Kitchen - Looking for Diversion/Technimatic feat. Lucy Kitchen - Looking for Diversion (flacfetch).flac	NOMAD-1486 - Technimatic feat. Lucy Kitchen - Looking for Diversion.flac
NOMAD-1487	andrewdropboxfull:/Andrew Beveridge/MediaUnsynced/Karaoke/Tracks-Organized/NOMAD-1487 - Original Broadway Cast of Hamilton - What'd I mIss_/Original Broadway Cast of Hamilton - What'd I mIss_ (YouTube).webm	NOMAD-1487 - Original Broadway Cast of Hamilton - What'd I mIss_.webm
NOMAD-1488	andrewdropboxfull:/Andrew Beveridge/MediaUnsynced/Karaoke/Tracks-Organized/NOMAD-1488 - Barry Manilow - All the Way/Barry Manilow - All the Way (flacfetch).flac	NOMAD-1488 - Barry Manilow - All the Way.flac
NOMAD-1489	andrewdropboxfull:/Andrew Beveridge/MediaUnsynced/Karaoke/Tracks-Organized/NOMAD-1489 - A Boogie Wit da Hoodie - Still Think About You/A Boogie Wit da Hoodie - Still Think About You (flacfetch).flac	NOMAD-1489 - A Boogie Wit da Hoodie - Still Think About You.flac
NOMAD-1490	andrewdropboxfull:/Andrew Beveridge/MediaUnsynced/Karaoke/Tracks-Organized/NOMAD-1490 - twenty one pilots - Drag Path/twenty one pilots - Drag Path (flacfetch).flac	NOMAD-1490 - twenty one pilots - Drag Path.flac
NOMAD-1491	andrewdropboxfull:/Andrew Beveridge/MediaUnsynced/Karaoke/Tracks-Organized/NOMAD-1491 - Nate Ruess - Moment/Nate Ruess - Moment (flacfetch).flac	NOMAD-1491 - Nate Ruess - Moment.flac
NOMAD-1492	andrewdropboxfull:/Andrew Beveridge/MediaUnsynced/Karaoke/Tracks-Organized/NOMAD-1492 - Pony Bradshaw - Guru/Pony Bradshaw - Guru (flacfetch).flac	NOMAD-1492 - Pony Bradshaw - Guru.flac
NOMAD-1493	andrewdropboxfull:/Andrew Beveridge/MediaUnsynced/Karaoke/Tracks-Organized/NOMAD-1493 - Bastille - Things We Lost In The Fire/Bastille - Things We Lost In The Fire (flacfetch).flac	NOMAD-1493 - Bastille - Things We Lost In The Fire.flac
NOMAD-1494	andrewdropboxfull:/Andrew Beveridge/MediaUnsynced/Karaoke/Tracks-Organized/NOMAD-1494 - Hailey Whitters - Gone Country/Hailey Whitters - Gone Country (uploaded).m4a	NOMAD-1494 - Hailey Whitters - Gone Country.m4a
NOMAD-1495	andrewdropboxfull:/Andrew Beveridge/MediaUnsynced/Karaoke/Tracks-Organized/NOMAD-1495 - Hannah Marie Kelley - Long Haired Country Girl/Hannah Marie Kelley - Long Haired Country Girl (flacfetch).webm	NOMAD-1495 - Hannah Marie Kelley - Long Haired Country Girl.webm
NOMAD-1496	andrewdropboxfull:/Andrew Beveridge/MediaUnsynced/Karaoke/Tracks-Organized/NOMAD-1496 - The Decemberists - This Is Why We Fight/The Decemberists - This Is Why We Fight (flacfetch).flac	NOMAD-1496 - The Decemberists - This Is Why We Fight.flac
NOMAD-1497	andrewdropboxfull:/Andrew Beveridge/MediaUnsynced/Karaoke/Tracks-Organized/NOMAD-1497 - Delroy Wilson - Rain From the Sky/Delroy Wilson - Rain From the Sky (flacfetch).webm	NOMAD-1497 - Delroy Wilson - Rain From the Sky.webm
NOMAD-1498	andrewdropboxfull:/Andrew Beveridge/MediaUnsynced/Karaoke/Tracks-Organized/NOMAD-1498 - The J. Geils Band - Land of a Thousand Dances/The J. Geils Band - Land of a Thousand Dances (flacfetch).webm	NOMAD-1498 - The J. Geils Band - Land of a Thousand Dances.webm
NOMAD-1499	andrewdropboxfull:/Andrew Beveridge/MediaUnsynced/Karaoke/Tracks-Organized/NOMAD-1499 - The Kinks - Destroyer/The Kinks - Destroyer (flacfetch).webm	NOMAD-1499 - The Kinks - Destroyer.webm
NOMAD-1500	andrewdropboxfull:/Andrew Beveridge/MediaUnsynced/Karaoke/Tracks-Organized/NOMAD-1500 - Rush - The Spirit of Radio/Rush - The Spirit of Radio (flacfetch).flac	NOMAD-1500 - Rush - The Spirit of Radio.flac
NOMAD-1501	andrewdropboxfull:/Andrew Beveridge/MediaUnsynced/Karaoke/Tracks-Organized/NOMAD-1501 - The Wombats - Backfire at the Disco/The Wombats - Backfire at the Disco (flacfetch).flac	NOMAD-1501 - The Wombats - Backfire at the Disco.flac
NOMAD-1502	andrewdropboxfull:/Andrew Beveridge/MediaUnsynced/Karaoke/Tracks-Organized/NOMAD-1502 - Đinh Mạnh Ninh - Xe Đạp/Đinh Mạnh Ninh - Xe Đạp (uploaded).mp3	NOMAD-1502 - Đinh Mạnh Ninh - Xe Đạp.mp3
NOMAD-1503	andrewdropboxfull:/Andrew Beveridge/MediaUnsynced/Karaoke/Tracks-Organized/NOMAD-1503 - CCCP - Fedeli Alla Linea - Punk Islam/CCCP - Fedeli Alla Linea - Punk Islam (flacfetch).flac	NOMAD-1503 - CCCP - Fedeli Alla Linea - Punk Islam.flac
NOMAD-1504	andrewdropboxfull:/Andrew Beveridge/MediaUnsynced/Karaoke/Tracks-Organized/NOMAD-1504 - The Fratellis - She's Not Gone Yet but She's Leaving/The Fratellis - She's Not Gone Yet but She's Leaving (flacfetch).flac	NOMAD-1504 - The Fratellis - She's Not Gone Yet but She's Leaving.flac
NOMAD-1505	andrewdropboxfull:/Andrew Beveridge/MediaUnsynced/Karaoke/Tracks-Organized/NOMAD-1505 - Drop Nineteens - Angel/Drop Nineteens - Angel (flacfetch).flac	NOMAD-1505 - Drop Nineteens - Angel.flac
NOMAD-1506	andrewdropboxfull:/Andrew Beveridge/MediaUnsynced/Karaoke/Tracks-Organized/NOMAD-1506 - Ernest Tubb - You're a Real Good Friend/Ernest Tubb - You're a Real Good Friend (flacfetch).webm	NOMAD-1506 - Ernest Tubb - You're a Real Good Friend.webm
NOMAD-1507	andrewdropboxfull:/Andrew Beveridge/MediaUnsynced/Karaoke/Tracks-Organized/NOMAD-1507 - Quang Hà - Dấu Chân Địa Đàng/Quang Hà - Dấu Chân Địa Đàng (YouTube).webm	NOMAD-1507 - Quang Hà - Dấu Chân Địa Đàng.webm
