brand_code,artist,title,tier,method,chosen_ext,n_audio,n_candidates,note,chosen_path,alt_candidates
NOMAD-0001,This Is Me Smiling,Prettier,HIGH,name-match,mp3,8,4,,NOMAD-0001 - This Is Me Smiling - Prettier/This Is Me Smiling - Prettier.mp3,NOMAD-0001 - This Is Me Smiling - Prettier/03 - Prettier.flac ;; NOMAD-0001 - This Is Me Smiling - Prettier/03 - Prettier.mp3 ;; NOMAD-0001 - This Is Me Smiling - Prettier/03 - Prettier - Instrumental.mp3
NOMAD-0002,Ленинград,Алкаш,HIGH,name-match,mp3,6,2,,NOMAD-0002 - Ленинград - Алкаш/Ленинград - Алкаш.mp3,NOMAD-0002 - Ленинград - Алкаш/leningrad-alkash.mp3
NOMAD-0003,Cher,Apples Don't Fall Far From The Tree,HIGH,name-match,mp3,4,2,,NOMAD-0003 - Cher - Apples Don't Fall Far From The Tree/Cher - Apples Don't Fall Far From The Tree.mp3,NOMAD-0003 - Cher - Apples Don't Fall Far From The Tree/Y2Mate.is - Apples Don't Fall Far From The Tree-wXrnVxl9UXI-160k-1654621859063.mp3
NOMAD-0004,The Hush Sound,Don't Wake Me Up,MED,leftover-only,mp3,2,1,,NOMAD-0004 - The Hush Sound - Don't Wake Me Up/06 Don't Wake Me Up.mp3,
NOMAD-0005,ABBA,I Am The City,MED,leftover-only,mp3,2,1,,NOMAD-0005 - ABBA - I Am The City/16 - I Am The City.mp3,
NOMAD-0006,ABBA,Under Attack,MED,leftover-only,mp3,3,1,,NOMAD-0006 - ABBA - Under Attack/18 - Under Attack.mp3,
NOMAD-0007,The Hush Sound,A Dark Congregation,HIGH,name-match,mp3,3,2,,NOMAD-0007 - The Hush Sound - A Dark Congregation/The Hush Sound - A Dark Congregation.mp3,NOMAD-0007 - The Hush Sound - A Dark Congregation/02 A Dark Congregation.mp3
NOMAD-0008,The Hush Sound,As You Cry,HIGH,name-match,mp3,3,2,,NOMAD-0008 - The Hush Sound - As You Cry/The Hush Sound - As You Cry.mp3,NOMAD-0008 - The Hush Sound - As You Cry/06 As You Cry.mp3
NOMAD-0009,The Hush Sound,Boys Are Too Refined,HIGH,name-match,mp3,3,2,,NOMAD-0009 - The Hush Sound - Boys Are Too Refined/The Hush Sound - Boys Are Too Refined.mp3,NOMAD-0009 - The Hush Sound - Boys Are Too Refined/04 Boys Are Too Refined.mp3
NOMAD-0010,The Hush Sound,Break the Sky,HIGH,name-match,mp3,3,2,,NOMAD-0010 - The Hush Sound - Break the Sky/The Hush Sound - Break the Sky.mp3,NOMAD-0010 - The Hush Sound - Break the Sky/13 Break the Sky.mp3
NOMAD-0011,The Hush Sound,Carry Me Home,HIGH,name-match,mp3,3,2,,NOMAD-0011 - The Hush Sound - Carry Me Home/The Hush Sound - Carry Me Home.mp3,NOMAD-0011 - The Hush Sound - Carry Me Home/12 Carry Me Home.mp3
NOMAD-0012,The Hush Sound,City Traffic Puzzle,HIGH,name-match,mp3,3,2,,NOMAD-0012 - The Hush Sound - City Traffic Puzzle/The Hush Sound - City Traffic Puzzle.mp3,NOMAD-0012 - The Hush Sound - City Traffic Puzzle/01 City Traffic Puzzle.mp3
NOMAD-0013,The Hush Sound,Crawling Towards The Sun,HIGH,name-match,mp3,3,2,,NOMAD-0013 - The Hush Sound - Crawling Towards The Sun/The Hush Sound - Crawling Towards The Sun.mp3,NOMAD-0013 - The Hush Sound - Crawling Towards The Sun/03 Crawling Towards The Sun.mp3
NOMAD-0014,The Hush Sound,Echo,HIGH,name-match,mp3,3,2,,NOMAD-0014 - The Hush Sound - Echo/The Hush Sound - Echo.mp3,NOMAD-0014 - The Hush Sound - Echo/08 Echo.mp3
NOMAD-0015,The Hush Sound,Eileen,HIGH,youtube,wav,14,4,,NOMAD-0015 - The Hush Sound - Eileen/The Hush Sound - Eileen (Youtube LS1tUNy5ulQ).wav,NOMAD-0015 - The Hush Sound - Eileen/The Hush Sound - Eileen (Youtube LS1tUNy5ulQ).webm ;; NOMAD-0015 - The Hush Sound - Eileen/The Hush Sound - Eileen.mp3 ;; NOMAD-0015 - The Hush Sound - Eileen/Old-Inconsistent-Workflow-Files/13 Eileen.mp3
NOMAD-0016,The Hush Sound,Honey,HIGH,name-match,mp3,3,2,,NOMAD-0016 - The Hush Sound - Honey/The Hush Sound - Honey.mp3,NOMAD-0016 - The Hush Sound - Honey/02 Honey.mp3
NOMAD-0017,The Hush Sound,Hospital Bed Crawl,HIGH,name-match,mp3,3,2,,NOMAD-0017 - The Hush Sound - Hospital Bed Crawl/The Hush Sound - Hospital Bed Crawl.mp3,NOMAD-0017 - The Hush Sound - Hospital Bed Crawl/12 Hospital Bed Crawl.mp3
NOMAD-0018,The Hush Sound,Hourglass,HIGH,name-match,mp3,3,2,,NOMAD-0018 - The Hush Sound - Hourglass/The Hush Sound - Hourglass.mp3,NOMAD-0018 - The Hush Sound - Hourglass/07 Hourglass.mp3
NOMAD-0019,The Hush Sound,Hurricane,HIGH,name-match,mp3,3,2,,NOMAD-0019 - The Hush Sound - Hurricane/The Hush Sound - Hurricane.mp3,NOMAD-0019 - The Hush Sound - Hurricane/05 Hurricane.mp3
NOMAD-0020,The Hush Sound,Intro,HIGH,name-match,mp3,3,2,,NOMAD-0020 - The Hush Sound - Intro/The Hush Sound - Intro.mp3,NOMAD-0020 - The Hush Sound - Intro/01 Intro.mp3
NOMAD-0021,The Hush Sound,Lions Roar,MED,leftover-only,mp3,2,1,,NOMAD-0021 - The Hush Sound - Lions Roar/04 Lions Roar.mp3,
NOMAD-0022,The Hush Sound,Love You Much Better,HIGH,name-match,mp3,3,2,,NOMAD-0022 - The Hush Sound - Love You Much Better/The Hush Sound - Love You Much Better.mp3,NOMAD-0022 - The Hush Sound - Love You Much Better/11 Love You Much Better.mp3
NOMAD-0023,The Hush Sound,Magnolia,HIGH,name-match,mp3,3,2,,NOMAD-0023 - The Hush Sound - Magnolia/The Hush Sound - Magnolia.mp3,NOMAD-0023 - The Hush Sound - Magnolia/08 Magnolia.mp3
NOMAD-0024,The Hush Sound,Medicine Man,HIGH,name-match,mp3,3,2,,NOMAD-0024 - The Hush Sound - Medicine Man/The Hush Sound - Medicine Man.mp3,NOMAD-0024 - The Hush Sound - Medicine Man/03 Medicine Man.mp3
NOMAD-0025,The Hush Sound,Molasses,HIGH,name-match,mp3,3,2,,NOMAD-0025 - The Hush Sound - Molasses/The Hush Sound - Molasses.mp3,NOMAD-0025 - The Hush Sound - Molasses/08 Molasses.mp3
NOMAD-0026,The Hush Sound,Momentum,HIGH,name-match,mp3,3,2,,NOMAD-0026 - The Hush Sound - Momentum/The Hush Sound - Momentum.mp3,NOMAD-0026 - The Hush Sound - Momentum/06 Momentum.mp3
NOMAD-0027,The Hush Sound,My Apologies,HIGH,name-match,mp3,3,2,,NOMAD-0027 - The Hush Sound - My Apologies/The Hush Sound - My Apologies.mp3,NOMAD-0027 - The Hush Sound - My Apologies/09 My Apologies.mp3
NOMAD-0028,The Hush Sound,Not Your Concern,HIGH,name-match,mp3,3,2,,NOMAD-0028 - The Hush Sound - Not Your Concern/The Hush Sound - Not Your Concern.mp3,NOMAD-0028 - The Hush Sound - Not Your Concern/10 Not Your Concern.mp3
NOMAD-0029,The Hush Sound,Out Through The Curtain,HIGH,name-match,mp3,3,2,,NOMAD-0029 - The Hush Sound - Out Through The Curtain/The Hush Sound - Out Through The Curtain.mp3,NOMAD-0029 - The Hush Sound - Out Through The Curtain/10 Out Through The Curtain.mp3
NOMAD-0030,The Hush Sound,Sweet Tangerine,MED,leftover-only,mp3,2,1,,NOMAD-0030 - The Hush Sound - Sweet Tangerine/03 Sweet Tangerine.mp3,
NOMAD-0031,The Hush Sound,That's Okay,HIGH,name-match,mp3,3,2,,NOMAD-0031 - The Hush Sound - That's Okay/The Hush Sound - That's Okay.mp3,NOMAD-0031 - The Hush Sound - That's Okay/09 That's Okay.mp3
NOMAD-0032,The Hush Sound,The Artist,HIGH,name-match,mp3,3,2,,NOMAD-0032 - The Hush Sound - The Artist/The Hush Sound - The Artist.mp3,NOMAD-0032 - The Hush Sound - The Artist/04 The Artist.mp3
NOMAD-0033,The Hush Sound,The Market,HIGH,name-match,mp3,3,2,,NOMAD-0033 - The Hush Sound - The Market/The Hush Sound - The Market.mp3,NOMAD-0033 - The Hush Sound - The Market/10 The Market.mp3
NOMAD-0034,The Hush Sound,Tides Change,HIGH,name-match,mp3,3,2,,NOMAD-0034 - The Hush Sound - Tides Change/The Hush Sound - Tides Change.mp3,NOMAD-0034 - The Hush Sound - Tides Change/11 Tides Change.mp3
NOMAD-0035,The Hush Sound,Unsafe Safe,HIGH,name-match,mp3,3,2,,NOMAD-0035 - The Hush Sound - Unsafe Safe/The Hush Sound - Unsafe Safe.mp3,NOMAD-0035 - The Hush Sound - Unsafe Safe/05 Unsafe Safe.mp3
NOMAD-0036,The Hush Sound,We Intertwined,HIGH,name-match,mp3,2,1,,NOMAD-0036 - The Hush Sound - We Intertwined/The Hush Sound - We Intertwined.mp3,
NOMAD-0037,The Hush Sound,Weeping Willow,HIGH,name-match,mp3,3,2,,NOMAD-0037 - The Hush Sound - Weeping Willow/The Hush Sound - Weeping Willow.mp3,NOMAD-0037 - The Hush Sound - Weeping Willow/02 Weeping Willow.mp3
NOMAD-0038,The Hush Sound,Where We Went Wrong,HIGH,name-match,mp3,2,1,,NOMAD-0038 - The Hush Sound - Where We Went Wrong/The Hush Sound - Where We Went Wrong.mp3,
NOMAD-0039,The Hush Sound,Wine Red,HIGH,name-match,mp3,3,2,,NOMAD-0039 - The Hush Sound - Wine Red/The Hush Sound - Wine Red.mp3,NOMAD-0039 - The Hush Sound - Wine Red/09 Wine Red.mp3
NOMAD-0040,The Hush Sound,You Are The Moon,HIGH,name-match,mp3,3,2,,NOMAD-0040 - The Hush Sound - You Are The Moon/The Hush Sound - You Are The Moon.mp3,NOMAD-0040 - The Hush Sound - You Are The Moon/11 You Are The Moon.mp3
NOMAD-0041,The Hush Sound,Lighthouse,MED,leftover-only,mp3,2,1,,NOMAD-0041 - The Hush Sound - Lighthouse/05 Lighthouse.mp3,
NOMAD-0042,Allie X,GLAM!,HIGH,name-match,mp3,3,2,,NOMAD-0042 - Allie X - GLAM!/Allie X - GLAM!.mp3,NOMAD-0042 - Allie X - GLAM!/01. GLAM!.mp3
NOMAD-0043,Lemaitre,Rocket Girl (feat. Betty Who),HIGH,name-match,mp3,3,2,,NOMAD-0043 - Lemaitre - Rocket Girl (feat. Betty Who)/Lemaitre - Rocket Girl (feat. Betty Who).mp3,NOMAD-0043 - Lemaitre - Rocket Girl (feat. Betty Who)/Lemaitre - Rocket Girl (feat. Betty Who)-KkmBkH1WLQA-256k-1655509627540.mp3
NOMAD-0044,Just Jack,253,HIGH,name-match,mp3,3,2,,NOMAD-0044 - Just Jack - 253/Just Jack - 253.mp3,NOMAD-0044 - Just Jack - 253/02 - 253.mp3
NOMAD-0045,Just Jack,All Night Cinema,HIGH,name-match,mp3,3,2,,NOMAD-0045 - Just Jack - All Night Cinema/Just Jack - All Night Cinema.mp3,NOMAD-0045 - Just Jack - All Night Cinema/07 - All night cinema.mp3
NOMAD-0046,Just Jack,Astronaut,HIGH,name-match,mp3,3,2,,NOMAD-0046 - Just Jack - Astronaut/Just Jack - Astronaut.mp3,NOMAD-0046 - Just Jack - Astronaut/08 - Astronaut.mp3
NOMAD-0047,Just Jack,Blood,HIGH,name-match,mp3,3,2,,NOMAD-0047 - Just Jack - Blood/Just Jack - Blood.mp3,NOMAD-0047 - Just Jack - Blood/06 - Blood.mp3
NOMAD-0048,Just Jack,Disco Friends,HIGH,name-match,mp3,3,2,,NOMAD-0048 - Just Jack - Disco Friends/Just Jack - Disco Friends.mp3,NOMAD-0048 - Just Jack - Disco Friends/03 - Disco Friends.mp3
NOMAD-0049,Just Jack,Doctor Doctor,HIGH,name-match,mp3,3,2,,NOMAD-0049 - Just Jack - Doctor Doctor/Just Jack - Doctor Doctor.mp3,NOMAD-0049 - Just Jack - Doctor Doctor/04 - Doctor doctor.mp3
NOMAD-0050,Just Jack,Embers,HIGH,name-match,mp3,3,2,,NOMAD-0050 - Just Jack - Embers/Just Jack - Embers.mp3,NOMAD-0050 - Just Jack - Embers/01 - Embers.mp3
NOMAD-0051,Just Jack,Glory Days,HIGH,name-match,mp3,3,2,,NOMAD-0051 - Just Jack - Glory Days/Just Jack - Glory Days.mp3,NOMAD-0051 - Just Jack - Glory Days/02 - Glory Days.mp3
NOMAD-0052,Just Jack,Goth In The Disco,HIGH,name-match,mp3,3,2,,NOMAD-0052 - Just Jack - Goth In The Disco/Just Jack - Goth In The Disco.mp3,NOMAD-0052 - Just Jack - Goth In The Disco/09 - Goth in the disco.mp3
NOMAD-0053,Just Jack,Hold On,HIGH,name-match,mp3,3,2,,NOMAD-0053 - Just Jack - Hold On/Just Jack - Hold On.mp3,NOMAD-0053 - Just Jack - Hold On/07 - Hold On.mp3
NOMAD-0054,Just Jack,I Talk Too Much,HIGH,name-match,mp3,3,2,,NOMAD-0054 - Just Jack - I Talk Too Much/Just Jack - I Talk Too Much.mp3,NOMAD-0054 - Just Jack - I Talk Too Much/06 - I Talk Too Much.mp3
NOMAD-0055,Just Jack,Life Stories,HIGH,name-match,mp3,3,2,,NOMAD-0055 - Just Jack - Life Stories/Just Jack - Life Stories.mp3,NOMAD-0055 - Just Jack - Life Stories/09 - Life Stories.mp3
NOMAD-0056,Just Jack,Lo And Behold,HIGH,name-match,mp3,3,2,,NOMAD-0056 - Just Jack - Lo And Behold/Just Jack - Lo And Behold.mp3,NOMAD-0056 - Just Jack - Lo And Behold/10 - Lo and behold.mp3
NOMAD-0057,Just Jack,Lost,HIGH,name-match,mp3,3,2,,NOMAD-0057 - Just Jack - Lost/Just Jack - Lost.mp3,NOMAD-0057 - Just Jack - Lost/05 - Lost.mp3
NOMAD-0058,Just Jack,Mourning Morning,HIGH,name-match,mp3,3,2,,NOMAD-0058 - Just Jack - Mourning Morning/Just Jack - Mourning Morning.mp3,NOMAD-0058 - Just Jack - Mourning Morning/11 - Mourning Morning.mp3
NOMAD-0059,Just Jack,No Time,HIGH,name-match,mp3,3,2,,NOMAD-0059 - Just Jack - No Time/Just Jack - No Time.mp3,NOMAD-0059 - Just Jack - No Time/10 - No Time.mp3
NOMAD-0060,Just Jack,So Wrong,HIGH,name-match,mp3,3,2,,NOMAD-0060 - Just Jack - So Wrong/Just Jack - So Wrong.mp3,NOMAD-0060 - Just Jack - So Wrong/05 - So wrong.mp3
NOMAD-0061,Just Jack,Spectacular Failures,HIGH,name-match,mp3,3,2,,NOMAD-0061 - Just Jack - Spectacular Failures/Just Jack - Spectacular Failures.mp3,NOMAD-0061 - Just Jack - Spectacular Failures/12 - Spectacular Failures.mp3
NOMAD-0062,Just Jack,Starz in Their Eyes,HIGH,name-match,mp3,3,2,,NOMAD-0062 - Just Jack - Starz in Their Eyes/Just Jack - Starz in Their Eyes.mp3,NOMAD-0062 - Just Jack - Starz in Their Eyes/04 - Starz in Their Eyes.mp3
NOMAD-0063,Just Jack,Symphony of Sirens,HIGH,name-match,mp3,3,2,,NOMAD-0063 - Just Jack - Symphony of Sirens/Just Jack - Symphony of Sirens.mp3,NOMAD-0063 - Just Jack - Symphony of Sirens/08 - Symphony of Sirens.mp3
NOMAD-0064,Just Jack,The Day I Died,HIGH,name-match,mp3,3,2,,NOMAD-0064 - Just Jack - The Day I Died/Just Jack - The Day I Died.mp3,NOMAD-0064 - Just Jack - The Day I Died/03 - The day i died.mp3
NOMAD-0065,Just Jack,Writers Block,HIGH,name-match,mp3,3,2,,NOMAD-0065 - Just Jack - Writers Block/Just Jack - Writers Block.mp3,NOMAD-0065 - Just Jack - Writers Block/01 - Writers Block.mp3
NOMAD-0066,Los Campesinos!,"This Is How You Spell ""HAHAHA, We Destroyed the Hopes and Dreams of a Generation of Faux-Romantics""",HIGH,name-match,mp3,4,2,,"NOMAD-0066 - Los Campesinos! - This Is How You Spell ""HAHAHA, We Destroyed the Hopes and Dreams of a Generation of Faux-Romantics""/Los Campesinos! - This Is How You Spell ""HAHAHA, We Destroyed the Hopes and Dreams of a Generation of Faux-Romantics"".mp3","NOMAD-0066 - Los Campesinos! - This Is How You Spell ""HAHAHA, We Destroyed the Hopes and Dreams of a Generation of Faux-Romantics""/07 This is How You Spell _Hahaha, We Destroyed the Hopes and Dreams of a Generation of Faux-Romantics.mp3"
NOMAD-0067,Los Campesinos!,"2007, The Year Punk Broke (My Heart)",MED,leftover-only,mp3,3,1,,"NOMAD-0067 - Los Campesinos! - 2007, The Year Punk Broke (My Heart)/12 2007_ The Year Punk Broke (My Heart).mp3",
NOMAD-0068,Los Campesinos!,And We Exhale and Roll Our Eyes in Unison,HIGH,name-match,mp3,4,2,,NOMAD-0068 - Los Campesinos! - And We Exhale and Roll Our Eyes in Unison/Los Campesinos! - And We Exhale and Roll Our Eyes in Unison.mp3,NOMAD-0068 - Los Campesinos! - And We Exhale and Roll Our Eyes in Unison/10 ...And We Exhale and Roll Our Eyes in Unison.mp3
NOMAD-0069,Los Campesinos!,Broken Heartbeats Sounds Like Breakbeats,HIGH,name-match,mp3,4,2,,NOMAD-0069 - Los Campesinos! - Broken Heartbeats Sounds Like Breakbeats/Los Campesinos! - Broken Heartbeats Sounds Like Breakbeats.mp3,NOMAD-0069 - Los Campesinos! - Broken Heartbeats Sounds Like Breakbeats/02 Broken Heartbeats Sounds Like Breakbeats.mp3
NOMAD-0070,Los Campesinos!,Death to Los Campesinos!,HIGH,name-match,mp3,4,2,,NOMAD-0070 - Los Campesinos! - Death to Los Campesinos!/Los Campesinos! - Death to Los Campesinos!.mp3,NOMAD-0070 - Los Campesinos! - Death to Los Campesinos!/01 Death to Los Campesinos!.mp3
NOMAD-0071,Los Campesinos!,Don't Tell Me to Do the Math(s),HIGH,name-match,mp3,4,2,,NOMAD-0071 - Los Campesinos! - Don't Tell Me to Do the Math(s)/Los Campesinos! - Don't Tell Me to Do the Math(s).mp3,NOMAD-0071 - Los Campesinos! - Don't Tell Me to Do the Math(s)/03 Don't tell Me to Do the Math(s).mp3
NOMAD-0072,Los Campesinos!,Drop It Doe Eyes,HIGH,name-match,mp3,4,2,,NOMAD-0072 - Los Campesinos! - Drop It Doe Eyes/Los Campesinos! - Drop It Doe Eyes.mp3,NOMAD-0072 - Los Campesinos! - Drop It Doe Eyes/04 Drop It Doe Eyes.mp3
NOMAD-0073,Los Campesinos!,Knee Deep At ATP,HIGH,name-match,mp3,4,2,,NOMAD-0073 - Los Campesinos! - Knee Deep At ATP/Los Campesinos! - Knee Deep At ATP.mp3,NOMAD-0073 - Los Campesinos! - Knee Deep At ATP/06 Knee Deep At ATP.mp3
NOMAD-0074,Los Campesinos!,My Year In Lists,HIGH,name-match,mp3,4,2,,NOMAD-0074 - Los Campesinos! - My Year In Lists/Los Campesinos! - My Year In Lists.mp3,NOMAD-0074 - Los Campesinos! - My Year In Lists/05 My Year In Lists.mp3
NOMAD-0075,Los Campesinos!,"Sweet Dreams, Sweet Cheeks",HIGH,name-match,mp3,4,2,,"NOMAD-0075 - Los Campesinos! - Sweet Dreams, Sweet Cheeks/Los Campesinos! - Sweet Dreams, Sweet Cheeks.mp3","NOMAD-0075 - Los Campesinos! - Sweet Dreams, Sweet Cheeks/11 Sweet Dreams, Sweet Cheeks.mp3"
NOMAD-0076,Los Campesinos!,We Are All Accelerated Readers,HIGH,name-match,mp3,4,2,,NOMAD-0076 - Los Campesinos! - We Are All Accelerated Readers/Los Campesinos! - We Are All Accelerated Readers.mp3,NOMAD-0076 - Los Campesinos! - We Are All Accelerated Readers/08 We Are All Accelerated Readers.mp3
NOMAD-0077,Los Campesinos!,You! Me! Dancing!,HIGH,name-match,mp3,4,2,,NOMAD-0077 - Los Campesinos! - You! Me! Dancing!/Los Campesinos! - You! Me! Dancing!.mp3,NOMAD-0077 - Los Campesinos! - You! Me! Dancing!/09 You! Me! Dancing!.mp3
NOMAD-0078,Mew,156,HIGH,name-match,mp3,3,1,,NOMAD-0078 - Mew - 156/Mew - 156.mp3,
NOMAD-0079,Mew,Am I Wry? No,MED,leftover-only,mp3,3,1,,NOMAD-0079 - Mew - Am I Wry? No/01 Am I Wry  No.mp3,
NOMAD-0080,Mew,Behind the Drapes,HIGH,name-match,mp3,3,2,,NOMAD-0080 - Mew - Behind the Drapes/Mew - Behind the Drapes.mp3,NOMAD-0080 - Mew - Behind the Drapes/05 Behind the Drapes.mp3
NOMAD-0081,Mew,Comforting Sounds,HIGH,name-match,mp3,3,2,,NOMAD-0081 - Mew - Comforting Sounds/Mew - Comforting Sounds.mp3,NOMAD-0081 - Mew - Comforting Sounds/10 Comforting Sounds.mp3
NOMAD-0082,Mew,"Eight Flew Over, One was Destroyed",HIGH,name-match,mp3,3,2,,"NOMAD-0082 - Mew - Eight Flew Over, One was Destroyed/Mew - Eight Flew Over, One was Destroyed.mp3","NOMAD-0082 - Mew - Eight Flew Over, One was Destroyed/07 Eight Flew Over, One was Destroyed.mp3"
NOMAD-0083,Mew,Her Voice is Beyond Her Years,HIGH,name-match,mp3,3,2,,NOMAD-0083 - Mew - Her Voice is Beyond Her Years/Mew - Her Voice is Beyond Her Years.mp3,NOMAD-0083 - Mew - Her Voice is Beyond Her Years/06 Her Voice is Beyond Her Years.mp3
NOMAD-0084,Mew,She Came Home for Christmas,HIGH,name-match,mp3,3,2,,NOMAD-0084 - Mew - She Came Home for Christmas/Mew - She Came Home for Christmas.mp3,NOMAD-0084 - Mew - She Came Home for Christmas/08 She Came Home for Christmas.mp3
NOMAD-0085,Mew,She Spider,HIGH,name-match,mp3,3,2,,NOMAD-0085 - Mew - She Spider/Mew - She Spider.mp3,NOMAD-0085 - Mew - She Spider/09 She Spider.mp3
NOMAD-0086,Mew,Snow Brigade,HIGH,name-match,mp3,3,2,,NOMAD-0086 - Mew - Snow Brigade/Mew - Snow Brigade.mp3,NOMAD-0086 - Mew - Snow Brigade/03 Snow Brigade.mp3
NOMAD-0087,Mew,Symmetry,HIGH,name-match,mp3,3,2,,NOMAD-0087 - Mew - Symmetry/Mew - Symmetry.mp3,NOMAD-0087 - Mew - Symmetry/04 Symmetry.mp3
NOMAD-0088,of Montreal,Gronlandic Edit,HIGH,name-match,mp3,3,2,,NOMAD-0088 - of Montreal - Gronlandic Edit/of Montreal - Gronlandic Edit.mp3,NOMAD-0088 - of Montreal - Gronlandic Edit/05 - Gronlandic Edit.mp3
NOMAD-0089,Idlewild,(I Am) What I Am Not,HIGH,name-match,mp3,3,2,,NOMAD-0089 - Idlewild - (I Am) What I Am Not/Idlewild - (I Am) What I Am Not.mp3,NOMAD-0089 - Idlewild - (I Am) What I Am Not/05 - (I Am) What I Am Not.mp3
NOMAD-0090,Idlewild,A Modern Way of Letting Go,HIGH,name-match,mp3,3,2,,NOMAD-0090 - Idlewild - A Modern Way of Letting Go/Idlewild - A Modern Way of Letting Go.mp3,NOMAD-0090 - Idlewild - A Modern Way of Letting Go/02 - A Modern Way of Letting Go.mp3
NOMAD-0091,Idlewild,Actually It's Darkness,HIGH,name-match,mp3,3,2,,NOMAD-0091 - Idlewild - Actually It's Darkness/Idlewild - Actually It's Darkness.mp3,NOMAD-0091 - Idlewild - Actually It's Darkness/08 Actually It's Darkness.mp3
NOMAD-0092,Idlewild,American English,HIGH,name-match,mp3,3,2,,NOMAD-0092 - Idlewild - American English/Idlewild - American English.mp3,NOMAD-0092 - Idlewild - American English/03 - American English.mp3
NOMAD-0093,Idlewild,Century After Century,HIGH,name-match,mp3,3,2,,NOMAD-0093 - Idlewild - Century After Century/Idlewild - Century After Century.mp3,NOMAD-0093 - Idlewild - Century After Century/08 - Century After Century.mp3
NOMAD-0094,Idlewild,I Don't Have The Map,HIGH,name-match,mp3,3,2,,NOMAD-0094 - Idlewild - I Don't Have The Map/Idlewild - I Don't Have The Map.mp3,NOMAD-0094 - Idlewild - I Don't Have The Map/02 I Don't Have The Map.mp3
NOMAD-0095,Idlewild,I Never Wanted,HIGH,name-match,mp3,3,2,,NOMAD-0095 - Idlewild - I Never Wanted/Idlewild - I Never Wanted.mp3,NOMAD-0095 - Idlewild - I Never Wanted/04 - I Never Wanted.mp3
NOMAD-0096,Idlewild,Idea Track,HIGH,name-match,mp3,3,2,,NOMAD-0096 - Idlewild - Idea Track/Idlewild - Idea Track.mp3,NOMAD-0096 - Idlewild - Idea Track/05 Idea Track.mp3
NOMAD-0097,Idlewild,"In Remote Part , Scottish Fiction",HIGH,name-match,mp3,3,2,,"NOMAD-0097 - Idlewild - In Remote Part , Scottish Fiction/Idlewild - In Remote Part , Scottish Fiction.mp3","NOMAD-0097 - Idlewild - In Remote Part , Scottish Fiction/11 - In Remote Part , Scottish Fiction.mp3"
NOMAD-0098,Idlewild,Let Me Sleep (Next To The Mirror),HIGH,name-match,mp3,3,2,,NOMAD-0098 - Idlewild - Let Me Sleep (Next To The Mirror)/Idlewild - Let Me Sleep (Next To The Mirror).mp3,NOMAD-0098 - Idlewild - Let Me Sleep (Next To The Mirror)/06 Let Me Sleep (Next To The Mirror).mp3
NOMAD-0099,Idlewild,Listen To What You've Got,HIGH,name-match,mp3,3,2,,NOMAD-0099 - Idlewild - Listen To What You've Got/Idlewild - Listen To What You've Got.mp3,NOMAD-0099 - Idlewild - Listen To What You've Got/07 Listen To What You've Got.mp3
NOMAD-0100,Idlewild,Little Discourage,HIGH,name-match,mp3,3,2,,NOMAD-0100 - Idlewild - Little Discourage/Idlewild - Little Discourage.mp3,NOMAD-0100 - Idlewild - Little Discourage/01 Little Discourage.mp3
NOMAD-0101,Idlewild,Live in a Hiding Place,HIGH,name-match,mp3,3,2,,NOMAD-0101 - Idlewild - Live in a Hiding Place/Idlewild - Live in a Hiding Place.mp3,NOMAD-0101 - Idlewild - Live in a Hiding Place/06 - Live in a Hiding Place.mp3
NOMAD-0102,Idlewild,Mistake Pageant,HIGH,name-match,mp3,3,2,,NOMAD-0102 - Idlewild - Mistake Pageant/Idlewild - Mistake Pageant.mp3,NOMAD-0102 - Idlewild - Mistake Pageant/10 Mistake Pageant.mp3
NOMAD-0103,Idlewild,Out of Routine,HIGH,name-match,mp3,3,2,,NOMAD-0103 - Idlewild - Out of Routine/Idlewild - Out of Routine.mp3,NOMAD-0103 - Idlewild - Out of Routine/07 - Out of Routine.mp3
NOMAD-0104,Idlewild,Quiet Crown,HIGH,name-match,mp3,3,2,,NOMAD-0104 - Idlewild - Quiet Crown/Idlewild - Quiet Crown.mp3,NOMAD-0104 - Idlewild - Quiet Crown/11 Quiet Crown.mp3
NOMAD-0105,Idlewild,Roseability,HIGH,name-match,mp3,3,2,,NOMAD-0105 - Idlewild - Roseability/Idlewild - Roseability.mp3,NOMAD-0105 - Idlewild - Roseability/04 Roseability.mp3
NOMAD-0106,Idlewild,Rusty,HIGH,name-match,mp3,3,2,,NOMAD-0106 - Idlewild - Rusty/Idlewild - Rusty.mp3,NOMAD-0106 - Idlewild - Rusty/09 Rusty.mp3
NOMAD-0107,Idlewild,Stay the Same,HIGH,name-match,mp3,3,2,,NOMAD-0107 - Idlewild - Stay the Same/Idlewild - Stay the Same.mp3,NOMAD-0107 - Idlewild - Stay the Same/10 - Stay the Same.mp3
NOMAD-0108,Idlewild,Tell Me Ten Words,HIGH,name-match,mp3,3,2,,NOMAD-0108 - Idlewild - Tell Me Ten Words/Idlewild - Tell Me Ten Words.mp3,NOMAD-0108 - Idlewild - Tell Me Ten Words/09 - Tell Me Ten Words.mp3
NOMAD-0109,Idlewild,The Bronze Medal,HIGH,name-match,mp3,3,2,,NOMAD-0109 - Idlewild - The Bronze Medal/Idlewild - The Bronze Medal.mp3,NOMAD-0109 - Idlewild - The Bronze Medal/12 The Bronze Medal.mp3
NOMAD-0110,Idlewild,These Wooden Ideas,HIGH,name-match,mp3,3,2,,NOMAD-0110 - Idlewild - These Wooden Ideas/Idlewild - These Wooden Ideas.mp3,NOMAD-0110 - Idlewild - These Wooden Ideas/03 These Wooden Ideas.mp3
NOMAD-0111,Idlewild,You Held the World in Your Arms,HIGH,name-match,mp3,3,2,,NOMAD-0111 - Idlewild - You Held the World in Your Arms/Idlewild - You Held the World in Your Arms.mp3,NOMAD-0111 - Idlewild - You Held the World in Your Arms/01 - You Held the World in Your Arms.mp3
NOMAD-0112,Los Campesinos!,A Heat Rash in the Shape of the Show Me State,HIGH,name-match,mp3,3,2,,NOMAD-0112 - Los Campesinos! - A Heat Rash in the Shape of the Show Me State/Los Campesinos! - A Heat Rash in the Shape of the Show Me State.mp3,"NOMAD-0112 - Los Campesinos! - A Heat Rash in the Shape of the Show Me State/12 - A Heat Rash in the Shape of the Show-Me State,,,.mp3"
NOMAD-0113,Los Campesinos!,All Your Kayfabe Friends,HIGH,name-match,mp3,3,2,,NOMAD-0113 - Los Campesinos! - All Your Kayfabe Friends/Los Campesinos! - All Your Kayfabe Friends.mp3,NOMAD-0113 - Los Campesinos! - All Your Kayfabe Friends/10 All Your Kayfabe Friends.mp3
NOMAD-0114,Los Campesinos!,Coda A Burn Scar in the Shape of the Sooner State,HIGH,name-match,mp3,3,2,,NOMAD-0114 - Los Campesinos! - Coda A Burn Scar in the Shape of the Sooner State/Los Campesinos! - Coda A Burn Scar in the Shape of the Sooner State.mp3,NOMAD-0114 - Los Campesinos! - Coda A Burn Scar in the Shape of the Sooner State/15 - Coda- A Burn Scar in the Shape of the Sooner State.mp3
NOMAD-0115,Los Campesinos!,Documented Minor Emotional Breakdown #1,HIGH,name-match,mp3,3,2,,NOMAD-0115 - Los Campesinos! - Documented Minor Emotional Breakdown #1/Los Campesinos! - Documented Minor Emotional Breakdown #1.mp3,NOMAD-0115 - Los Campesinos! - Documented Minor Emotional Breakdown #1/08 Documented Minor Emotional Breakdown #1.mp3
NOMAD-0116,Los Campesinos!,Heart Swells:100-1,HIGH,name-match,mp3,3,2,,NOMAD-0116 - Los Campesinos! - Heart Swells:100-1/Los Campesinos! - Heart Swells:100-1.mp3,NOMAD-0116 - Los Campesinos! - Heart Swells:100-1/10 - Heart Swells_100-1.mp3
NOMAD-0117,Los Campesinos!,Heart Swells ／ Pacific Daylight Time,HIGH,name-match,mp3,3,2,,NOMAD-0117 - Los Campesinos! - Heart Swells ／ Pacific Daylight Time/Los Campesinos! - Heart Swells ／ Pacific Daylight Time.mp3,NOMAD-0117 - Los Campesinos! - Heart Swells ／ Pacific Daylight Time/09 Heart Swells ／ Pacific Daylight Time.mp3
NOMAD-0118,Los Campesinos!,"I Just Sighed, I Just Signed, Just So You Know",HIGH,name-match,mp3,3,2,,"NOMAD-0118 - Los Campesinos! - I Just Sighed, I Just Signed, Just So You Know/Los Campesinos! - I Just Sighed, I Just Signed, Just So You Know.mp3","NOMAD-0118 - Los Campesinos! - I Just Sighed, I Just Signed, Just So You Know/11 - I Just Sighed, I Just Signed, Just So You Know.mp3"
NOMAD-0119,Los Campesinos!,"I Warned You, Do Not Make an Enemy of Me",HIGH,name-match,mp3,3,2,,"NOMAD-0119 - Los Campesinos! - I Warned You, Do Not Make an Enemy of Me/Los Campesinos! - I Warned You, Do Not Make an Enemy of Me.mp3","NOMAD-0119 - Los Campesinos! - I Warned You, Do Not Make an Enemy of Me/09 - I Warned You- Do Not Make an Enemy of Me.mp3"
NOMAD-0120,Los Campesinos!,In Medias Res,HIGH,name-match,mp3,3,2,,NOMAD-0120 - Los Campesinos! - In Medias Res/Los Campesinos! - In Medias Res.mp3,NOMAD-0120 - Los Campesinos! - In Medias Res/01 - In Medias Res.mp3
NOMAD-0121,Los Campesinos!,"It's Never That Easy Though, Is It (Song For The Other Kurt)",HIGH,name-match,mp3,3,2,,"NOMAD-0121 - Los Campesinos! - It's Never That Easy Though, Is It (Song For The Other Kurt)/Los Campesinos! - It's Never That Easy Though, Is It (Song For The Other Kurt).mp3","NOMAD-0121 - Los Campesinos! - It's Never That Easy Though, Is It (Song For The Other Kurt)/06 It's Never That Easy Though, Is It (Song For The Other Kurt).mp3"
NOMAD-0122,Los Campesinos!,Miserabilia,HIGH,name-match,mp3,3,2,,NOMAD-0122 - Los Campesinos! - Miserabilia/Los Campesinos! - Miserabilia.mp3,NOMAD-0122 - Los Campesinos! - Miserabilia/02 Miserabilia.mp3
NOMAD-0123,Los Campesinos!,Plan A,HIGH,name-match,mp3,3,2,,NOMAD-0123 - Los Campesinos! - Plan A/Los Campesinos! - Plan A.mp3,NOMAD-0123 - Los Campesinos! - Plan A/05 - Plan A.mp3
NOMAD-0124,Los Campesinos!,Romance is Boring,HIGH,name-match,mp3,3,2,,NOMAD-0124 - Los Campesinos! - Romance is Boring/Los Campesinos! - Romance is Boring.mp3,NOMAD-0124 - Los Campesinos! - Romance is Boring/03 - Romance is Boring.mp3
NOMAD-0125,Los Campesinos!,Straight in at 101,HIGH,name-match,mp3,3,2,,NOMAD-0125 - Los Campesinos! - Straight in at 101/Los Campesinos! - Straight in at 101.mp3,NOMAD-0125 - Los Campesinos! - Straight in at 101/07 - Straight in at 101.mp3
NOMAD-0126,Los Campesinos!,The End Of The Asterisk,HIGH,name-match,mp3,3,2,,NOMAD-0126 - Los Campesinos! - The End Of The Asterisk/Los Campesinos! - The End Of The Asterisk.mp3,NOMAD-0126 - Los Campesinos! - The End Of The Asterisk/07 The End Of The Asterisk.mp3
NOMAD-0127,Los Campesinos!,The Sea is a Good Place to Think of the Future,HIGH,name-match,mp3,3,2,,NOMAD-0127 - Los Campesinos! - The Sea is a Good Place to Think of the Future/Los Campesinos! - The Sea is a Good Place to Think of the Future.mp3,NOMAD-0127 - Los Campesinos! - The Sea is a Good Place to Think of the Future/13 - The Sea is a Good Place to Think of the Future.mp3
NOMAD-0128,Los Campesinos!,There Are Listed Buildings,HIGH,name-match,mp3,3,2,,NOMAD-0128 - Los Campesinos! - There Are Listed Buildings/Los Campesinos! - There Are Listed Buildings.mp3,NOMAD-0128 - Los Campesinos! - There Are Listed Buildings/02 - There Are Listed Buildings.mp3
NOMAD-0129,Los Campesinos!,"This is a Flag, There is No Wind",HIGH,name-match,mp3,3,2,,"NOMAD-0129 - Los Campesinos! - This is a Flag, There is No Wind/Los Campesinos! - This is a Flag, There is No Wind.mp3","NOMAD-0129 - Los Campesinos! - This is a Flag, There is No Wind/14 - This is a Flag, There is No Wind.mp3"
NOMAD-0130,Los Campesinos!,Ways To Make It Through The Wall,HIGH,name-match,mp3,3,2,,NOMAD-0130 - Los Campesinos! - Ways To Make It Through The Wall/Los Campesinos! - Ways To Make It Through The Wall.mp3,NOMAD-0130 - Los Campesinos! - Ways To Make It Through The Wall/01 Ways To Make It Through The Wall.mp3
NOMAD-0131,Los Campesinos!,"We Are Beautiful, We Are Doomed",HIGH,name-match,mp3,3,2,,"NOMAD-0131 - Los Campesinos! - We Are Beautiful, We Are Doomed/Los Campesinos! - We Are Beautiful, We Are Doomed.mp3","NOMAD-0131 - Los Campesinos! - We Are Beautiful, We Are Doomed/03 We Are Beautiful, We Are Doomed.mp3"
NOMAD-0132,Los Campesinos!,We've Got Your Back,HIGH,name-match,mp3,3,2,,NOMAD-0132 - Los Campesinos! - We've Got Your Back/Los Campesinos! - We've Got Your Back.mp3,"NOMAD-0132 - Los Campesinos! - We've Got Your Back/04 - We've Got Your Back,,,.mp3"
NOMAD-0133,Los Campesinos!,Who Fell Asleep In,HIGH,name-match,mp3,3,2,,NOMAD-0133 - Los Campesinos! - Who Fell Asleep In/Los Campesinos! - Who Fell Asleep In.mp3,NOMAD-0133 - Los Campesinos! - Who Fell Asleep In/08 - Who Fell Asleep In.mp3
NOMAD-0134,Los Campesinos!,You'll Need Those Fingers For Crossing,HIGH,name-match,mp3,3,2,,NOMAD-0134 - Los Campesinos! - You'll Need Those Fingers For Crossing/Los Campesinos! - You'll Need Those Fingers For Crossing.mp3,NOMAD-0134 - Los Campesinos! - You'll Need Those Fingers For Crossing/05 You'll Need Those Fingers For Crossing.mp3
NOMAD-0135,Miracles of Modern Science,Bossa Supernova,HIGH,name-match,mp3,5,3,,NOMAD-0135 - Miracles of Modern Science - Bossa Supernova/Miracles of Modern Science - Bossa Supernova.mp3,NOMAD-0135 - Miracles of Modern Science - Bossa Supernova/11 Bossa Supernova.flac ;; NOMAD-0135 - Miracles of Modern Science - Bossa Supernova/11 Bossa Supernova.mp3
NOMAD-0136,Miracles of Modern Science,Eating Me Alive,HIGH,name-match,mp3,5,3,,NOMAD-0136 - Miracles of Modern Science - Eating Me Alive/Miracles of Modern Science - Eating Me Alive.mp3,NOMAD-0136 - Miracles of Modern Science - Eating Me Alive/04 Eating Me Alive.flac ;; NOMAD-0136 - Miracles of Modern Science - Eating Me Alive/04 Eating Me Alive.mp3
NOMAD-0137,Miracles of Modern Science,Friend Of The Animals,HIGH,name-match,mp3,5,3,,NOMAD-0137 - Miracles of Modern Science - Friend Of The Animals/Miracles of Modern Science - Friend Of The Animals.mp3,NOMAD-0137 - Miracles of Modern Science - Friend Of The Animals/07 Friend Of The Animals.flac ;; NOMAD-0137 - Miracles of Modern Science - Friend Of The Animals/07 Friend Of The Animals.mp3
NOMAD-0138,Miracles of Modern Science,I Found Space,HIGH,name-match,mp3,5,3,,NOMAD-0138 - Miracles of Modern Science - I Found Space/Miracles of Modern Science - I Found Space.mp3,NOMAD-0138 - Miracles of Modern Science - I Found Space/09 I Found Space.flac ;; NOMAD-0138 - Miracles of Modern Science - I Found Space/09 I Found Space.mp3
NOMAD-0139,Miracles of Modern Science,Luminol,HIGH,name-match,mp3,5,3,,NOMAD-0139 - Miracles of Modern Science - Luminol/Miracles of Modern Science - Luminol.mp3,NOMAD-0139 - Miracles of Modern Science - Luminol/06 Luminol.flac ;; NOMAD-0139 - Miracles of Modern Science - Luminol/06 Luminol.mp3
NOMAD-0140,Miracles of Modern Science,MOMS AWAY!,HIGH,name-match,mp3,5,3,,NOMAD-0140 - Miracles of Modern Science - MOMS AWAY!/Miracles of Modern Science - MOMS AWAY!.mp3,NOMAD-0140 - Miracles of Modern Science - MOMS AWAY!/01 MOMS AWAY!.flac ;; NOMAD-0140 - Miracles of Modern Science - MOMS AWAY!/01 MOMS AWAY!.mp3
NOMAD-0141,Miracles of Modern Science,Quantum Of Solace,HIGH,name-match,mp3,5,3,,NOMAD-0141 - Miracles of Modern Science - Quantum Of Solace/Miracles of Modern Science - Quantum Of Solace.mp3,NOMAD-0141 - Miracles of Modern Science - Quantum Of Solace/05 Quantum Of Solace.flac ;; NOMAD-0141 - Miracles of Modern Science - Quantum Of Solace/05 Quantum Of Solace.mp3
NOMAD-0142,Miracles of Modern Science,Secret Track,HIGH,name-match,mp3,5,3,,NOMAD-0142 - Miracles of Modern Science - Secret Track/Miracles of Modern Science - Secret Track.mp3,NOMAD-0142 - Miracles of Modern Science - Secret Track/12 Secret Track.flac ;; NOMAD-0142 - Miracles of Modern Science - Secret Track/12 Secret Track.mp3
NOMAD-0143,Miracles of Modern Science,Space Chopper,HIGH,name-match,mp3,5,3,,NOMAD-0143 - Miracles of Modern Science - Space Chopper/Miracles of Modern Science - Space Chopper.mp3,NOMAD-0143 - Miracles of Modern Science - Space Chopper/08 Space Chopper.flac ;; NOMAD-0143 - Miracles of Modern Science - Space Chopper/08 Space Chopper.mp3
NOMAD-0144,Miracles of Modern Science,Strangerous,HIGH,name-match,mp3,5,3,,NOMAD-0144 - Miracles of Modern Science - Strangerous/Miracles of Modern Science - Strangerous.mp3,NOMAD-0144 - Miracles of Modern Science - Strangerous/02 Strangerous.flac ;; NOMAD-0144 - Miracles of Modern Science - Strangerous/02 Strangerous.mp3
NOMAD-0145,Miracles of Modern Science,Tensity,HIGH,name-match,mp3,5,3,,NOMAD-0145 - Miracles of Modern Science - Tensity/Miracles of Modern Science - Tensity.mp3,NOMAD-0145 - Miracles of Modern Science - Tensity/03 Tensity.flac ;; NOMAD-0145 - Miracles of Modern Science - Tensity/03 Tensity.mp3
NOMAD-0146,Miracles of Modern Science,The Moon & Australia,HIGH,name-match,mp3,5,3,,NOMAD-0146 - Miracles of Modern Science - The Moon & Australia/Miracles of Modern Science - The Moon & Australia.mp3,NOMAD-0146 - Miracles of Modern Science - The Moon & Australia/10 The Moon & Australia.flac ;; NOMAD-0146 - Miracles of Modern Science - The Moon & Australia/10 The Moon & Australia.mp3
NOMAD-0147,Nia Archives,(Over)Thinking,HIGH,name-match,mp3,5,3,,NOMAD-0147 - Nia Archives - (Over)Thinking/Nia Archives - (Over)Thinking.mp3,NOMAD-0147 - Nia Archives - (Over)Thinking/02 - (Over)Thinking.flac ;; NOMAD-0147 - Nia Archives - (Over)Thinking/02 - (Over)Thinking.mp3
NOMAD-0148,Nia Archives,18 & Over,HIGH,name-match,mp3,5,3,,NOMAD-0148 - Nia Archives - 18 & Over/Nia Archives - 18 & Over.mp3,NOMAD-0148 - Nia Archives - 18 & Over/03. 18 & Over.flac ;; NOMAD-0148 - Nia Archives - 18 & Over/03. 18 & Over.mp3
NOMAD-0149,Nia Archives,Crossroads,HIGH,name-match,mp3,5,3,,NOMAD-0149 - Nia Archives - Crossroads/Nia Archives - Crossroads.mp3,NOMAD-0149 - Nia Archives - Crossroads/03 - Crossroads.flac ;; NOMAD-0149 - Nia Archives - Crossroads/03 - Crossroads.mp3
NOMAD-0150,Nia Archives,Don't Kid Urself,HIGH,name-match,mp3,5,3,,NOMAD-0150 - Nia Archives - Don't Kid Urself/Nia Archives - Don't Kid Urself.mp3,NOMAD-0150 - Nia Archives - Don't Kid Urself/05 - Don't Kid Urself.flac ;; NOMAD-0150 - Nia Archives - Don't Kid Urself/05 - Don't Kid Urself.mp3
NOMAD-0151,Nia Archives,Gud Gudbyez,HIGH,name-match,mp3,5,3,,NOMAD-0151 - Nia Archives - Gud Gudbyez/Nia Archives - Gud Gudbyez.mp3,NOMAD-0151 - Nia Archives - Gud Gudbyez/06. Gud Gudbyez.flac ;; NOMAD-0151 - Nia Archives - Gud Gudbyez/06. Gud Gudbyez.mp3
NOMAD-0152,Nia Archives,Headz Gone West,HIGH,name-match,mp3,5,3,,NOMAD-0152 - Nia Archives - Headz Gone West/Nia Archives - Headz Gone West.mp3,NOMAD-0152 - Nia Archives - Headz Gone West/01 - Headz Gone West.flac ;; NOMAD-0152 - Nia Archives - Headz Gone West/01 - Headz Gone West.mp3
NOMAD-0153,Nia Archives,Luv Like,HIGH,name-match,mp3,5,3,,NOMAD-0153 - Nia Archives - Luv Like/Nia Archives - Luv Like.mp3,NOMAD-0153 - Nia Archives - Luv Like/04. Luv Like.flac ;; NOMAD-0153 - Nia Archives - Luv Like/04. Luv Like.mp3
NOMAD-0154,Nia Archives,Part Of Me,HIGH,name-match,mp3,5,3,,NOMAD-0154 - Nia Archives - Part Of Me/Nia Archives - Part Of Me.mp3,NOMAD-0154 - Nia Archives - Part Of Me/05. Part Of Me.flac ;; NOMAD-0154 - Nia Archives - Part Of Me/05. Part Of Me.mp3
NOMAD-0155,Nia Archives,Sober Feels,HIGH,name-match,mp3,5,3,,NOMAD-0155 - Nia Archives - Sober Feels/Nia Archives - Sober Feels.mp3,NOMAD-0155 - Nia Archives - Sober Feels/04 - Sober Feels.flac ;; NOMAD-0155 - Nia Archives - Sober Feels/04 - Sober Feels.mp3
NOMAD-0156,This Is Me Smiling,A Better Way to Fall in Love,HIGH,name-match,mp3,5,3,,NOMAD-0156 - This Is Me Smiling - A Better Way to Fall in Love/This Is Me Smiling - A Better Way to Fall in Love.mp3,NOMAD-0156 - This Is Me Smiling - A Better Way to Fall in Love/04 - A Better Way to Fall in Love.flac ;; NOMAD-0156 - This Is Me Smiling - A Better Way to Fall in Love/04 - A Better Way to Fall in Love.mp3
NOMAD-0157,This Is Me Smiling,Alive in the Chase,HIGH,name-match,mp3,5,3,,NOMAD-0157 - This Is Me Smiling - Alive in the Chase/This Is Me Smiling - Alive in the Chase.mp3,NOMAD-0157 - This Is Me Smiling - Alive in the Chase/13 - Alive in the Chase.flac ;; NOMAD-0157 - This Is Me Smiling - Alive in the Chase/13 - Alive in the Chase.mp3
NOMAD-0158,This Is Me Smiling,Ephemera,HIGH,name-match,mp3,5,3,,NOMAD-0158 - This Is Me Smiling - Ephemera/This Is Me Smiling - Ephemera.mp3,NOMAD-0158 - This Is Me Smiling - Ephemera/01 - Ephemera.flac ;; NOMAD-0158 - This Is Me Smiling - Ephemera/01 - Ephemera.mp3
NOMAD-0159,This Is Me Smiling,Feelin' the Time Pass By,HIGH,name-match,mp3,5,3,,NOMAD-0159 - This Is Me Smiling - Feelin' the Time Pass By/This Is Me Smiling - Feelin' the Time Pass By.mp3,NOMAD-0159 - This Is Me Smiling - Feelin' the Time Pass By/02 - Feelin' the Time Pass By.flac ;; NOMAD-0159 - This Is Me Smiling - Feelin' the Time Pass By/02 - Feelin' the Time Pass By.mp3
NOMAD-0160,This Is Me Smiling,For When You Don't Hear It Right,HIGH,name-match,mp3,5,3,,NOMAD-0160 - This Is Me Smiling - For When You Don't Hear It Right/This Is Me Smiling - For When You Don't Hear It Right.mp3,NOMAD-0160 - This Is Me Smiling - For When You Don't Hear It Right/12 - For When You Don't Hear It Right.flac ;; NOMAD-0160 - This Is Me Smiling - For When You Don't Hear It Right/12 - For When You Don't Hear It Right.mp3
NOMAD-0161,This Is Me Smiling,Goodbye to Each New Day,HIGH,name-match,mp3,5,3,,NOMAD-0161 - This Is Me Smiling - Goodbye to Each New Day/This Is Me Smiling - Goodbye to Each New Day.mp3,NOMAD-0161 - This Is Me Smiling - Goodbye to Each New Day/05 - Goodbye to Each New Day.flac ;; NOMAD-0161 - This Is Me Smiling - Goodbye to Each New Day/05 - Goodbye to Each New Day.mp3
NOMAD-0162,This Is Me Smiling,Matter to Matter,HIGH,name-match,mp3,5,3,,NOMAD-0162 - This Is Me Smiling - Matter to Matter/This Is Me Smiling - Matter to Matter.mp3,NOMAD-0162 - This Is Me Smiling - Matter to Matter/06 - Matter to Matter.flac ;; NOMAD-0162 - This Is Me Smiling - Matter to Matter/06 - Matter to Matter.mp3
NOMAD-0163,This Is Me Smiling,Mixin' Up Adjectives,HIGH,name-match,mp3,5,3,,NOMAD-0163 - This Is Me Smiling - Mixin' Up Adjectives/This Is Me Smiling - Mixin' Up Adjectives.mp3,NOMAD-0163 - This Is Me Smiling - Mixin' Up Adjectives/09 - Mixin' Up Adjectives.flac ;; NOMAD-0163 - This Is Me Smiling - Mixin' Up Adjectives/09 - Mixin' Up Adjectives.mp3
NOMAD-0164,This Is Me Smiling,Say What You're Gonna Say,HIGH,name-match,mp3,5,3,,NOMAD-0164 - This Is Me Smiling - Say What You're Gonna Say/This Is Me Smiling - Say What You're Gonna Say.mp3,NOMAD-0164 - This Is Me Smiling - Say What You're Gonna Say/10 - Say What You're Gonna Say.flac ;; NOMAD-0164 - This Is Me Smiling - Say What You're Gonna Say/10 - Say What You're Gonna Say.mp3
NOMAD-0165,This Is Me Smiling,So Excited to Sleep,HIGH,name-match,mp3,5,3,,NOMAD-0165 - This Is Me Smiling - So Excited to Sleep/This Is Me Smiling - So Excited to Sleep.mp3,NOMAD-0165 - This Is Me Smiling - So Excited to Sleep/07 - So Excited to Sleep.flac ;; NOMAD-0165 - This Is Me Smiling - So Excited to Sleep/07 - So Excited to Sleep.mp3
NOMAD-0166,This Is Me Smiling,Up in All Directions,HIGH,name-match,mp3,5,3,,NOMAD-0166 - This Is Me Smiling - Up in All Directions/This Is Me Smiling - Up in All Directions.mp3,NOMAD-0166 - This Is Me Smiling - Up in All Directions/08 - Up in All Directions.flac ;; NOMAD-0166 - This Is Me Smiling - Up in All Directions/08 - Up in All Directions.mp3
NOMAD-0167,Bug Hunter,Dear McCracken,HIGH,name-match,mp3,8,7,,NOMAD-0167 - Bug Hunter - Dear McCracken/Bug Hunter - Dear McCracken.mp3,NOMAD-0167 - Bug Hunter - Dear McCracken/Dear McCracken OfficialLyric.wav ;; NOMAD-0167 - Bug Hunter - Dear McCracken/Dear McCracken Orig.wav ;; NOMAD-0167 - Bug Hunter - Dear McCracken/Dear McCracken LyricVid.mp3
NOMAD-0168,Ken Ashcorp,Burgz,HIGH,name-match,mp3,4,3,,NOMAD-0168 - Ken Ashcorp - Burgz/Ken Ashcorp - Burgz.mp3,NOMAD-0168 - Ken Ashcorp - Burgz/Ken Ashcorp - Burgz [ioTQ7erZD1c].wav ;; NOMAD-0168 - Ken Ashcorp - Burgz/Ken Ashcorp - Burgz [ioTQ7erZD1c].webm
NOMAD-0169,Ken Ashcorp,Absolute Territory,HIGH,name-match,wav,4,3,,NOMAD-0169 - Ken Ashcorp - Absolute Territory/Ken Ashcorp - Absolute Territory.wav,NOMAD-0169 - Ken Ashcorp - Absolute Territory/Ken Ashcorp - Absolute Territory.mp3 ;; NOMAD-0169 - Ken Ashcorp - Absolute Territory/Ken Ashcorp - Absolute Territory [kFZKgf5WG0g].webm
NOMAD-0170,Ken Ashcorp,I'm Your Slave,HIGH,name-match,mp3,4,3,,NOMAD-0170 - Ken Ashcorp - I'm Your Slave/Ken Ashcorp - I'm Your Slave.mp3,NOMAD-0170 - Ken Ashcorp - I'm Your Slave/Ken Ashcorp - I'm Your Slave [oC0A-cEY-1Q].wav ;; NOMAD-0170 - Ken Ashcorp - I'm Your Slave/Ken Ashcorp - I'm Your Slave [oC0A-cEY-1Q].webm
NOMAD-0171,Mew,A Dark Design,HIGH,name-match,mp3,4,3,,NOMAD-0171 - Mew - A Dark Design/Mew - A Dark Design.mp3,NOMAD-0171 - Mew - A Dark Design/08 - A Dark Design.wav ;; NOMAD-0171 - Mew - A Dark Design/08 - A Dark Design.mp3
NOMAD-0172,Mew,An Envoy To The Open Fields,HIGH,name-match,mp3,4,3,,NOMAD-0172 - Mew - An Envoy To The Open Fields/Mew - An Envoy To The Open Fields.mp3,NOMAD-0172 - Mew - An Envoy To The Open Fields/10 - An Envoy To The Open Fields.wav ;; NOMAD-0172 - Mew - An Envoy To The Open Fields/10 - An Envoy To The Open Fields.mp3
NOMAD-0173,Mew,Apocalypso,HIGH,name-match,mp3,5,3,,NOMAD-0173 - Mew - Apocalypso/Mew - Apocalypso.mp3,NOMAD-0173 - Mew - Apocalypso/05 - Apocalypso.wav ;; NOMAD-0173 - Mew - Apocalypso/05 - Apocalypso.mp3
NOMAD-0174,Mew,Chinaberry Tree,HIGH,name-match,mp3,4,3,,NOMAD-0174 - Mew - Chinaberry Tree/Mew - Chinaberry Tree.mp3,NOMAD-0174 - Mew - Chinaberry Tree/02 - Chinaberry Tree.wav ;; NOMAD-0174 - Mew - Chinaberry Tree/02 - Chinaberry Tree.mp3
NOMAD-0175,Mew,Fox Cub,HIGH,name-match,mp3,4,3,,NOMAD-0175 - Mew - Fox Cub/Mew - Fox Cub.mp3,NOMAD-0175 - Mew - Fox Cub/04 - Fox Cub.wav ;; NOMAD-0175 - Mew - Fox Cub/04 - Fox Cub.mp3
NOMAD-0176,Mew,Louise Louisa,HIGH,name-match,mp3,4,3,,NOMAD-0176 - Mew - Louise Louisa/Mew - Louise Louisa.mp3,NOMAD-0176 - Mew - Louise Louisa/14 - Louise Louisa.wav ;; NOMAD-0176 - Mew - Louise Louisa/14 - Louise Louisa.mp3
NOMAD-0177,Mew,Saviours Of Jazz Ballet,HIGH,name-match,mp3,4,3,,NOMAD-0177 - Mew - Saviours Of Jazz Ballet/Mew - Saviours Of Jazz Ballet.mp3,"NOMAD-0177 - Mew - Saviours Of Jazz Ballet/09 - Saviours Of Jazz Ballet [Fear Me, December].wav ;; NOMAD-0177 - Mew - Saviours Of Jazz Ballet/09 - Saviours Of Jazz Ballet [Fear Me, December].mp3"
NOMAD-0178,Mew,Special,HIGH,name-match,mp3,4,3,,NOMAD-0178 - Mew - Special/Mew - Special.mp3,NOMAD-0178 - Mew - Special/06 - Special.wav ;; NOMAD-0178 - Mew - Special/06 - Special.mp3
NOMAD-0179,Mew,The Seething Rain Weeps For You,HIGH,name-match,mp3,4,3,,NOMAD-0179 - Mew - The Seething Rain Weeps For You/Mew - The Seething Rain Weeps For You.mp3,NOMAD-0179 - Mew - The Seething Rain Weeps For You/12 - The Seething Rain Weeps For You [Uda Pruda].wav ;; NOMAD-0179 - Mew - The Seething Rain Weeps For You/12 - The Seething Rain Weeps For You [Uda Pruda].mp3
NOMAD-0180,Mew,The Zookeeper's Boy,HIGH,name-match,mp3,4,3,,NOMAD-0180 - Mew - The Zookeeper's Boy/Mew - The Zookeeper's Boy.mp3,NOMAD-0180 - Mew - The Zookeeper's Boy/07 - The Zookeeper's Boy.wav ;; NOMAD-0180 - Mew - The Zookeeper's Boy/07 - The Zookeeper's Boy.mp3
NOMAD-0181,Mew,White Lips Kissed,HIGH,name-match,mp3,4,3,,NOMAD-0181 - Mew - White Lips Kissed/Mew - White Lips Kissed.mp3,NOMAD-0181 - Mew - White Lips Kissed/13 - White Lips Kissed.wav ;; NOMAD-0181 - Mew - White Lips Kissed/13 - White Lips Kissed.mp3
NOMAD-0182,Mew,Why Are You Looking Grave,HIGH,name-match,mp3,4,3,,NOMAD-0182 - Mew - Why Are You Looking Grave/Mew - Why Are You Looking Grave.mp3,NOMAD-0182 - Mew - Why Are You Looking Grave/03 - Why Are You Looking Grave .wav ;; NOMAD-0182 - Mew - Why Are You Looking Grave/03 - Why Are You Looking Grave .mp3
NOMAD-0183,Get Cape. Wear Cape. Fly,An Oak Tree,HIGH,name-match,mp3,5,3,,NOMAD-0183 - Get Cape. Wear Cape. Fly - An Oak Tree/Get Cape. Wear Cape. Fly - An Oak Tree.mp3,NOMAD-0183 - Get Cape. Wear Cape. Fly - An Oak Tree/02 - An Oak Tree.flac ;; NOMAD-0183 - Get Cape. Wear Cape. Fly - An Oak Tree/02 - An Oak Tree.wav
NOMAD-0184,Get Cape. Wear Cape. Fly,Call Me Ishmael,HIGH,name-match,mp3,5,3,,NOMAD-0184 - Get Cape. Wear Cape. Fly - Call Me Ishmael/Get Cape. Wear Cape. Fly - Call Me Ishmael.mp3,NOMAD-0184 - Get Cape. Wear Cape. Fly - Call Me Ishmael/10 - Call Me Ishmael.flac ;; NOMAD-0184 - Get Cape. Wear Cape. Fly - Call Me Ishmael/10 - Call Me Ishmael.wav
NOMAD-0185,Get Cape. Wear Cape. Fly,Get Cape. Wear Cape. Fly,HIGH,name-match,mp3,5,3,,NOMAD-0185 - Get Cape. Wear Cape. Fly - Get Cape. Wear Cape. Fly/Get Cape. Wear Cape. Fly - Get Cape. Wear Cape. Fly.mp3,NOMAD-0185 - Get Cape. Wear Cape. Fly - Get Cape. Wear Cape. Fly/07 - Get Cape. Wear Cape. Fly.flac ;; NOMAD-0185 - Get Cape. Wear Cape. Fly - Get Cape. Wear Cape. Fly/07 - Get Cape. Wear Cape. Fly.wav
NOMAD-0186,Get Cape. Wear Cape. Fly,Glasshouses,HIGH,name-match,mp3,5,3,,NOMAD-0186 - Get Cape. Wear Cape. Fly - Glasshouses/Get Cape. Wear Cape. Fly - Glasshouses.mp3,NOMAD-0186 - Get Cape. Wear Cape. Fly - Glasshouses/08 - Glasshouses.flac ;; NOMAD-0186 - Get Cape. Wear Cape. Fly - Glasshouses/08 - Glasshouses.wav
NOMAD-0187,Get Cape. Wear Cape. Fly,I-Spy,HIGH,name-match,mp3,5,3,,NOMAD-0187 - Get Cape. Wear Cape. Fly - I-Spy/Get Cape. Wear Cape. Fly - I-Spy.mp3,NOMAD-0187 - Get Cape. Wear Cape. Fly - I-Spy/04 - I-Spy.flac ;; NOMAD-0187 - Get Cape. Wear Cape. Fly - I-Spy/04 - I-Spy.wav
NOMAD-0188,Get Cape. Wear Cape. Fly,If I Had £1 For Every Stale Song Title I'd Be 30 Short Of Getting Out Of This Mess,HIGH,name-match,mp3,5,3,,NOMAD-0188 - Get Cape. Wear Cape. Fly - If I Had £1 For Every Stale Song Title I'd Be 30 Short Of Getting Out Of This Mess/Get Cape. Wear Cape. Fly - If I Had £1 For Every Stale Song Title I'd Be 30 Short Of Getting Out Of This Mess.mp3,NOMAD-0188 - Get Cape. Wear Cape. Fly - If I Had £1 For Every Stale Song Title I'd Be 30 Short Of Getting Out Of This Mess/11 - If I Had £1 For Every Stale Song Title I'd Be 30 Short Of Getting Out Of This Mess.flac ;; NOMAD-0188 - Get Cape. Wear Cape. Fly - If I Had £1 For Every Stale Song Title I'd Be 30 Short Of Getting Out Of This Mess/11 - If I Had £1 For Every Stale Song Title I'd Be 30 Short Of Getting Out Of This Mess.wav
NOMAD-0189,Get Cape. Wear Cape. Fly,Once More With Feeling,HIGH,name-match,mp3,5,3,,NOMAD-0189 - Get Cape. Wear Cape. Fly - Once More With Feeling/Get Cape. Wear Cape. Fly - Once More With Feeling.mp3,NOMAD-0189 - Get Cape. Wear Cape. Fly - Once More With Feeling/01 - Once More With Feeling.flac ;; NOMAD-0189 - Get Cape. Wear Cape. Fly - Once More With Feeling/01 - Once More With Feeling.wav
NOMAD-0190,Get Cape. Wear Cape. Fly,The Chronicles Of A Bohemian Teenager (Part Two),HIGH,name-match,mp3,5,3,,NOMAD-0190 - Get Cape. Wear Cape. Fly - The Chronicles Of A Bohemian Teenager (Part Two)/Get Cape. Wear Cape. Fly - The Chronicles Of A Bohemian Teenager (Part Two).mp3,NOMAD-0190 - Get Cape. Wear Cape. Fly - The Chronicles Of A Bohemian Teenager (Part Two)/03 - The Chronicles Of A Bohemian Teenager (Part Two).flac ;; NOMAD-0190 - Get Cape. Wear Cape. Fly - The Chronicles Of A Bohemian Teenager (Part Two)/03 - The Chronicles Of A Bohemian Teenager (Part Two).wav
NOMAD-0191,Get Cape. Wear Cape. Fly,The Chronicles Of A Bohemian Teenager (Part One),HIGH,name-match,mp3,5,3,,NOMAD-0191 - Get Cape. Wear Cape. Fly - The Chronicles Of A Bohemian Teenager (Part One)/Get Cape. Wear Cape. Fly - The Chronicles Of A Bohemian Teenager (Part One).mp3,NOMAD-0191 - Get Cape. Wear Cape. Fly - The Chronicles Of A Bohemian Teenager (Part One)/12 - The Chronicles Of A Bohemian Teenager (Part One).flac ;; NOMAD-0191 - Get Cape. Wear Cape. Fly - The Chronicles Of A Bohemian Teenager (Part One)/12 - The Chronicles Of A Bohemian Teenager (Part One).wav
NOMAD-0192,Get Cape. Wear Cape. Fly,The Lighthousekeeper,HIGH,name-match,mp3,5,3,,NOMAD-0192 - Get Cape. Wear Cape. Fly - The Lighthousekeeper/Get Cape. Wear Cape. Fly - The Lighthousekeeper.mp3,NOMAD-0192 - Get Cape. Wear Cape. Fly - The Lighthousekeeper/05 - The Lighthousekeeper.flac ;; NOMAD-0192 - Get Cape. Wear Cape. Fly - The Lighthousekeeper/05 - The Lighthousekeeper.wav
NOMAD-0193,Get Cape. Wear Cape. Fly,War Of The Worlds,HIGH,name-match,mp3,5,3,,NOMAD-0193 - Get Cape. Wear Cape. Fly - War Of The Worlds/Get Cape. Wear Cape. Fly - War Of The Worlds.mp3,NOMAD-0193 - Get Cape. Wear Cape. Fly - War Of The Worlds/06 - War Of The Worlds.flac ;; NOMAD-0193 - Get Cape. Wear Cape. Fly - War Of The Worlds/06 - War Of The Worlds.wav
NOMAD-0194,Get Cape. Wear Cape. Fly,Whitewash Is Brainwash,HIGH,name-match,mp3,5,3,,NOMAD-0194 - Get Cape. Wear Cape. Fly - Whitewash Is Brainwash/Get Cape. Wear Cape. Fly - Whitewash Is Brainwash.mp3,NOMAD-0194 - Get Cape. Wear Cape. Fly - Whitewash Is Brainwash/09 - Whitewash Is Brainwash.flac ;; NOMAD-0194 - Get Cape. Wear Cape. Fly - Whitewash Is Brainwash/09 - Whitewash Is Brainwash.wav
NOMAD-0195,Hi I'm Case,Smoke Damage (Youtube version),LOW,leftover-ambiguous,wav,7,3,,NOMAD-0195 - Hi I'm Case - Smoke Damage (Youtube version)/Hi I'm Case - Smoke Damage.wav,NOMAD-0195 - Hi I'm Case - Smoke Damage (Youtube version)/Hi I'm Case - Smoke Damage.mp3 ;; NOMAD-0195 - Hi I'm Case - Smoke Damage (Youtube version)/Hi I'm Case - Smoke Damage [G0btETn8w8g].webm
NOMAD-0196,Ken Ashcorp,Wear,HIGH,name-match,wav,5,3,,NOMAD-0196 - Ken Ashcorp - Wear/Ken Ashcorp - Wear.wav,NOMAD-0196 - Ken Ashcorp - Wear/Ken Ashcorp - Wear.mp3 ;; NOMAD-0196 - Ken Ashcorp - Wear/Ken Ashcorp - Wear [_3ux53bbVXs].webm
NOMAD-0197,Hi I'm Case,Smoke Damage (Spotify version),GAP,none,,0,0,,,
NOMAD-0198,Neil Diamond,The Look Of Love,MED,leftover-only,wav,3,1,,NOMAD-0198 - Neil Diamond - The Look Of Love/2OvV_PaqoPk-Neil-Diamond-The-Look-Of-Love.wav,
NOMAD-0199,Amy Winehouse,Valerie (Short Version),NO_SOURCE,karaoke-sourced,,1,0,short-version-edit,,
NOMAD-0200,Anastacia,I'm Outta Love (Short Version),NO_SOURCE,karaoke-sourced,,1,0,short-version-edit,,
NOMAD-0201,Calum Scott,Dancing On My Own (Short Version),MED,leftover-only,wav,1,1,short-version-edit,NOMAD-0201 - Calum Scott - Dancing On My Own (Short Version)/Calum Scott - Dancing On My Own (Short).wav,
NOMAD-0202,Ed Sheeran,Shivers (Short Version),MED,leftover-only,wav,1,1,short-version-edit,NOMAD-0202 - Ed Sheeran - Shivers (Short Version)/Ed Sheeran - Shivers (Short).wav,
NOMAD-0203,Eminem,Without Me (Short Version),MED,leftover-only,wav,1,1,short-version-edit,NOMAD-0203 - Eminem - Without Me (Short Version)/Eminem - Without Me_Short.wav,
NOMAD-0204,Gnarls Barkley,Crazy (Short Version),MED,leftover-only,wav,1,1,short-version-edit,NOMAD-0204 - Gnarls Barkley - Crazy (Short Version)/Gnarls Barkley - Crazy (Short).wav,
NOMAD-0205,Jess Glynne,Hold My Hand (Short Version),NO_SOURCE,karaoke-sourced,,1,0,short-version-edit,,
NOMAD-0206,Kenny Loggins,Footloose (Short Version),MED,leftover-only,wav,1,1,short-version-edit,NOMAD-0206 - Kenny Loggins - Footloose (Short Version)/Kenny Loggins - Footloose_Short Instrumental.wav,
NOMAD-0207,Kings Of Leon,Sex on Fire (Short Version),MED,leftover-only,wav,1,1,short-version-edit,NOMAD-0207 - Kings Of Leon - Sex on Fire (Short Version)/Kings Of Leon - Sex on Fire (Short).wav,
NOMAD-0208,Lady Gaga,Born This Way (Short Version),MED,leftover-only,wav,1,1,short-version-edit,NOMAD-0208 - Lady Gaga - Born This Way (Short Version)/Lady Gaga - Born this way (Short).wav,
NOMAD-0209,Miley Cyrus,Jolene (Short Version),MED,leftover-only,wav,1,1,short-version-edit,NOMAD-0209 - Miley Cyrus - Jolene (Short Version)/Miley Cyrus_Jolene_Short Instrumental.wav,
NOMAD-0210,Miley Cyrus,Wrecking Ball (Short Version),MED,leftover-only,wav,1,1,short-version-edit,NOMAD-0210 - Miley Cyrus - Wrecking Ball (Short Version)/Miley Cyrus - Wrecking Ball (Short).wav,
NOMAD-0211,Robbie Williams,Angels (Short Version),MED,leftover-only,wav,1,1,short-version-edit,NOMAD-0211 - Robbie Williams - Angels (Short Version)/Robbie Williams - Angels_Short Instrumental.wav,
NOMAD-0212,Shakira,"Whenever, Wherever (Short Version)",MED,leftover-only,wav,1,1,short-version-edit,"NOMAD-0212 - Shakira - Whenever, Wherever (Short Version)/Shakira - Whenever, Wherever (Short).wav",
NOMAD-0213,Shania Twain,Man! I Feel Like A Woman (Short Version),MED,leftover-only,wav,1,1,short-version-edit,NOMAD-0213 - Shania Twain - Man! I Feel Like A Woman (Short Version)/Shania Twain - Man! I Feel Like A Woman! (Short).wav,
NOMAD-0214,Shirley Bassey,Big Spender (Short Version),MED,leftover-only,wav,1,1,short-version-edit,NOMAD-0214 - Shirley Bassey - Big Spender (Short Version)/Shirley Bassey - Big Spender_Neue Version.wav,
NOMAD-0215,The Killers,Mr. Brightside (Short Version),MED,leftover-only,wav,1,1,short-version-edit,NOMAD-0215 - The Killers - Mr. Brightside (Short Version)/The Killers - Mr. Brightside_Short.wav,
NOMAD-0216,The Pussycat Dolls,Sway (Short Version),MED,leftover-only,wav,1,1,short-version-edit,NOMAD-0216 - The Pussycat Dolls - Sway (Short Version)/The Pussycat Dolls - Sway_Short.wav,
NOMAD-0217,Twenty One Pilots,Stressed Out (Short Version),MED,leftover-only,wav,1,1,short-version-edit,NOMAD-0217 - Twenty One Pilots - Stressed Out (Short Version)/Twenty One Pilots - Stressed Out_Short.wav,
NOMAD-0218,Wheatus,Teenage Dirtbag (Short Version),MED,leftover-only,wav,1,1,short-version-edit,NOMAD-0218 - Wheatus - Teenage Dirtbag (Short Version)/Wheatus - Teenage Dirtbag_Short.wav,
NOMAD-0219,Christina Stürmer,Nie Genug,MED,leftover-only,wav,3,1,,NOMAD-0219 - Christina Stürmer - Nie Genug/kgoyd5ST6bE-Christina-Sturmer-Nie-Genug-offizielles-Video.wav,
NOMAD-0220,James Brown,It's a Man's World (Short Version),LOW,leftover-ambiguous,wav,5,3,short-version-edit,NOMAD-0220 - James Brown - It's a Man's World (Short Version)/James Brown - It's a Man's World (Short).wav,NOMAD-0220 - James Brown - It's a Man's World (Short Version)/james-brown-it-s-a-man-s-man-s-man-s-world-youtube-H77fRz1rybs/James Brown - It's A Man's Man's Man's World-H77fRz1rybs.wav ;; NOMAD-0220 - James Brown - It's a Man's World (Short Version)/james-brown-it-s-a-man-s-man-s-man-s-world-youtube-H77fRz1rybs/James Brown - It's A Man's Man's Man's World [H77fRz1rybs].webm
NOMAD-0221,Jerry Lee Lewis,Great Balls Of Fire (Short Version),LOW,leftover-ambiguous,wav,4,2,short-version-edit,NOMAD-0221 - Jerry Lee Lewis - Great Balls Of Fire (Short Version)/Jerry Lee Lewis - Great Balls Of Fire (Short).wav,NOMAD-0221 - Jerry Lee Lewis - Great Balls Of Fire (Short Version)/jerry-lee-lewis_great-balls-of-fire-youtube-F569-t2jCio/F569_t2jCio-Jerry-Lee-Lewis-Great-Balls-Of-Fire-1957-4K.wav
NOMAD-0222,Melanie Martinez,Toxic (Short Version),LOW,leftover-ambiguous,wav,4,2,short-version-edit,NOMAD-0222 - Melanie Martinez - Toxic (Short Version)/melanie-martinez_toxic-youtube-gPxcNl-iCUs/gPxcNl-iCUs-Toxic-The-Voice-Performance.wav,NOMAD-0222 - Melanie Martinez - Toxic (Short Version)/Melanie Martinez - Toxic_Neue Version.wav
NOMAD-0223,Melissa Etheridge,Bring Me Some Water (Short Version),LOW,leftover-ambiguous,wav,4,2,short-version-edit,NOMAD-0223 - Melissa Etheridge - Bring Me Some Water (Short Version)/melissa-etheridge_bring-me-some-water-youtube-1x2KbVmDiCU/1x2KbVmDiCU-Bring-Me-Some-Water-Melissa-Etheridge.wav,NOMAD-0223 - Melissa Etheridge - Bring Me Some Water (Short Version)/Melissa Etheridge - Bring me some water_ Neue Version (1).wav
NOMAD-0224,Queen,Crazy Little Thing Called Love (Short Version),MED,leftover-only,wav,4,1,short-version-edit,NOMAD-0224 - Queen - Crazy Little Thing Called Love (Short Version)/queen_crazy-little-thing-called-love-youtube-nz8Nb980L9s/nz8Nb980L9s-Crazy-Little-Thing-Called-Love.wav,
NOMAD-0225,Tina Turner,Proud Mary (Short Version),LOW,leftover-ambiguous,wav,4,2,short-version-edit,NOMAD-0225 - Tina Turner - Proud Mary (Short Version)/tina-turner_proud-mary-youtube-Gciy9oG5678/Gciy9oG5678-Proud-Mary.wav,NOMAD-0225 - Tina Turner - Proud Mary (Short Version)/Tina Turner - Proud Mary (Short).wav
NOMAD-0226,Tina Turner,The Best (Short Version),LOW,leftover-ambiguous,wav,8,6,short-version-edit,NOMAD-0226 - Tina Turner - The Best (Short Version)/tina-turner_the-best-youtube-8Afffdv5Tfg/8Afffdv5Tfg-The-Best.wav,NOMAD-0226 - Tina Turner - The Best (Short Version)/Tina Turner - The Best_Instrumental_NewVersion.wav ;; NOMAD-0226 - Tina Turner - The Best (Short Version)/Tina Turner - The Best (Short).wav ;; NOMAD-0226 - Tina Turner - The Best (Short Version)/tina-turner_the-best-youtube-8Afffdv5Tfg/8Afffdv5Tfg-The-Best-shortened-rejoined-fadeout.wav
NOMAD-0227,Tom Jones,Help Yourself (Short Version),LOW,leftover-ambiguous,wav,4,2,short-version-edit,NOMAD-0227 - Tom Jones - Help Yourself (Short Version)/Tom Jones - Help Yourself (Short).wav,NOMAD-0227 - Tom Jones - Help Yourself (Short Version)/tom-jones_help-yourself-youtube-8zWPROdFK4Q/8zWPROdFK4Q-Help-Yourself.wav
NOMAD-0228,Tom Jones,Sex Bomb (Short Version),LOW,leftover-ambiguous,wav,4,2,short-version-edit,NOMAD-0228 - Tom Jones - Sex Bomb (Short Version)/Tom Jones - Sex Bomb (short).wav,NOMAD-0228 - Tom Jones - Sex Bomb (Short Version)/tom-jones_sexbomb-youtube-RVfkoQLYbro/RVfkoQLYbro-Tom-Jones-Sexbomb-Remastered.wav
NOMAD-0229,Andreas Gabalier,Hulapalu (Short Version),LOW,leftover-ambiguous,wav,4,2,short-version-edit,NOMAD-0229 - Andreas Gabalier - Hulapalu (Short Version)/Andreas Gabalier - Hulapalu (Short).wav,NOMAD-0229 - Andreas Gabalier - Hulapalu (Short Version)/andreas-gabalier-hulapalu-youtube-lHZtcC67yrY/lHZtcC67yrY-Andreas-Gabalier-Hulapalu.wav
NOMAD-0230,Christina Stürmer,Nie Genug (Short Version),MED,leftover-only,wav,1,1,short-version-edit,NOMAD-0230 - Christina Stürmer - Nie Genug (Short Version)/Christina Stürmer - Nie Genug (Short).wav,
NOMAD-0231,Die Draufgänger,Cordula Grün (Short Version),LOW,leftover-ambiguous,wav,4,2,short-version-edit,NOMAD-0231 - Die Draufgänger - Cordula Grün (Short Version)/Die Draufgänger - Cordula Grün_Short.wav,NOMAD-0231 - Die Draufgänger - Cordula Grün (Short Version)/die-draufganger-cordula-grun-youtube-Xw-g6X8qob0/Xw-g6X8qob0-Die-Draufganger-CORDULA-GRUN-Josh-Cover-offizielles-Video.wav
NOMAD-0232,Jimi Jamison,I'm Always Here (Short Version),MED,leftover-only,wav,3,1,short-version-edit,NOMAD-0232 - Jimi Jamison - I'm Always Here (Short Version)/Jimi Jamison - I'm Always Here (Short).wav,
NOMAD-0233,Jürgen Drews,Ein Bett im Kornfeld,MED,leftover-only,wav,3,1,,NOMAD-0233 - Jürgen Drews - Ein Bett im Kornfeld/XqX0720VTRY-Ein-Bett-im-Kornfeld-Jurgen-Drews-Das-Original.wav,
NOMAD-0234,Jürgen Drews,Ein Bett im Kornfeld (Short Version),MED,leftover-only,wav,1,1,short-version-edit,NOMAD-0234 - Jürgen Drews - Ein Bett im Kornfeld (Short Version)/Jürgen Drews - Ein Bett im Kornfeld (Short).wav,
NOMAD-0235,STS,Kalt Und Kälter (Short Version),MED,leftover-only,wav,1,1,short-version-edit,NOMAD-0235 - STS - Kalt Und Kälter (Short Version)/STS - Kalt Und Kälter_Short.wav,
NOMAD-0236,STS,Kalt Und Kälter,MED,leftover-only,wav,3,1,,NOMAD-0236 - STS - Kalt Und Kälter/hqMSrwbnw9M-Kalt-und-kalter.wav,
NOMAD-0237,Udo Jürgens,Aber bitte mit Sahne,MED,leftover-only,wav,3,1,,NOMAD-0237 - Udo Jürgens - Aber bitte mit Sahne/VxM-OPwuSUo-Udo-Jurgens-Aber-bitte-mit-Sahne-Official-Lyric-Video.wav,
NOMAD-0238,Udo Jürgens,Aber bitte mit Sahne (Short Version),MED,leftover-only,wav,1,1,short-version-edit,NOMAD-0238 - Udo Jürgens - Aber bitte mit Sahne (Short Version)/Udo Jürgens - Aber bitte mit Sahne (Short).wav,
NOMAD-0239,Bryan Adams,Summer of '69 (Short Version),MED,leftover-only,wav,3,1,short-version-edit,NOMAD-0239 - Bryan Adams - Summer of '69 (Short Version)/Bryan Adams - Summer Of '69.wav,
NOMAD-0240,Dylan Emmet,Lose This,NO_SOURCE,karaoke-sourced,,1,0,source-was-karaoke,,
NOMAD-0241,Loosey LaDuca,Let Loose,HIGH,name-match,mp3,2,1,,NOMAD-0241 - Loosey LaDuca - Let Loose/Loosey Laduca - Let Loose.mp3,
NOMAD-0242,Against Me,People Who Died,MED,leftover-only,wav,3,1,,NOMAD-0242 - Against Me - People Who Died/9rfB5YIMD-M-People-Who-Died.wav,
NOMAD-0243,Eleven Hundred Springs,Thunderbird Will Do Just Fine,MED,leftover-only,wav,3,1,,NOMAD-0243 - Eleven Hundred Springs - Thunderbird Will Do Just Fine/oHOde7V3WAs-Thunderbird-Will-Do-Just-Fine.wav,
NOMAD-0244,Etherwood,Begin By Letting Go,HIGH,name-match,wav,4,2,,NOMAD-0244 - Etherwood - Begin By Letting Go/01 - Etherwood - Begin By Letting Go.wav,NOMAD-0244 - Etherwood - Begin By Letting Go/01 - Etherwood - Begin By Letting Go.mp3
NOMAD-0245,Foy Vance,She Burns,MED,leftover-only,wav,3,1,,NOMAD-0245 - Foy Vance - She Burns/WCri1GOLjYM-She-Burns-Foy-Vance-LYRICS.wav,
NOMAD-0246,Frightened Rabbit,Late March Death March,MED,leftover-only,wav,3,1,,NOMAD-0246 - Frightened Rabbit - Late March Death March/SF3KA7RM_Bg-Late-March-Death-March-Frightened-Rabbit.wav,
NOMAD-0247,George Barnett,Stone Cold Classic,MED,leftover-only,wav,3,1,,NOMAD-0247 - George Barnett - Stone Cold Classic/u1NzEg0IkzI-George-Barnett-Stone-Cold-Classic.wav,
NOMAD-0248,Get Cape. Wear Cape. Fly,Better Things (ft. Kate Nash),LOW,leftover-ambiguous,wav,4,2,,NOMAD-0248 - Get Cape. Wear Cape. Fly - Better Things (ft. Kate Nash)/13 - Better Things (ft. Kate Nash).wav,NOMAD-0248 - Get Cape. Wear Cape. Fly - Better Things (ft. Kate Nash)/13 - Better Things (ft. Kate Nash).mp3
NOMAD-0249,Get Cape. Wear Cape. Fly,Could've Seen It All,LOW,leftover-ambiguous,wav,4,2,,NOMAD-0249 - Get Cape. Wear Cape. Fly - Could've Seen It All/14 - Could've Seen It All.wav,NOMAD-0249 - Get Cape. Wear Cape. Fly - Could've Seen It All/14 - Could've Seen It All.mp3
NOMAD-0250,Get Cape. Wear Cape. Fly,Find The Time,LOW,leftover-ambiguous,wav,4,2,,NOMAD-0250 - Get Cape. Wear Cape. Fly - Find The Time/11 - Find The Time.wav,NOMAD-0250 - Get Cape. Wear Cape. Fly - Find The Time/11 - Find The Time.mp3
NOMAD-0251,Get Cape. Wear Cape. Fly,I Could Build You A Tower,LOW,leftover-ambiguous,wav,4,2,,NOMAD-0251 - Get Cape. Wear Cape. Fly - I Could Build You A Tower/07 - I Could Build You A Tower.wav,NOMAD-0251 - Get Cape. Wear Cape. Fly - I Could Build You A Tower/07 - I Could Build You A Tower.mp3
NOMAD-0252,Get Cape. Wear Cape. Fly,Keep Singing Out,LOW,leftover-ambiguous,wav,4,2,,NOMAD-0252 - Get Cape. Wear Cape. Fly - Keep Singing Out/09 - Keep Singing Out.wav,NOMAD-0252 - Get Cape. Wear Cape. Fly - Keep Singing Out/09 - Keep Singing Out.mp3
NOMAD-0253,Get Cape. Wear Cape. Fly,Let The Journey Begin,LOW,leftover-ambiguous,wav,4,2,,NOMAD-0253 - Get Cape. Wear Cape. Fly - Let The Journey Begin/01 - Let The Journey Begin.wav,NOMAD-0253 - Get Cape. Wear Cape. Fly - Let The Journey Begin/01 - Let The Journey Begin.mp3
NOMAD-0254,Get Cape. Wear Cape. Fly,Moving Forward,LOW,leftover-ambiguous,wav,4,2,,NOMAD-0254 - Get Cape. Wear Cape. Fly - Moving Forward/10 - Moving Forward.wav,NOMAD-0254 - Get Cape. Wear Cape. Fly - Moving Forward/10 - Moving Forward.mp3
NOMAD-0255,Get Cape. Wear Cape. Fly,Postcards From Catalunya,LOW,leftover-ambiguous,wav,4,2,,NOMAD-0255 - Get Cape. Wear Cape. Fly - Postcards From Catalunya/04 - Postcards From Catalunya.wav,NOMAD-0255 - Get Cape. Wear Cape. Fly - Postcards From Catalunya/04 - Postcards From Catalunya.mp3
NOMAD-0256,Get Cape. Wear Cape. Fly,The Children Are (The Consumers Of) The Future,LOW,leftover-ambiguous,wav,4,2,,NOMAD-0256 - Get Cape. Wear Cape. Fly - The Children Are (The Consumers Of) The Future/05 - The Children Are (The Consumers Of) The Future.wav,NOMAD-0256 - Get Cape. Wear Cape. Fly - The Children Are (The Consumers Of) The Future/05 - The Children Are (The Consumers Of) The Future.mp3
NOMAD-0257,Get Cape. Wear Cape. Fly,This Could Be All,LOW,leftover-ambiguous,wav,4,2,,NOMAD-0257 - Get Cape. Wear Cape. Fly - This Could Be All/12 - This Could Be All.wav,NOMAD-0257 - Get Cape. Wear Cape. Fly - This Could Be All/12 - This Could Be All.mp3
NOMAD-0258,Get Cape. Wear Cape. Fly,Waiting For The Monster To Drown,LOW,leftover-ambiguous,wav,4,2,,NOMAD-0258 - Get Cape. Wear Cape. Fly - Waiting For The Monster To Drown/02 - Waiting For The Monster To Drown.wav,NOMAD-0258 - Get Cape. Wear Cape. Fly - Waiting For The Monster To Drown/02 - Waiting For The Monster To Drown.mp3
NOMAD-0259,Get Cape. Wear Cape. Fly,Window Of Your Mind,LOW,leftover-ambiguous,wav,4,2,,NOMAD-0259 - Get Cape. Wear Cape. Fly - Window Of Your Mind/06 - Window Of Your Mind.wav,NOMAD-0259 - Get Cape. Wear Cape. Fly - Window Of Your Mind/06 - Window Of Your Mind.mp3
NOMAD-0260,Get Cape. Wear Cape. Fly,Young And Lovestruck,LOW,leftover-ambiguous,wav,4,2,,NOMAD-0260 - Get Cape. Wear Cape. Fly - Young And Lovestruck/03 - Young And Lovestruck.wav,NOMAD-0260 - Get Cape. Wear Cape. Fly - Young And Lovestruck/03 - Young And Lovestruck.mp3
NOMAD-0261,K-Os,The Rain,MED,leftover-only,wav,3,1,,NOMAD-0261 - K-Os - The Rain/1MPcQ_Z4L2M-The-Rain.wav,
NOMAD-0262,Nothing But Thieves,Pop The Balloon,MED,leftover-only,wav,3,1,,NOMAD-0262 - Nothing But Thieves - Pop The Balloon/-FAu6lwoNIM-Nothing-But-Thieves-Pop-The-Balloon-Official-Lyric-Video.wav,
NOMAD-0263,Robbie Basho,Blue Crystal Fire,MED,leftover-only,wav,3,1,,NOMAD-0263 - Robbie Basho - Blue Crystal Fire/YYaGChm8RWw-Robbie-Basho-Blue-Crystal-Fire.wav,
NOMAD-0264,Smino,Lee and Lovie,MED,leftover-only,wav,3,1,,NOMAD-0264 - Smino - Lee and Lovie/YPI7kZpmepE-Smino-Lee-Lovie-Official-Visualizer.wav,
NOMAD-0265,The Skints,Murderer,MED,leftover-only,wav,3,1,,NOMAD-0265 - The Skints - Murderer/gQQY3i-kwgU-The-Skints-Murderer.wav,
NOMAD-0266,Xan Griffin,Capricorn (ft. WOLFE),MED,leftover-only,wav,3,1,,NOMAD-0266 - Xan Griffin - Capricorn (ft. WOLFE)/giK8TF-AjaM-Xan-Griffin-ft-WOLFE-Capricorn-Lyrics-on-screen.wav,
NOMAD-0267,Pulp,Cocaine Socialism,MED,leftover-only,wav,3,1,,NOMAD-0267 - Pulp - Cocaine Socialism/929BN_zFFR0-Pulp-Cocaine-Socialism-with-lyrics.wav,
NOMAD-0268,Random Hand,Play Some Ska,MED,leftover-only,wav,3,1,,NOMAD-0268 - Random Hand - Play Some Ska/8nHVZhavr64-Play-Some-Ska.wav,
NOMAD-0269,"Sexyy Red, Nicki Minaj & Tay Keith",Pound Town 2,MED,leftover-only,wav,3,1,,"NOMAD-0269 - Sexyy Red, Nicki Minaj & Tay Keith - Pound Town 2/6PK7ZW4auI4-Sexyy-Red-Nicki-Minaj-Tay-Keith-Pound-Town-2-Official-Lyric-Video.wav",
NOMAD-0270,Tori Amos,Liquid Diamonds,MED,leftover-only,wav,3,1,,NOMAD-0270 - Tori Amos - Liquid Diamonds/GGlQhUja-Lo-Liquid-Diamonds.wav,
NOMAD-0271,Frightened Rabbit,Music Now,NO_SOURCE,karaoke-sourced,,1,0,source-was-karaoke,,
NOMAD-0272,Frightened Rabbit,Housing (out),NO_SOURCE,karaoke-sourced,,1,0,source-was-karaoke,,
NOMAD-0273,Frightened Rabbit,The Modern Leper,NO_SOURCE,karaoke-sourced,,1,0,source-was-karaoke,,
NOMAD-0274,Frightened Rabbit,A Lick Of Paint,NO_SOURCE,karaoke-sourced,,1,0,source-was-karaoke,,
NOMAD-0275,Frightened Rabbit,The Greys,NO_SOURCE,karaoke-sourced,,1,0,source-was-karaoke,,
NOMAD-0276,Frightened Rabbit,Head Rolls Off,NO_SOURCE,karaoke-sourced,,1,0,source-was-karaoke,,
NOMAD-0277,Frightened Rabbit,Backyard Skulls,NO_SOURCE,karaoke-sourced,,1,0,source-was-karaoke,,
NOMAD-0278,Frightened Rabbit,The Wreck,NO_SOURCE,karaoke-sourced,,1,0,source-was-karaoke,,
NOMAD-0279,Frightened Rabbit,My Backwards Walk,NO_SOURCE,karaoke-sourced,,1,0,source-was-karaoke,,
NOMAD-0280,Frightened Rabbit,Be Less Rude,NO_SOURCE,karaoke-sourced,,1,0,source-was-karaoke,,
NOMAD-0281,Frightened Rabbit,Die Like A Rich Boy,NO_SOURCE,karaoke-sourced,,1,0,source-was-karaoke,,
NOMAD-0282,Frightened Rabbit,State Hospital,NO_SOURCE,karaoke-sourced,,1,0,source-was-karaoke,,
NOMAD-0283,Frightened Rabbit,Skip the Youth,NO_SOURCE,karaoke-sourced,,1,0,source-was-karaoke,,
NOMAD-0284,Frightened Rabbit,"Yes, I Would",NO_SOURCE,karaoke-sourced,,1,0,source-was-karaoke,,
NOMAD-0285,Frightened Rabbit,Floating in the Forth,NO_SOURCE,karaoke-sourced,,1,0,source-was-karaoke,,
NOMAD-0286,Frightened Rabbit,Nitrous Gas,NO_SOURCE,karaoke-sourced,,1,0,source-was-karaoke,,
NOMAD-0287,Frightened Rabbit,Break,NO_SOURCE,karaoke-sourced,,1,0,source-was-karaoke,,
NOMAD-0288,Frightened Rabbit,Things,NO_SOURCE,karaoke-sourced,,1,0,source-was-karaoke,,
NOMAD-0289,Frightened Rabbit,Nothing Like You,NO_SOURCE,karaoke-sourced,,1,0,source-was-karaoke,,
NOMAD-0290,Frightened Rabbit,Good Arms vs Bad Arms,NO_SOURCE,karaoke-sourced,,1,0,source-was-karaoke,,
NOMAD-0291,Frightened Rabbit,Foot Shooter,NO_SOURCE,karaoke-sourced,,1,0,source-was-karaoke,,
NOMAD-0292,Frightened Rabbit,The Twist,NO_SOURCE,karaoke-sourced,,1,0,source-was-karaoke,,
NOMAD-0293,Frightened Rabbit,The Loneliness and the Scream,NO_SOURCE,karaoke-sourced,,1,0,source-was-karaoke,,
NOMAD-0294,Frightened Rabbit,Swim Until You Can't See Land,NO_SOURCE,karaoke-sourced,,1,0,source-was-karaoke,,
NOMAD-0295,Frightened Rabbit,An Otherwise Disappointing Life,NO_SOURCE,karaoke-sourced,,1,0,source-was-karaoke,,
NOMAD-0296,Frightened Rabbit,Holy,NO_SOURCE,karaoke-sourced,,1,0,source-was-karaoke,,
NOMAD-0297,Frightened Rabbit,Behave!,NO_SOURCE,karaoke-sourced,,1,0,source-was-karaoke,,
NOMAD-0298,Frightened Rabbit,Old Old Fashioned,NO_SOURCE,karaoke-sourced,,1,0,source-was-karaoke,,
NOMAD-0299,Frightened Rabbit,Yawns,NO_SOURCE,karaoke-sourced,,1,0,source-was-karaoke,,
NOMAD-0300,Frightened Rabbit,I Feel Better,NO_SOURCE,karaoke-sourced,,1,0,source-was-karaoke,,
NOMAD-0301,Frightened Rabbit,Woke Up Hurting,NO_SOURCE,karaoke-sourced,,1,0,source-was-karaoke,,
NOMAD-0302,Frightened Rabbit,Dead Now,NO_SOURCE,karaoke-sourced,,1,0,source-was-karaoke,,
NOMAD-0303,Frightened Rabbit,Poke,NO_SOURCE,karaoke-sourced,,1,0,source-was-karaoke,,
NOMAD-0304,Frightened Rabbit,400 Bones,NO_SOURCE,karaoke-sourced,,1,0,source-was-karaoke,,
NOMAD-0305,Frightened Rabbit,Little Drum,NO_SOURCE,karaoke-sourced,,1,0,source-was-karaoke,,
NOMAD-0306,Frightened Rabbit,Fast Blood,NO_SOURCE,karaoke-sourced,,1,0,source-was-karaoke,,
NOMAD-0307,Frightened Rabbit,Square 9,NO_SOURCE,karaoke-sourced,,1,0,source-was-karaoke,,
NOMAD-0308,Frightened Rabbit,I Wish I Was Sober,NO_SOURCE,karaoke-sourced,,1,0,source-was-karaoke,,
NOMAD-0309,Frightened Rabbit,The Oil Slick,NO_SOURCE,karaoke-sourced,,1,0,source-was-karaoke,,
NOMAD-0310,Frightened Rabbit,Still Want To Be Here,NO_SOURCE,karaoke-sourced,,1,0,source-was-karaoke,,
NOMAD-0311,Frightened Rabbit,Blood Under The Bridge,NO_SOURCE,karaoke-sourced,,1,0,source-was-karaoke,,
NOMAD-0312,Frightened Rabbit,Death Dream,NO_SOURCE,karaoke-sourced,,1,0,source-was-karaoke,,
NOMAD-0313,Frightened Rabbit,Wait 'Til The Morning,NO_SOURCE,karaoke-sourced,,1,0,source-was-karaoke,,
NOMAD-0314,Frightened Rabbit,Not Miserable,NO_SOURCE,karaoke-sourced,,1,0,source-was-karaoke,,
NOMAD-0315,Frightened Rabbit,Snake,NO_SOURCE,karaoke-sourced,,1,0,source-was-karaoke,,
NOMAD-0316,Frightened Rabbit,Acts of Man,NO_SOURCE,karaoke-sourced,,1,0,source-was-karaoke,,
NOMAD-0317,Frightened Rabbit,Living in Colour,NO_SOURCE,karaoke-sourced,,1,0,source-was-karaoke,,
NOMAD-0318,Frightened Rabbit,Housing (in),NO_SOURCE,karaoke-sourced,,1,0,source-was-karaoke,,
NOMAD-0319,Frightened Rabbit,The Wrestle,NO_SOURCE,karaoke-sourced,,1,0,source-was-karaoke,,
NOMAD-0320,Frightened Rabbit,Go Go Girls,NO_SOURCE,karaoke-sourced,,1,0,source-was-karaoke,,
NOMAD-0321,Frightened Rabbit,December's Traditions,NO_SOURCE,karaoke-sourced,,1,0,source-was-karaoke,,
NOMAD-0322,Frightened Rabbit,Lump Street,NO_SOURCE,karaoke-sourced,,1,0,source-was-karaoke,,
NOMAD-0323,Frightened Rabbit,Keep Yourself Warm,NO_SOURCE,karaoke-sourced,,1,0,source-was-karaoke,,
NOMAD-0324,Frightened Rabbit,The Woodpile,NO_SOURCE,karaoke-sourced,,1,0,source-was-karaoke,,
NOMAD-0325,Frightened Rabbit,Get Out,NO_SOURCE,karaoke-sourced,,1,0,source-was-karaoke,,
NOMAD-0326,Judas Priest,Living Bad Dreams,MED,leftover-only,wav,3,1,,NOMAD-0326 - Judas Priest - Living Bad Dreams/Hs5R4qpmi2Y-Judas-Priest-Living-Bad-Dreams-Painkiller-Sessions-1990-Audio.wav,
NOMAD-0327,The Spits,Bring Me Down,MED,leftover-only,wav,3,1,,NOMAD-0327 - The Spits - Bring Me Down/8Ffx9MoOr-c-The-Spits-Bring-Me-Down.wav,
NOMAD-0328,Voltaire,Feathery Wings,MED,leftover-only,wav,3,1,,NOMAD-0328 - Voltaire - Feathery Wings/cwiTPOzPJu4-Voltaire-Feathery-Wings-With-lyrics.wav,
NOMAD-0329,City and Colour,The Death of Me,HIGH,name-match,flac,5,3,,NOMAD-0329 - City and Colour - The Death of Me/City and Colour - The Death of Me.flac,NOMAD-0329 - City and Colour - The Death of Me/City and Colour - The Death of Me.wav ;; NOMAD-0329 - City and Colour - The Death of Me/City and Colour - The Death of Me.mp3
NOMAD-0330,Was (Not Was),Out Come the Freaks,HIGH,name-match,flac,9,6,,NOMAD-0330 - Was (Not Was) - Out Come the Freaks/Was (Not Was) - Out Come the Freaks (Long Version)/Was (Not Was) - Out Come the Freaks.flac,NOMAD-0330 - Was (Not Was) - Out Come the Freaks/Was (Not Was) - Out Come the Freaks (Long Version)/Was (Not Was) - Out Come the Freaks.wav ;; NOMAD-0330 - Was (Not Was) - Out Come the Freaks/Was (Not Was) - Out Come the Freaks.mp3 ;; NOMAD-0330 - Was (Not Was) - Out Come the Freaks/out come the freaks final.wav
NOMAD-0331,Bon Jovi,Hallelujah,MED,leftover-only,wav,3,1,,NOMAD-0331 - Bon Jovi - Hallelujah/RSJbYWPEaxw-Bon-Jovi-Hallelujah.wav,
NOMAD-0332,Marilyn Dagenais,Je serai là,HIGH,name-match,mp3,8,2,,NOMAD-0332 - Marilyn Dagenais - Je serai là/Marilyn Dagenais - Je serai là.mp3,NOMAD-0332 - Marilyn Dagenais - Je serai là/xL1MecA2zUg-Je-serai-la.wav
NOMAD-0333,Marilyn Dagenais,J't'écrirai pas,HIGH,name-match,mp3,4,3,,NOMAD-0333 - Marilyn Dagenais - J't'écrirai pas/Marilyn Dagenais - J't'écrirai pas.mp3,NOMAD-0333 - Marilyn Dagenais - J't'écrirai pas/J't'écrirai pas [-lvTXlFijMc].wav ;; NOMAD-0333 - Marilyn Dagenais - J't'écrirai pas/Marilyn Dagenais - J't'écrirai pas Instrumental.mp3
NOMAD-0334,A Lost People,Big Booty Bitches,LOW,leftover-ambiguous,wav,3,2,,NOMAD-0334 - A Lost People - Big Booty Bitches/A Lost People - Big Booty Bitches (D6ma2_e9EuE).wav,NOMAD-0334 - A Lost People - Big Booty Bitches/A Lost People - Big Booty Bitches (D6ma2_e9EuE).mp3
NOMAD-0335,Annika Norlin,Failure,LOW,leftover-ambiguous,wav,3,2,,NOMAD-0335 - Annika Norlin - Failure/Annika Norlin - Failure (M8iCNfCHmDc).wav,NOMAD-0335 - Annika Norlin - Failure/Annika Norlin - Failure (M8iCNfCHmDc).mp3
NOMAD-0336,Ascension,Monsters,LOW,leftover-ambiguous,wav,3,2,,NOMAD-0336 - Ascension - Monsters/Ascension - Monsters (h6aE_-H-pTQ).wav,NOMAD-0336 - Ascension - Monsters/Ascension - Monsters (h6aE_-H-pTQ).mp3
NOMAD-0337,Bonnie Prince Billy and Tortoise,Pancho,LOW,leftover-ambiguous,wav,3,2,,NOMAD-0337 - Bonnie Prince Billy and Tortoise - Pancho/Bonnie Prince Billy and Tortoise - Pancho (XwAylFd_yMo).wav,NOMAD-0337 - Bonnie Prince Billy and Tortoise - Pancho/Bonnie Prince Billy and Tortoise - Pancho (XwAylFd_yMo).mp3
NOMAD-0338,Brandi Carlile,Raise Hell,LOW,leftover-ambiguous,wav,3,2,,NOMAD-0338 - Brandi Carlile - Raise Hell/Brandi Carlile - Raise Hell (k20r8dA8PcI).wav,NOMAD-0338 - Brandi Carlile - Raise Hell/Brandi Carlile - Raise Hell (k20r8dA8PcI).mp3
NOMAD-0339,Britt Daniel,Let the Distance Bring Us Together,LOW,leftover-ambiguous,wav,3,2,,NOMAD-0339 - Britt Daniel - Let the Distance Bring Us Together/Britt Daniel - Let the Distance Bring Us Together (7J4O9pOsa20).wav,NOMAD-0339 - Britt Daniel - Let the Distance Bring Us Together/Britt Daniel - Let the Distance Bring Us Together (7J4O9pOsa20).mp3
NOMAD-0340,Cyn,Drinks,LOW,leftover-ambiguous,wav,3,2,,NOMAD-0340 - Cyn - Drinks/Cyn - Drinks (YQbpkaTIQ2M).wav,NOMAD-0340 - Cyn - Drinks/Cyn - Drinks (YQbpkaTIQ2M).mp3
NOMAD-0341,Dan Wriggins,All Used Up,HIGH,name-match,wav,3,2,,NOMAD-0341 - Dan Wriggins - All Used Up/Dan Wriggins - All Used Up.wav,NOMAD-0341 - Dan Wriggins - All Used Up/Dan Wriggins - All Used Up.mp3
NOMAD-0342,Davey Dynamite & Absent,Solidarity Forever,HIGH,name-match,wav,3,2,,NOMAD-0342 - Davey Dynamite & Absent - Solidarity Forever/Davey Dynamite & Absent - Solidarity Forever.wav,NOMAD-0342 - Davey Dynamite & Absent - Solidarity Forever/Davey Dynamite & Absent - Solidarity Forever.mp3
NOMAD-0343,Elliott Smith,Strung Out Again,LOW,leftover-ambiguous,wav,3,2,,NOMAD-0343 - Elliott Smith - Strung Out Again/Elliott Smith - Strung Out Again (z1cStb-1hi8).wav,NOMAD-0343 - Elliott Smith - Strung Out Again/Elliott Smith - Strung Out Again (z1cStb-1hi8).mp3
NOMAD-0344,Emperor X,Sad React,LOW,leftover-ambiguous,wav,3,2,,NOMAD-0344 - Emperor X - Sad React/Emperor X - Sad React (LsLNZW86iFY).wav,NOMAD-0344 - Emperor X - Sad React/Emperor X - Sad React (LsLNZW86iFY).mp3
NOMAD-0345,Girls,Hellhole Ratrace,LOW,leftover-ambiguous,wav,3,2,,NOMAD-0345 - Girls - Hellhole Ratrace/Girls - Hellhole Ratrace (lcqwfFKagH4).wav,NOMAD-0345 - Girls - Hellhole Ratrace/Girls - Hellhole Ratrace (lcqwfFKagH4).mp3
NOMAD-0346,Hercules & Love Affair,Iris,LOW,leftover-ambiguous,wav,3,2,,NOMAD-0346 - Hercules & Love Affair - Iris/Hercules & Love Affair - Iris (-iUY5xMKKtU).wav,NOMAD-0346 - Hercules & Love Affair - Iris/Hercules & Love Affair - Iris (-iUY5xMKKtU).mp3
NOMAD-0347,Iris DeMent,Easy's Gettin' Harder Every Day,LOW,leftover-ambiguous,wav,3,2,,NOMAD-0347 - Iris DeMent - Easy's Gettin' Harder Every Day/Iris DeMent - Easy's Gettin' Harder Every Day (8eJgUo3Ag4U).wav,NOMAD-0347 - Iris DeMent - Easy's Gettin' Harder Every Day/Iris DeMent - Easy's Gettin' Harder Every Day (8eJgUo3Ag4U).mp3
NOMAD-0348,Iris DeMent,Let the Mystery Be,LOW,leftover-ambiguous,wav,3,2,,NOMAD-0348 - Iris DeMent - Let the Mystery Be/Iris DeMent - Let the Mystery Be (0gQVS2fCsek).wav,NOMAD-0348 - Iris DeMent - Let the Mystery Be/Iris DeMent - Let the Mystery Be (0gQVS2fCsek).mp3
NOMAD-0349,Iris DeMent,Wasteland of the Free,LOW,leftover-ambiguous,wav,3,2,,NOMAD-0349 - Iris DeMent - Wasteland of the Free/Iris DeMent - Wasteland of the Free (nLjHcbSVmYs).wav,NOMAD-0349 - Iris DeMent - Wasteland of the Free/Iris DeMent - Wasteland of the Free (nLjHcbSVmYs).mp3
NOMAD-0350,Joanna Newsom,Inflammatory Writ,LOW,leftover-ambiguous,wav,3,2,,NOMAD-0350 - Joanna Newsom - Inflammatory Writ/Joanna Newsom - Inflammatory Writ (DWsJDdyDK8M).wav,NOMAD-0350 - Joanna Newsom - Inflammatory Writ/Joanna Newsom - Inflammatory Writ (DWsJDdyDK8M).mp3
NOMAD-0351,Jukebox The Ghost,Jumpstarted,LOW,leftover-ambiguous,wav,3,2,,NOMAD-0351 - Jukebox The Ghost - Jumpstarted/Jukebox The Ghost - Jumpstarted (MnCRJ-nXb_w).wav,NOMAD-0351 - Jukebox The Ghost - Jumpstarted/Jukebox The Ghost - Jumpstarted (MnCRJ-nXb_w).mp3
NOMAD-0352,Kevin Devine,Splittin’ Up Christmas,LOW,leftover-ambiguous,wav,3,2,,NOMAD-0352 - Kevin Devine - Splittin’ Up Christmas/Kevin Devine - Splittin’ Up Christmas (WrPVBIXehlw).wav,NOMAD-0352 - Kevin Devine - Splittin’ Up Christmas/Kevin Devine - Splittin’ Up Christmas (WrPVBIXehlw).mp3
NOMAD-0353,Kirin J Callinan,Life Is Life,LOW,leftover-ambiguous,wav,3,2,,NOMAD-0353 - Kirin J Callinan - Life Is Life/Kirin J Callinan - Life Is Life (mna-gdoPHt4).wav,NOMAD-0353 - Kirin J Callinan - Life Is Life/Kirin J Callinan - Life Is Life (mna-gdoPHt4).mp3
NOMAD-0354,MJ Lenderman,TLC Cagematch,LOW,leftover-ambiguous,wav,3,2,,NOMAD-0354 - MJ Lenderman - TLC Cagematch/MJ Lenderman - TLC Cagematch (gV7VeyEX0XY).wav,NOMAD-0354 - MJ Lenderman - TLC Cagematch/MJ Lenderman - TLC Cagematch (gV7VeyEX0XY).mp3
NOMAD-0355,Molly Hatchet,Sailor,LOW,leftover-ambiguous,wav,3,2,,NOMAD-0355 - Molly Hatchet - Sailor/Molly Hatchet - Sailor (WeDY3LDeD6s).wav,NOMAD-0355 - Molly Hatchet - Sailor/Molly Hatchet - Sailor (WeDY3LDeD6s).mp3
NOMAD-0356,Necro,Pussy Is My Weakness,LOW,leftover-ambiguous,wav,3,2,,NOMAD-0356 - Necro - Pussy Is My Weakness/Necro - Pussy Is My Weakness (43CEVFxpnFI).wav,NOMAD-0356 - Necro - Pussy Is My Weakness/Necro - Pussy Is My Weakness (43CEVFxpnFI).mp3
NOMAD-0357,Nevermore,The Heart Collector,LOW,leftover-ambiguous,wav,3,2,,NOMAD-0357 - Nevermore - The Heart Collector/Nevermore - The Heart Collector (F7p5jwbrs0A).wav,NOMAD-0357 - Nevermore - The Heart Collector/Nevermore - The Heart Collector (F7p5jwbrs0A).mp3
NOMAD-0358,New Found Glory,Sincerely Me,LOW,leftover-ambiguous,wav,3,2,,NOMAD-0358 - New Found Glory - Sincerely Me/New Found Glory - Sincerely Me (eMNLuwfHSIg).wav,NOMAD-0358 - New Found Glory - Sincerely Me/New Found Glory - Sincerely Me (eMNLuwfHSIg).mp3
NOMAD-0359,New Radicals,I Hope I Didn't Just Give Away The Ending,LOW,leftover-ambiguous,wav,3,2,,NOMAD-0359 - New Radicals - I Hope I Didn't Just Give Away The Ending/New Radicals - I Hope I Didn't Just Give Away The Ending (DO-IaJcKZzs).wav,NOMAD-0359 - New Radicals - I Hope I Didn't Just Give Away The Ending/New Radicals - I Hope I Didn't Just Give Away The Ending (DO-IaJcKZzs).mp3
NOMAD-0360,No Doubt,Six Feet Under,LOW,leftover-ambiguous,wav,3,2,,NOMAD-0360 - No Doubt - Six Feet Under/No Doubt - Six Feet Under (HhldzhRuzc4).wav,NOMAD-0360 - No Doubt - Six Feet Under/No Doubt - Six Feet Under (HhldzhRuzc4).mp3
NOMAD-0361,Petey,Dont Tell The Boys,LOW,leftover-ambiguous,wav,3,2,,NOMAD-0361 - Petey - Dont Tell The Boys/Petey - Dont Tell The Boys (WuePPW8eHxI).wav,NOMAD-0361 - Petey - Dont Tell The Boys/Petey - Dont Tell The Boys (WuePPW8eHxI).mp3
NOMAD-0362,Randy Newman,A Wedding in Cherokee County,LOW,leftover-ambiguous,wav,3,2,,NOMAD-0362 - Randy Newman - A Wedding in Cherokee County/Randy Newman - A Wedding in Cherokee County (2002 Remaster) (DbbtzAaVT3M).wav,NOMAD-0362 - Randy Newman - A Wedding in Cherokee County/Randy Newman - A Wedding in Cherokee County (2002 Remaster) (DbbtzAaVT3M).mp3
NOMAD-0363,Reverend Horton Heat,Wiggle Stick,LOW,leftover-ambiguous,wav,3,2,,NOMAD-0363 - Reverend Horton Heat - Wiggle Stick/Reverend Horton Heat - Wiggle Stick (zRvRed0YauI).wav,NOMAD-0363 - Reverend Horton Heat - Wiggle Stick/Reverend Horton Heat - Wiggle Stick (zRvRed0YauI).mp3
NOMAD-0364,Rough Cutt,Dreamin' Again,LOW,leftover-ambiguous,wav,3,2,,NOMAD-0364 - Rough Cutt - Dreamin' Again/Rough Cutt - Dreamin' Again (TrdpdoVMcmU).wav,NOMAD-0364 - Rough Cutt - Dreamin' Again/Rough Cutt - Dreamin' Again (TrdpdoVMcmU).mp3
NOMAD-0365,Steve Earle,Christmas in Washington,LOW,leftover-ambiguous,wav,3,2,,NOMAD-0365 - Steve Earle - Christmas in Washington/Steve Earle - Christmas in Washington (3Jk4JmIuFes).wav,NOMAD-0365 - Steve Earle - Christmas in Washington/Steve Earle - Christmas in Washington (3Jk4JmIuFes).mp3
NOMAD-0366,The Buttertones,Baby Doll,LOW,leftover-ambiguous,wav,3,2,,NOMAD-0366 - The Buttertones - Baby Doll/The Buttertones - Baby Doll (--TLRnkbSwk).wav,NOMAD-0366 - The Buttertones - Baby Doll/The Buttertones - Baby Doll (--TLRnkbSwk).mp3
NOMAD-0367,The Buttertones,Eros,LOW,leftover-ambiguous,wav,3,2,,NOMAD-0367 - The Buttertones - Eros/The Buttertones - Eros (uEyM3F5nD_Y).wav,NOMAD-0367 - The Buttertones - Eros/The Buttertones - Eros (uEyM3F5nD_Y).mp3
NOMAD-0368,Whiskey Myers,Broken Window Serenade,LOW,leftover-ambiguous,wav,3,2,,NOMAD-0368 - Whiskey Myers - Broken Window Serenade/Whiskey Myers - Broken Window Serenade (_bto0UKEZNA).wav,NOMAD-0368 - Whiskey Myers - Broken Window Serenade/Whiskey Myers - Broken Window Serenade (_bto0UKEZNA).mp3
NOMAD-0369,Yoko Kanno,Whats it For,LOW,leftover-ambiguous,wav,3,2,,NOMAD-0369 - Yoko Kanno - Whats it For/Yoko Kanno - Whats it For (uWOOyS3QsPE).wav,NOMAD-0369 - Yoko Kanno - Whats it For/Yoko Kanno - Whats it For (uWOOyS3QsPE).mp3
NOMAD-0370,Mac McCaughan & Annie Hayden,Down We Go,LOW,leftover-ambiguous,wav,3,2,,"NOMAD-0370 - Mac McCaughan & Annie Hayden - Down We Go/Mac McCaughan, Annie Hayden - Down We Go (Sledding Song) (Wq6BHLUrL4s).wav","NOMAD-0370 - Mac McCaughan & Annie Hayden - Down We Go/Mac McCaughan, Annie Hayden - Down We Go (Sledding Song) (Wq6BHLUrL4s).mp3"
NOMAD-0371,The Buttertones,You and Your Knife,LOW,leftover-ambiguous,wav,3,2,,NOMAD-0371 - The Buttertones - You and Your Knife/The Buttertones - You and Your Knife (HzIUAQI_zDo).wav,NOMAD-0371 - The Buttertones - You and Your Knife/The Buttertones - You and Your Knife (HzIUAQI_zDo).mp3
NOMAD-0372,The Doubleclicks,Really Big Chickens,LOW,leftover-ambiguous,wav,3,2,,NOMAD-0372 - The Doubleclicks - Really Big Chickens/The Doubleclicks - Really Big Chickens (qlEoSBZzC18).wav,NOMAD-0372 - The Doubleclicks - Really Big Chickens/The Doubleclicks - Really Big Chickens (qlEoSBZzC18).mp3
NOMAD-0373,Tony All,At The Party,LOW,leftover-ambiguous,wav,3,2,,NOMAD-0373 - Tony All - At The Party/Tony All - At The Party (_OfbUKoaW_4).wav,NOMAD-0373 - Tony All - At The Party/Tony All - At The Party (_OfbUKoaW_4).mp3
NOMAD-0374,Tony All,Guitar Case,LOW,leftover-ambiguous,wav,3,2,,NOMAD-0374 - Tony All - Guitar Case/Tony All - Guitar Case (BY-a-HZiI-k).wav,NOMAD-0374 - Tony All - Guitar Case/Tony All - Guitar Case (BY-a-HZiI-k).mp3
NOMAD-0375,Velvet Pony,LESBIAN PONIES WITH WEAPONS,LOW,leftover-ambiguous,wav,3,2,,NOMAD-0375 - Velvet Pony - LESBIAN PONIES WITH WEAPONS/Velvet Pony - LESBIAN PONIES WITH WEAPONS (UCAisUe6-VA).wav,NOMAD-0375 - Velvet Pony - LESBIAN PONIES WITH WEAPONS/Velvet Pony - LESBIAN PONIES WITH WEAPONS (UCAisUe6-VA).mp3
NOMAD-0376,Waxahatchee,Noccalula,LOW,leftover-ambiguous,wav,3,2,,NOMAD-0376 - Waxahatchee - Noccalula/Waxahatchee - Noccalula (uKsZTbGFOQk).wav,NOMAD-0376 - Waxahatchee - Noccalula/Waxahatchee - Noccalula (uKsZTbGFOQk).mp3
NOMAD-0377,David Bowie,I Know It’s Gonna Happen Someday,MED,leftover-only,wav,4,1,,NOMAD-0377 - David Bowie - I Know It’s Gonna Happen Someday/AHCSo-7fRKk-I-Know-It-s-Gonna-Happen-Someday-2003-Remaster.wav,
NOMAD-0378,Mary Heather Hickman,Treasure,HIGH,name-match,mp3,5,3,,NOMAD-0378 - Mary Heather Hickman - Treasure/Mary Heather Hickman - Treasure.mp3,NOMAD-0378 - Mary Heather Hickman - Treasure/NA - Mary Heather Hickman - Treasure (Official Music Video) (XjnJ27yNSoI).wav ;; NOMAD-0378 - Mary Heather Hickman - Treasure/NA - Mary Heather Hickman - Treasure (Official Music Video) (XjnJ27yNSoI).mp3
NOMAD-0379,Ray Price,The Wind Beneath My Wings,HIGH,name-match,mp3,6,3,,NOMAD-0379 - Ray Price - The Wind Beneath My Wings/Ray Price - The Wind Beneath My Wings.mp3,NOMAD-0379 - Ray Price - The Wind Beneath My Wings/NA - The Wind Beneath My Wings - Ray Price 1987 (pNCR4TuhXeg).wav ;; NOMAD-0379 - Ray Price - The Wind Beneath My Wings/NA - The Wind Beneath My Wings - Ray Price 1987 (pNCR4TuhXeg).mp3
NOMAD-0380,The Avett Brothers,Ain't No Man,HIGH,name-match,mp3,6,3,,NOMAD-0380 - The Avett Brothers - Ain't No Man/The Avett Brothers - Ain't No Man.mp3,NOMAD-0380 - The Avett Brothers - Ain't No Man/NA - The Avett Brothers - Ain't No Man (Audio) (21ystqlD_Rk).wav ;; NOMAD-0380 - The Avett Brothers - Ain't No Man/NA - The Avett Brothers - Ain't No Man (Audio) (21ystqlD_Rk).mp3
NOMAD-0381,Dropout Kings,Scratch & Claw,HIGH,youtube,wav,2,1,,NOMAD-0381 - Dropout Kings - Scratch & Claw/Dropout Kings - Scratch & Claw (YouTube 56tQOGEj_Ng).wav,
NOMAD-0382,Gogol Bordello,Not a Crime,HIGH,youtube,wav,3,1,,NOMAD-0382 - Gogol Bordello - Not a Crime/Gogol Bordello - Not a Crime (YouTube u9v1-1Op9bQ).wav,
NOMAD-0383,Sparks,Girl from Germany,HIGH,youtube,wav,4,2,,NOMAD-0383 - Sparks - Girl from Germany/Sparks - Girl from Germany (YouTube vgXYs1W5C1I).wav,NOMAD-0383 - Sparks - Girl from Germany/Sparks - Girl from Germany.mp3
NOMAD-0384,Sparks,Under the Table with Her,HIGH,youtube,wav,5,2,,NOMAD-0384 - Sparks - Under the Table with Her/Sparks - Under the Table with Her (YouTube tRpBC6OI0Xo).wav,NOMAD-0384 - Sparks - Under the Table with Her/Sparks - Under the Table with Her.mp3
NOMAD-0385,Streetlight Manifesto,"One Foot on the Gas, One Foot in the Grave",HIGH,youtube,wav,3,1,,"NOMAD-0385 - Streetlight Manifesto - One Foot on the Gas, One Foot in the Grave/Streetlight Manifesto - One Foot on the Gas, One Foot in the Grave (YouTube NsGaY-Wv5Sc).wav",
NOMAD-0386,The Doors,Not to touch the earth,HIGH,youtube,wav,3,1,,NOMAD-0386 - The Doors - Not to touch the earth/The Doors - Not to touch the earth (YouTube aAqx8y6mOFY).wav,
NOMAD-0387,Weird Al Yankovic,Money for Nothing Beverly Hillbillies,HIGH,youtube,wav,3,1,,NOMAD-0387 - Weird Al Yankovic - Money for Nothing Beverly Hillbillies/Weird Al Yankovic - Money for Nothing_Beverly Hillbillies (YouTube 0WPzFnZkZmI).wav,
NOMAD-0388,Adam Sandler,Mr. Bake-O,HIGH,name-match,mp3,6,3,,NOMAD-0388 - Adam Sandler - Mr. Bake-O/Adam Sandler - Mr. Bake-O.mp3,NOMAD-0388 - Adam Sandler - Mr. Bake-O/Adam Sandler - Mr. Bake-O (MDA6Nd3PCbM).wav ;; NOMAD-0388 - Adam Sandler - Mr. Bake-O/Adam Sandler - Mr. Bake-O (MDA6Nd3PCbM).mp3
NOMAD-0389,Eydie Gormé,The Gentleman is a Dope,HIGH,name-match,mp3,6,3,,NOMAD-0389 - Eydie Gormé - The Gentleman is a Dope/Eydie Gormé - The Gentleman is a Dope.mp3,NOMAD-0389 - Eydie Gormé - The Gentleman is a Dope/Eydie Gorme - The Gentleman is a Dope (lnPWr7BFxT4).wav ;; NOMAD-0389 - Eydie Gormé - The Gentleman is a Dope/Eydie Gorme - The Gentleman is a Dope (lnPWr7BFxT4).mp3
NOMAD-0390,Eydie Gormé,What Did I Have That I Don't Have,HIGH,name-match,mp3,6,3,,NOMAD-0390 - Eydie Gormé - What Did I Have That I Don't Have/Eydie Gormé - What Did I Have That I Don't Have.mp3,NOMAD-0390 - Eydie Gormé - What Did I Have That I Don't Have/Eydie Gorme - What Did I Have That I Don't Have (ptJz1CNkXZ4).wav ;; NOMAD-0390 - Eydie Gormé - What Did I Have That I Don't Have/Eydie Gorme - What Did I Have That I Don't Have (ptJz1CNkXZ4).mp3
NOMAD-0391,Rickie Lee Jones,The Ballad Of The Sad Young Men,HIGH,name-match,mp3,6,3,,NOMAD-0391 - Rickie Lee Jones - The Ballad Of The Sad Young Men/Rickie Lee Jones - The Ballad Of The Sad Young Men.mp3,NOMAD-0391 - Rickie Lee Jones - The Ballad Of The Sad Young Men/Rickie Lee Jones - The Ballad Of The Sad Young Men (82qb6nUxmOQ).wav ;; NOMAD-0391 - Rickie Lee Jones - The Ballad Of The Sad Young Men/Rickie Lee Jones - The Ballad Of The Sad Young Men (82qb6nUxmOQ).mp3
NOMAD-0392,Eddie Cochran,Three Stars,HIGH,name-match,mp3,5,3,,NOMAD-0392 - Eddie Cochran - Three Stars/Eddie Cochran - Three Stars.mp3,NOMAD-0392 - Eddie Cochran - Three Stars/NA - Eddie Cochran - Three Stars (DhtYS-7hFM0).wav ;; NOMAD-0392 - Eddie Cochran - Three Stars/NA - Eddie Cochran - Three Stars (DhtYS-7hFM0).mp3
NOMAD-0393,Lil Durk,Broadway Girls,HIGH,youtube,wav,5,1,,NOMAD-0393 - Lil Durk - Broadway Girls/Lil Durk - Broadway Girls (YouTube 2CNl_CCtE-I).wav,
NOMAD-0394,Luude,Down Under,HIGH,youtube,wav,5,1,,NOMAD-0394 - Luude - Down Under/Luude - Down Under (YouTube I1xneKsFArY).wav,
NOMAD-0395,Taylor Swift,We Are Never Ever Getting Back Together (Taylor's Version),HIGH,youtube,wav,5,1,,NOMAD-0395 - Taylor Swift - We Are Never Ever Getting Back Together (Taylor's Version)/Taylor Swift - We Are Never Ever Getting Back Together (Taylor's Version) (YouTube zJFcr1KyFqE).wav,
NOMAD-0396,The Fray,Never Say Never,HIGH,youtube,wav,6,2,,NOMAD-0396 - The Fray - Never Say Never/The Fray - Never Say Never (YouTube Aihu16RyYp8).wav,NOMAD-0396 - The Fray - Never Say Never/The Fray - Never Say Never.mp3
NOMAD-0397,The Ghost Club,See Below,LOW,leftover-ambiguous,wav,7,4,,NOMAD-0397 - The Ghost Club - See Below/NA - The Ghost Club： See Below [Official Animated Music Video] (O3bVdre5EiE).wav,NOMAD-0397 - The Ghost Club - See Below/NA - The Ghost Club： See Below [Official Animated Music Video] (O3bVdre5EiE).mp3 ;; NOMAD-0397 - The Ghost Club - See Below/The Ghost Club： See Below [Official Animated Music Video] [O3bVdre5EiE].webm ;; NOMAD-0397 - The Ghost Club - See Below/NA - The Ghost Club： See Below [Official Animated Music Video] (O3bVdre5EiE).webm
NOMAD-0398,General Levy,Incredible (50% Volume Vocals),MED,leftover-only,wav,1,1,,NOMAD-0398 - General Levy - Incredible (50% Volume Vocals)/vocals_half_volume.wav,
NOMAD-0399,General Levy,Incredible,HIGH,youtube,wav,6,2,,NOMAD-0399 - General Levy - Incredible/General Levy - Incredible (YouTube mL2Bgj-za5k).wav,NOMAD-0399 - General Levy - Incredible/combined_audio.wav
NOMAD-0400,Marilyn Dagenais,Chanson pour Papa,HIGH,name-match,mp3,9,4,,NOMAD-0400 - Marilyn Dagenais - Chanson pour Papa/Marilyn Dagenais - Chanson pour Papa.mp3,NOMAD-0400 - Marilyn Dagenais - Chanson pour Papa/Chanson pour papa MD v1.3 - trimmed to align.wav ;; NOMAD-0400 - Marilyn Dagenais - Chanson pour Papa/DEMO VOICE - Chanson pour Papa.mp3 ;; NOMAD-0400 - Marilyn Dagenais - Chanson pour Papa/Chanson pour papa MD v1.3.mp3
NOMAD-0401,Royal Navy,Heart of Oak,HIGH,name-match,mp3,6,1,,NOMAD-0401 - Royal Navy - Heart of Oak/Royal Navy - Heart of Oak.mp3,
NOMAD-0402,Tiamat,Cain,HIGH,youtube,wav,5,1,,NOMAD-0402 - Tiamat - Cain/Tiamat - Cain (YouTube cbyodXriMyI).wav,
NOMAD-0403,Marilyn Dagenais,You Make Me Sing,HIGH,name-match,mp3,3,3,,NOMAD-0403 - Marilyn Dagenais - You Make Me Sing/Marilyn Dagenais - You Make Me Sing.mp3,NOMAD-0403 - Marilyn Dagenais - You Make Me Sing/You Make Me Sing (with voice Charlie Dorion).wav ;; NOMAD-0403 - Marilyn Dagenais - You Make Me Sing/You Make Me Sing INSTRUMENTAL.wav
NOMAD-0404,Young and Restless,B Girls,HIGH,youtube,wav,6,2,,NOMAD-0404 - Young and Restless - B Girls/Young and Restless - B Girls (YouTube KO40JXBvLr0).wav,NOMAD-0404 - Young and Restless - B Girls/Young and Restless - B Girls.mp3
NOMAD-0405,Bug Hunter,Pinecones,HIGH,youtube,wav,6,2,,NOMAD-0405 - Bug Hunter - Pinecones/Bug Hunter - Pinecones (YouTube lbTRP-xw7uE).wav,NOMAD-0405 - Bug Hunter - Pinecones/Bug Hunter - Pinecones.mp3
NOMAD-0406,Streetlight Manifesto,With Any Sort of Certainty,HIGH,youtube,wav,6,2,,NOMAD-0406 - Streetlight Manifesto - With Any Sort of Certainty/Streetlight Manifesto - With Any Sort of Certainty (YouTube VrqnE1hOS4s).wav,NOMAD-0406 - Streetlight Manifesto - With Any Sort of Certainty/Streetlight Manifesto - With Any Sort of Certainty.mp3
NOMAD-0407,Marvin Gaye,God is Love,HIGH,youtube,wav,6,2,,NOMAD-0407 - Marvin Gaye - God is Love/Marvin Gaye - God is Love (YouTube 1aNMq-tOtYg).wav,NOMAD-0407 - Marvin Gaye - God is Love/Marvin Gaye - God is Love.mp3
NOMAD-0408,Ben&Ben,Maybe the Night,HIGH,youtube,wav,6,2,,NOMAD-0408 - Ben&Ben - Maybe the Night/Ben&Ben - Maybe the Night (YouTube YC_uJXpsYC4).wav,NOMAD-0408 - Ben&Ben - Maybe the Night/Ben&Ben - Maybe the Night.mp3
NOMAD-0409,Blink 182,Fell In Love,HIGH,youtube,wav,6,2,,NOMAD-0409 - Blink 182 - Fell In Love/Blink 182 - Fell In Love (YouTube IFoER-HAox4).wav,NOMAD-0409 - Blink 182 - Fell In Love/Blink 182 - Fell In Love.mp3
NOMAD-0410,Blink 182,Turpentine,HIGH,youtube,wav,6,2,,NOMAD-0410 - Blink 182 - Turpentine/Blink 182 - Turpentine (YouTube aQ8JZz5v3dg).wav,NOMAD-0410 - Blink 182 - Turpentine/Blink 182 - Turpentine.mp3
NOMAD-0411,Bryson Tiller,Right My Wrongs,HIGH,youtube,wav,6,2,,NOMAD-0411 - Bryson Tiller - Right My Wrongs/Bryson Tiller - Right my wrongs (YouTube 1lQDPOfMUIA).wav,NOMAD-0411 - Bryson Tiller - Right My Wrongs/Bryson Tiller - Right My Wrongs.mp3
NOMAD-0412,Chris Stapleton,Joy of My Life,HIGH,youtube,wav,6,2,,NOMAD-0412 - Chris Stapleton - Joy of My Life/Chris Stapleton - Joy of My Life (YouTube jsE_zp_4vyo).wav,NOMAD-0412 - Chris Stapleton - Joy of My Life/Chris Stapleton - Joy of My Life.mp3
NOMAD-0413,Marilyn Dagenais,L'hiver,HIGH,name-match,mp3,4,4,,NOMAD-0413 - Marilyn Dagenais - L'hiver/Marilyn Dagenais - L'hiver.mp3,NOMAD-0413 - Marilyn Dagenais - L'hiver/L'hiver - Marilyn (version finale).wav ;; NOMAD-0413 - Marilyn Dagenais - L'hiver/L'hiver - Marilyn (version finale) INSTRUMENTAL.mp3 ;; NOMAD-0413 - Marilyn Dagenais - L'hiver/L'hiver - Marilyn (version finale).mp3
NOMAD-0414,Metric,Who Would You Be For Me,HIGH,youtube,wav,6,2,,NOMAD-0414 - Metric - Who Would You Be For Me/Metric - Who Would You Be For Me (YouTube CNUgemJBLTw).wav,NOMAD-0414 - Metric - Who Would You Be For Me/Metric - Who Would You Be For Me.mp3
NOMAD-0415,Rex Orange County,Happiness,HIGH,youtube,wav,6,2,,NOMAD-0415 - Rex Orange County - Happiness/Rex Orange County - Happiness (YouTube dstuitW8PWM).wav,NOMAD-0415 - Rex Orange County - Happiness/Rex Orange County - Happiness.mp3
NOMAD-0416,Sheff G,Weight on Me,HIGH,youtube,wav,6,2,,NOMAD-0416 - Sheff G - Weight on Me/Sheff G - Weight on Me (YouTube z9a3pXKvNTE).wav,NOMAD-0416 - Sheff G - Weight on Me/Sheff G - Weight on Me.mp3
NOMAD-0417,Taylor Swift,I Knew You Were Trouble (Taylor's Version),HIGH,youtube,wav,6,2,,NOMAD-0417 - Taylor Swift - I Knew You Were Trouble (Taylor's Version)/Taylor Swift - I Knew You Were Trouble (Taylor's Version) (YouTube TqAollrUJdA).wav,NOMAD-0417 - Taylor Swift - I Knew You Were Trouble (Taylor's Version)/Taylor Swift - I Knew You Were Trouble (Taylor's Version).mp3
NOMAD-0418,Taylor Swift,You Belong With Me (Taylor's Version),HIGH,youtube,wav,6,2,,NOMAD-0418 - Taylor Swift - You Belong With Me (Taylor's Version)/Taylor Swift - You Belong With Me (Taylor's Version) (YouTube vwp8Ur6tO-8).wav,NOMAD-0418 - Taylor Swift - You Belong With Me (Taylor's Version)/Taylor Swift - You Belong With Me (Taylor's Version).mp3
NOMAD-0419,The 1975,Robbers,HIGH,youtube,wav,6,2,,NOMAD-0419 - The 1975 - Robbers/The 1975 - Robbers (YouTube wjHgiSx0RNQ).wav,NOMAD-0419 - The 1975 - Robbers/The 1975 - Robbers.mp3
NOMAD-0420,Unknown,Before the Screen Reads Fin,HIGH,name-match,mp3,4,3,,NOMAD-0420 - Unknown - Before the Screen Reads Fin/Unknown - Before the Screen Reads Fin.mp3,NOMAD-0420 - Unknown - Before the Screen Reads Fin/Before the Screen Reads Fin- Demo Voice.mp3 ;; NOMAD-0420 - Unknown - Before the Screen Reads Fin/Before the Screen Reads Fin- Track.mp3
NOMAD-0421,ACDC,Gone Shootin',HIGH,youtube,wav,6,2,,NOMAD-0421 - ACDC - Gone Shootin'/AC_DC - Gone Shootin' (YouTube x7XscWqgdzI).wav,NOMAD-0421 - ACDC - Gone Shootin'/ACDC - Gone Shootin'.mp3
NOMAD-0422,Ozzy Osbourne,You're No Different,HIGH,youtube,wav,6,2,,NOMAD-0422 - Ozzy Osbourne - You're No Different/Ozzy Osbourne - You're No Different (YouTube 09vFKfpyuII).wav,NOMAD-0422 - Ozzy Osbourne - You're No Different/Ozzy Osbourne - You're No Different.mp3
NOMAD-0423,Alice Cooper,He's Back (The Man Behind The Mask),HIGH,youtube,wav,6,2,,NOMAD-0423 - Alice Cooper - He's Back (The Man Behind The Mask)/Alice Cooper - He's Back (The Man Behind The Mask) (YouTube xz-y3SJyEVA).wav,NOMAD-0423 - Alice Cooper - He's Back (The Man Behind The Mask)/Alice Cooper - He's Back (The Man Behind The Mask).mp3
NOMAD-0424,Echo and The Bunnymen,New Direction,HIGH,youtube,wav,6,2,,NOMAD-0424 - Echo and The Bunnymen - New Direction/Echo and The Bunnymen - New Direction (YouTube a7_trPBfNU8).wav,NOMAD-0424 - Echo and The Bunnymen - New Direction/Echo and The Bunnymen - New Direction.mp3
NOMAD-0425,Iggy Pop,Tell Me a Story,HIGH,youtube,wav,6,2,,NOMAD-0425 - Iggy Pop - Tell Me a Story/Iggy Pop - Tell Me a Story (YouTube GVru8pBsXLU).wav,NOMAD-0425 - Iggy Pop - Tell Me a Story/Iggy Pop - Tell Me a Story.mp3
NOMAD-0426,Left Boy,Security Check,HIGH,youtube,wav,6,2,,NOMAD-0426 - Left Boy - Security Check/Left Boy - Security Check (YouTube cMzkbpZfgSc).wav,NOMAD-0426 - Left Boy - Security Check/Left Boy - Security Check.mp3
NOMAD-0427,The Lemonheads,If I Could Talk I’d Tell You,HIGH,youtube,wav,6,2,,NOMAD-0427 - The Lemonheads - If I Could Talk I’d Tell You/The Lemonheads - If I Could Talk I’d Tell You (YouTube 7O_MGiEcSLc).wav,NOMAD-0427 - The Lemonheads - If I Could Talk I’d Tell You/The Lemonheads - If I Could Talk I’d Tell You.mp3
NOMAD-0428,They Might Be Giants,Dinner Bell,HIGH,youtube,wav,6,2,,NOMAD-0428 - They Might Be Giants - Dinner Bell/They Might Be Giants - Dinner bell (YouTube nCY7rXF91JA).wav,NOMAD-0428 - They Might Be Giants - Dinner Bell/They Might Be Giants - Dinner Bell.mp3
NOMAD-0429,XTC,Scissor Man,HIGH,youtube,wav,6,2,,NOMAD-0429 - XTC - Scissor Man/XTC - Scissor Man (YouTube 1z_m58cT8Lo).wav,NOMAD-0429 - XTC - Scissor Man/XTC - Scissor Man.mp3
NOMAD-0430,XTC,The Smartest Monkeys,HIGH,youtube,wav,6,2,,NOMAD-0430 - XTC - The Smartest Monkeys/XTC - The Smartest Monkeys (YouTube L17PFScq4Y4).wav,NOMAD-0430 - XTC - The Smartest Monkeys/XTC - The Smartest Monkeys.mp3
NOMAD-0431,Marilyn Dagenais,Un peu de lumière,HIGH,name-match,mp3,3,3,,NOMAD-0431 - Marilyn Dagenais - Un peu de lumière/Marilyn Dagenais - Un peu de lumière.mp3,NOMAD-0431 - Marilyn Dagenais - Un peu de lumière/Un peu de lumiere demo for Andrew.mp3 ;; NOMAD-0431 - Marilyn Dagenais - Un peu de lumière/Un peu de lumière MD v1.3 sans choriste.mp3
NOMAD-0432,Bad Lip Reading,Black Umbrella,HIGH,youtube,wav,6,2,,NOMAD-0432 - Bad Lip Reading - Black Umbrella/Bad Lip Reading - Black Umbrella (YouTube ii5IUihNuno).wav,NOMAD-0432 - Bad Lip Reading - Black Umbrella/Bad Lip Reading - Black Umbrella.mp3
NOMAD-0433,Bruno Mars,The Lazy Song (Non-Lazy Parody),HIGH,youtube,wav,6,2,,NOMAD-0433 - Bruno Mars - The Lazy Song (Non-Lazy Parody)/Bruno Mars - The Lazy Song (YouTube fLexgOxsZu0).wav,NOMAD-0433 - Bruno Mars - The Lazy Song (Non-Lazy Parody)/Bruno Mars - The Lazy Song (Non-Lazy Parody).mp3
NOMAD-0434,Marilyn Dagenais,Si je t'aime,HIGH,name-match,mp3,6,5,,NOMAD-0434 - Marilyn Dagenais - Si je t'aime/Marilyn Dagenais - Si je t'aime.mp3,NOMAD-0434 - Marilyn Dagenais - Si je t'aime/Si je t'aime instrumental.wav ;; NOMAD-0434 - Marilyn Dagenais - Si je t'aime/16-Si-je-t-aime-2023-MIX-2-Masterisé mp3.wav ;; NOMAD-0434 - Marilyn Dagenais - Si je t'aime/Si je t aime no voice.mp3
NOMAD-0435,Jerry Lee Lewis,Meat Man,HIGH,name-match,wav,6,3,,NOMAD-0435 - Jerry Lee Lewis - Meat Man/Jerry Lee Lewis - Meat Man.wav,NOMAD-0435 - Jerry Lee Lewis - Meat Man/Jerry Lee Lewis - Meat Man.mp3 ;; NOMAD-0435 - Jerry Lee Lewis - Meat Man/01 - Meat Man.flac
NOMAD-0436,Shovels & Rope,Birmingham,HIGH,name-match,wav,6,3,,NOMAD-0436 - Shovels & Rope - Birmingham/Shovels & Rope - Birmingham.wav,NOMAD-0436 - Shovels & Rope - Birmingham/Shovels & Rope - Birmingham.mp3 ;; NOMAD-0436 - Shovels & Rope - Birmingham/01 - Birmingham.flac
NOMAD-0437,Wolfe Tones,Rock On Rockall,HIGH,name-match,mp3,6,2,,NOMAD-0437 - Wolfe Tones - Rock On Rockall/Wolfe Tones - Rock On Rockall.mp3,NOMAD-0437 - Wolfe Tones - Rock On Rockall/5exJ2-ra7hU-Rock-on-Rockall.wav
NOMAD-0438,James Rado,Where Do I Go? (From Hair),HIGH,youtube,wav,6,2,,NOMAD-0438 - James Rado - Where Do I Go? (From Hair)/James Rado - Where Do I Go (YouTube MxQ_8-WPBZ0).wav,NOMAD-0438 - James Rado - Where Do I Go? (From Hair)/James Rado - Where Do I Go? (From Hair).mp3
NOMAD-0439,Andrea Bocelli,Gloria in Excelsis Deo,HIGH,youtube,wav,5,1,,NOMAD-0439 - Andrea Bocelli - Gloria in Excelsis Deo/Andrea Bocelli - Gloria in Excelsis Deo (YouTube vkZ4dBOcq2I).wav,
NOMAD-0440,ABBA,The Day Before You Came,HIGH,youtube,wav,6,2,,NOMAD-0440 - ABBA - The Day Before You Came/ABBA - The Day Before You Came (YouTube 1HnOFwqpLRQ).wav,NOMAD-0440 - ABBA - The Day Before You Came/ABBA - The Day Before You Came.mp3
NOMAD-0441,Fleet Foxes,He Doesn’t Know Why,HIGH,youtube,wav,6,2,,NOMAD-0441 - Fleet Foxes - He Doesn’t Know Why/Fleet Foxes - He Doesn’t Know Why (YouTube brZTvGIzeGg).wav,NOMAD-0441 - Fleet Foxes - He Doesn’t Know Why/Fleet Foxes - He Doesn’t Know Why.mp3
NOMAD-0442,The Drifters,Up On The Roof,HIGH,youtube,wav,6,2,,NOMAD-0442 - The Drifters - Up On The Roof/The Drifters - Up On The Roof (YouTube b_ksNvivbEI).wav,NOMAD-0442 - The Drifters - Up On The Roof/The Drifters - Up On The Roof.mp3
NOMAD-0443,The Seekers,California Dreamin',HIGH,youtube,wav,8,1,,NOMAD-0443 - The Seekers - California Dreamin'/The Seekers - California Dreamin' (YouTube PFmgrcoUSgs).wav,
NOMAD-0444,Fleet Foxes,Silver Dagger,HIGH,youtube,wav,6,2,,NOMAD-0444 - Fleet Foxes - Silver Dagger/Fleet Foxes - Silver Dagger (YouTube pKAim7dJjjg).wav,NOMAD-0444 - Fleet Foxes - Silver Dagger/Fleet Foxes - Silver Dagger.mp3
NOMAD-0445,She Wants Revenge,Broken Promises For Broken Hearts,HIGH,youtube,wav,6,2,,NOMAD-0445 - She Wants Revenge - Broken Promises For Broken Hearts/She Wants Revenge - Broken Promises For Broken Hearts (YouTube pOlbu-_2Ha4).wav,NOMAD-0445 - She Wants Revenge - Broken Promises For Broken Hearts/She Wants Revenge - Broken Promises For Broken Hearts.mp3
NOMAD-0446,Ken Ashcorp,On The Rocks,HIGH,youtube,wav,7,2,,NOMAD-0446 - Ken Ashcorp - On The Rocks/Ken Ashcorp - On The Rocks (YouTube zH_RlepY3GQ).wav,NOMAD-0446 - Ken Ashcorp - On The Rocks/Ken Ashcorp - On The Rocks.mp3
NOMAD-0447,Z-Ro,Mo City Don Freestyle,HIGH,youtube,wav,6,2,,NOMAD-0447 - Z-Ro - Mo City Don Freestyle/Z-Ro - Mo City Don Freestyle (YouTube 0-2QA8C19uQ).wav,NOMAD-0447 - Z-Ro - Mo City Don Freestyle/Z-Ro - Mo City Don Freestyle.mp3
NOMAD-0448,The Time,Cool,HIGH,name-match,wav,3,2,,NOMAD-0448 - The Time - Cool/The Time - Cool.wav,NOMAD-0448 - The Time - Cool/The Time - Cool.mp3
NOMAD-0449,Urban Cookie Collective,"The Key, The Secret",HIGH,youtube,wav,6,2,,"NOMAD-0449 - Urban Cookie Collective - The Key, The Secret/Urban Cookie Collective - The Key, The Secret (YouTube 2wyv52Ahry0).wav","NOMAD-0449 - Urban Cookie Collective - The Key, The Secret/Urban Cookie Collective - The Key, The Secret.mp3"
NOMAD-0450,Melissa Etheridge,Meet Me In The Back,HIGH,youtube,wav,6,2,,NOMAD-0450 - Melissa Etheridge - Meet Me In The Back/Melissa Etheridge - Meet Me In The Back (YouTube 7cjDKoD8PL0).wav,NOMAD-0450 - Melissa Etheridge - Meet Me In The Back/Melissa Etheridge - Meet Me In The Back.mp3
NOMAD-0451,Garfunkel And Oates,I Get to Do It With You,HIGH,youtube,wav,6,2,,NOMAD-0451 - Garfunkel And Oates - I Get to Do It With You/Garfunkel And Oates - I Get to Do It With You (YouTube 89z2b1hJ9TI).wav,NOMAD-0451 - Garfunkel And Oates - I Get to Do It With You/Garfunkel And Oates - I Get to Do It With You (YouTube 89z2b1hJ9TI).webm
NOMAD-0452,A Fine Frenzy,"Come On, Come Out",HIGH,youtube,wav,7,3,,"NOMAD-0452 - A Fine Frenzy - Come On, Come Out/A Fine Frenzy - Come On, Come Out (YouTube JY52MfkLWNQ).wav","NOMAD-0452 - A Fine Frenzy - Come On, Come Out/A Fine Frenzy - Come On, Come Out (YouTube JY52MfkLWNQ).webm ;; NOMAD-0452 - A Fine Frenzy - Come On, Come Out/A Fine Frenzy - Come On, Come Out.mp3"
NOMAD-0453,A Fine Frenzy,Rangers,HIGH,youtube,wav,7,3,,NOMAD-0453 - A Fine Frenzy - Rangers/A Fine Frenzy - Rangers (YouTube l4mCcQZ7Vjk).wav,NOMAD-0453 - A Fine Frenzy - Rangers/A Fine Frenzy - Rangers (YouTube l4mCcQZ7Vjk).webm ;; NOMAD-0453 - A Fine Frenzy - Rangers/A Fine Frenzy - Rangers.mp3
NOMAD-0454,Ken Ashcorp,PVP,HIGH,youtube,wav,6,3,,NOMAD-0454 - Ken Ashcorp - PVP/Ken Ashcorp - PVP (YouTube u5lJ7tXWz74).wav,NOMAD-0454 - Ken Ashcorp - PVP/Ken Ashcorp - PVP (YouTube u5lJ7tXWz74).webm ;; NOMAD-0454 - Ken Ashcorp - PVP/Ken Ashcorp - PVP.mp3
NOMAD-0455,A Fine Frenzy,Almost Lover,HIGH,youtube,wav,7,3,,NOMAD-0455 - A Fine Frenzy - Almost Lover/A Fine Frenzy - Almost Lover (YouTube I_S_TbD1XFM).wav,NOMAD-0455 - A Fine Frenzy - Almost Lover/A Fine Frenzy - Almost Lover (YouTube I_S_TbD1XFM).webm ;; NOMAD-0455 - A Fine Frenzy - Almost Lover/A Fine Frenzy - Almost Lover.mp3
NOMAD-0456,A Fine Frenzy,You Picked Me,HIGH,youtube,wav,7,3,,NOMAD-0456 - A Fine Frenzy - You Picked Me/A Fine Frenzy - You Picked Me (YouTube -G_Q2knArU4).wav,NOMAD-0456 - A Fine Frenzy - You Picked Me/A Fine Frenzy - You Picked Me (YouTube -G_Q2knArU4).webm ;; NOMAD-0456 - A Fine Frenzy - You Picked Me/A Fine Frenzy - You Picked Me.mp3
NOMAD-0457,Peach PRC,God Is A Freak,HIGH,youtube,wav,7,3,,NOMAD-0457 - Peach PRC - God Is A Freak/Peach PRC - God Is A Freak (YouTube e07I7io1myI).wav,NOMAD-0457 - Peach PRC - God Is A Freak/Peach PRC - God Is A Freak (YouTube e07I7io1myI).webm ;; NOMAD-0457 - Peach PRC - God Is A Freak/Peach PRC - God Is A Freak.mp3
NOMAD-0458,Righteous Brothers,See That Girl,HIGH,original,wav,32,10,,"NOMAD-0458 - Righteous Brothers - See That Girl/Righteous Brothers - See That Girl (Original Audio From 2005, Polydor B0005329-02, Gold CD).wav",NOMAD-0458 - Righteous Brothers - See That Girl/Righteous Brothers - See That Girl (YouTube WTwXNqfUcLg).wav ;; NOMAD-0458 - Righteous Brothers - See That Girl/OldFirstAttemptPoorQualityAudioFromYouTube/Righteous Brothers - See That Girl (YouTube WTwXNqfUcLg).wav ;; NOMAD-0458 - Righteous Brothers - See That Girl/DifferentOriginalRecordingsSeparationTesting/Righteous Brothers - See That Girl (YouTube WTwXNqfUcLg).webm
NOMAD-0459,Blue Eyed Blondes,Maneater,HIGH,youtube,wav,7,3,,NOMAD-0459 - Blue Eyed Blondes - Maneater/Blue Eyed Blondes - Maneater (YouTube ECeU9Dr14qE).wav,NOMAD-0459 - Blue Eyed Blondes - Maneater/Blue Eyed Blondes - Maneater (YouTube ECeU9Dr14qE).webm ;; NOMAD-0459 - Blue Eyed Blondes - Maneater/Blue Eyed Blondes - Maneater.mp3
NOMAD-0460,piri & tommy,on & on,HIGH,youtube,wav,11,3,,NOMAD-0460 - piri & tommy - on & on/piri & tommy - on & on (YouTube P0_S9JJ16fY).wav,NOMAD-0460 - piri & tommy - on & on/piri & tommy - on & on (YouTube P0_S9JJ16fY).webm ;; NOMAD-0460 - piri & tommy - on & on/piri & tommy - on & on.mp3
NOMAD-0461,Sudley ft. piri,fumble,HIGH,youtube,wav,11,3,,NOMAD-0461 - Sudley ft. piri - fumble/Sudley ft. piri - fumble (YouTube ePaajRhReUc).wav,NOMAD-0461 - Sudley ft. piri - fumble/Sudley ft. piri - fumble (YouTube ePaajRhReUc).webm ;; NOMAD-0461 - Sudley ft. piri - fumble/Sudley ft. piri - fumble.mp3
NOMAD-0462,A Fine Frenzy,Ashes And Wine,HIGH,youtube,wav,7,3,,NOMAD-0462 - A Fine Frenzy - Ashes And Wine/A Fine Frenzy - Ashes And Wine (YouTube b0a8k0BlAOE).wav,NOMAD-0462 - A Fine Frenzy - Ashes And Wine/A Fine Frenzy - Ashes And Wine (YouTube b0a8k0BlAOE).webm ;; NOMAD-0462 - A Fine Frenzy - Ashes And Wine/A Fine Frenzy - Ashes And Wine.mp3
NOMAD-0463,A Fine Frenzy,The Minnow & The Trout,HIGH,youtube,wav,7,3,,NOMAD-0463 - A Fine Frenzy - The Minnow & The Trout/A Fine Frenzy - The Minnow & The Trout (YouTube Eq_-mEZGipo).wav,NOMAD-0463 - A Fine Frenzy - The Minnow & The Trout/A Fine Frenzy - The Minnow & The Trout (YouTube Eq_-mEZGipo).webm ;; NOMAD-0463 - A Fine Frenzy - The Minnow & The Trout/A Fine Frenzy - The Minnow & The Trout.mp3
NOMAD-0464,Tame Impala,The Boat I Row,HIGH,youtube,wav,11,2,,NOMAD-0464 - Tame Impala - The Boat I Row/Tame Impala - The Boat I Row (Youtube j706aSetFbI).wav,NOMAD-0464 - Tame Impala - The Boat I Row/Tame Impala - The Boat I Row (Youtube j706aSetFbI).webm
NOMAD-0465,Spinal Tap,Rainy Day Sun,HIGH,youtube,wav,11,2,,NOMAD-0465 - Spinal Tap - Rainy Day Sun/Spinal Tap - Rainy Day Sun (Youtube BQfieG8RqHg).wav,NOMAD-0465 - Spinal Tap - Rainy Day Sun/Spinal Tap - Rainy Day Sun (Youtube BQfieG8RqHg).webm
NOMAD-0466,Röyksopp,Running To The Sea,HIGH,youtube,wav,11,2,,NOMAD-0466 - Röyksopp - Running To The Sea/Röyksopp - Running To The Sea (Youtube eFZ0s-1-ccA).wav,NOMAD-0466 - Röyksopp - Running To The Sea/Röyksopp - Running To The Sea (Youtube eFZ0s-1-ccA).webm
NOMAD-0467,Röyksopp,"Oh, Lover",HIGH,youtube,wav,11,2,,"NOMAD-0467 - Röyksopp - Oh, Lover/Röyksopp - Oh, Lover (Youtube -s_6LjSmZqo).wav","NOMAD-0467 - Röyksopp - Oh, Lover/Röyksopp - Oh, Lover (Youtube -s_6LjSmZqo).webm"
NOMAD-0468,Röyksopp,Monument,HIGH,youtube,wav,11,2,,NOMAD-0468 - Röyksopp - Monument/Röyksopp - Monument (Youtube w64PybOJ8RQ).wav,NOMAD-0468 - Röyksopp - Monument/Röyksopp - Monument (Youtube w64PybOJ8RQ).webm
NOMAD-0469,Röyksopp,Only This Moment,HIGH,youtube,wav,11,2,,NOMAD-0469 - Röyksopp - Only This Moment/Röyksopp - Only This Moment (Youtube ze9Oei__Vvg).wav,NOMAD-0469 - Röyksopp - Only This Moment/Röyksopp - Only This Moment (Youtube ze9Oei__Vvg).webm
NOMAD-0470,Röyksopp,The Girl And The Robot,HIGH,youtube,wav,11,2,,NOMAD-0470 - Röyksopp - The Girl And The Robot/Röyksopp - The Girl And The Robot (Youtube RDaORdlN_Y0).wav,NOMAD-0470 - Röyksopp - The Girl And The Robot/Röyksopp - The Girl And The Robot (Youtube RDaORdlN_Y0).webm
NOMAD-0471,Röyksopp,49 Percent,HIGH,youtube,wav,11,2,,NOMAD-0471 - Röyksopp - 49 Percent/Röyksopp - 49 Percent (Youtube i0r0Dc7TyV4).wav,NOMAD-0471 - Röyksopp - 49 Percent/Röyksopp - 49 Percent (Youtube i0r0Dc7TyV4).webm
NOMAD-0472,Maisi & piri,head,HIGH,youtube,wav,11,2,,NOMAD-0472 - Maisi & piri - head/Maisi & piri - head (Youtube kyESqvnjAdQ).wav,NOMAD-0472 - Maisi & piri - head/Maisi & piri - head (Youtube kyESqvnjAdQ).webm
NOMAD-0473,Django Django,Default,HIGH,youtube,wav,11,2,,NOMAD-0473 - Django Django - Default/Django Django - Default (Youtube kzwlJdEq1Rk).wav,NOMAD-0473 - Django Django - Default/Django Django - Default (Youtube kzwlJdEq1Rk).webm
NOMAD-0474,Django Django,Hail Bop,HIGH,youtube,wav,11,2,,NOMAD-0474 - Django Django - Hail Bop/Django Django - Hail Bop (Youtube QK1m__CqWAk).wav,NOMAD-0474 - Django Django - Hail Bop/Django Django - Hail Bop (Youtube QK1m__CqWAk).webm
NOMAD-0475,piri & tommy,silver lining,HIGH,local,flac,11,2,,NOMAD-0475 - piri & tommy - silver lining/piri & tommy - silver lining (Local).flac,NOMAD-0475 - piri & tommy - silver lining/piri & tommy - silver lining (Local).wav
NOMAD-0476,Daniel O'Donnell,Galway Bay,HIGH,youtube,wav,11,2,,NOMAD-0476 - Daniel O'Donnell - Galway Bay/Daniel O'Donnell - Galway Bay (Youtube dKzhR3ughTE).wav,NOMAD-0476 - Daniel O'Donnell - Galway Bay/Daniel O'Donnell - Galway Bay (Youtube dKzhR3ughTE).webm
NOMAD-0477,Daniel O'Donnell,I'll Take You Home Again Kathleen,HIGH,youtube,wav,11,2,,NOMAD-0477 - Daniel O'Donnell - I'll Take You Home Again Kathleen/Daniel O'Donnell - I'll Take You Home Again Kathleen (Youtube iZjGLOUgDlk).wav,NOMAD-0477 - Daniel O'Donnell - I'll Take You Home Again Kathleen/Daniel O'Donnell - I'll Take You Home Again Kathleen (Youtube iZjGLOUgDlk).webm
NOMAD-0478,Daniel O'Donnell,Mountains of Mourne,HIGH,youtube,wav,11,2,,NOMAD-0478 - Daniel O'Donnell - Mountains of Mourne/Daniel O'Donnell - Mountains of Mourne (Youtube wuWUJ41jjAM).wav,NOMAD-0478 - Daniel O'Donnell - Mountains of Mourne/Daniel O'Donnell - Mountains of Mourne (Youtube wuWUJ41jjAM).webm
NOMAD-0479,Daniel O'Donnell,"Medley_ It's a Long Way to Tipperary _ Pack up Your Troubles _ If You're Irish, Come into the Parlour",HIGH,youtube,wav,11,2,,"NOMAD-0479 - Daniel O'Donnell - Medley_ It's a Long Way to Tipperary _ Pack up Your Troubles _ If You're Irish, Come into the Parlour/Daniel O'Donnell - Medley_ It's a Long Way to Tipperary _ Pack up Your Troubles _ If You're Irish, Come into the Parlour (Youtube s1sc5CIxgz4).wav","NOMAD-0479 - Daniel O'Donnell - Medley_ It's a Long Way to Tipperary _ Pack up Your Troubles _ If You're Irish, Come into the Parlour/Daniel O'Donnell - Medley_ It's a Long Way to Tipperary _ Pack up Your Troubles _ If You're Irish, Come into the Parlour (Youtube s1sc5CIxgz4).webm"
NOMAD-0480,Jackson Singleton,Disguise,HIGH,local,wav,11,2,,NOMAD-0480 - Jackson Singleton - Disguise/Jackson Singleton - Disguise (Local).wav,NOMAD-0480 - Jackson Singleton - Disguise/Jackson Singleton - Disguise (Local).m4a
NOMAD-0481,Ken Ashcorp,Dare You To Love Me,HIGH,youtube,wav,10,1,,NOMAD-0481 - Ken Ashcorp - Dare You To Love Me/Ken Ashcorp - Dare You To Love Me (Youtube -DSH6D7WcY0).wav,
NOMAD-0482,A Fine Frenzy,Borrowed Time,HIGH,youtube,wav,7,2,,NOMAD-0482 - A Fine Frenzy - Borrowed Time/A Fine Frenzy - Borrowed Time (YouTube afROT9qtFXA).wav,NOMAD-0482 - A Fine Frenzy - Borrowed Time/A Fine Frenzy - Borrowed Time (YouTube afROT9qtFXA).webm
NOMAD-0483,A Fine Frenzy,Last Of Days,HIGH,youtube,wav,7,2,,NOMAD-0483 - A Fine Frenzy - Last Of Days/A Fine Frenzy - Last Of Days (YouTube xQ9QOy69-bE).wav,NOMAD-0483 - A Fine Frenzy - Last Of Days/A Fine Frenzy - Last Of Days (YouTube xQ9QOy69-bE).webm
NOMAD-0484,A Fine Frenzy,Hope For The Hopeless,HIGH,youtube,wav,7,2,,NOMAD-0484 - A Fine Frenzy - Hope For The Hopeless/A Fine Frenzy - Hope For The Hopeless (YouTube qOSUvgNMuWA).wav,NOMAD-0484 - A Fine Frenzy - Hope For The Hopeless/A Fine Frenzy - Hope For The Hopeless (YouTube qOSUvgNMuWA).webm
NOMAD-0485,A Fine Frenzy,"Liar, Liar",HIGH,youtube,wav,7,2,,"NOMAD-0485 - A Fine Frenzy - Liar, Liar/A Fine Frenzy - Liar, Liar (YouTube Xm0uuout1fk).wav","NOMAD-0485 - A Fine Frenzy - Liar, Liar/A Fine Frenzy - Liar, Liar (YouTube Xm0uuout1fk).webm"
NOMAD-0486,A Fine Frenzy,Lifesize,HIGH,youtube,wav,7,2,,NOMAD-0486 - A Fine Frenzy - Lifesize/A Fine Frenzy - Lifesize (YouTube 4HCdrVUVC9A).wav,NOMAD-0486 - A Fine Frenzy - Lifesize/A Fine Frenzy - Lifesize (YouTube 4HCdrVUVC9A).webm
NOMAD-0487,A Fine Frenzy,Near To You,HIGH,youtube,wav,7,2,,NOMAD-0487 - A Fine Frenzy - Near To You/A Fine Frenzy - Near To You (YouTube aYLCynqAl8U).wav,NOMAD-0487 - A Fine Frenzy - Near To You/A Fine Frenzy - Near To You (YouTube aYLCynqAl8U).webm
NOMAD-0488,A Fine Frenzy,Think Of You,HIGH,youtube,wav,7,2,,NOMAD-0488 - A Fine Frenzy - Think Of You/A Fine Frenzy - Think Of You (YouTube hga-eVWhRfo).wav,NOMAD-0488 - A Fine Frenzy - Think Of You/A Fine Frenzy - Think Of You (YouTube hga-eVWhRfo).webm
NOMAD-0489,A Fine Frenzy,Whisper,HIGH,youtube,wav,7,2,,NOMAD-0489 - A Fine Frenzy - Whisper/A Fine Frenzy - Whisper (YouTube 7FzKMAH4tHw).wav,NOMAD-0489 - A Fine Frenzy - Whisper/A Fine Frenzy - Whisper (YouTube 7FzKMAH4tHw).webm
NOMAD-0490,piri & tommy,settle,HIGH,local,flac,11,2,,NOMAD-0490 - piri & tommy - settle/piri & tommy - settle (Local).flac,NOMAD-0490 - piri & tommy - settle/piri & tommy - settle (Local).wav
NOMAD-0491,piri & tommy,soft spot,HIGH,local,flac,11,2,,NOMAD-0491 - piri & tommy - soft spot/piri & tommy - soft spot (Local).flac,NOMAD-0491 - piri & tommy - soft spot/piri & tommy - soft spot (Local).wav
NOMAD-0492,piri & tommy,sunlight,HIGH,local,flac,11,2,,NOMAD-0492 - piri & tommy - sunlight/piri & tommy - sunlight (Local).flac,NOMAD-0492 - piri & tommy - sunlight/piri & tommy - sunlight (Local).wav
NOMAD-0493,piri & tommy,beachin,HIGH,local,flac,11,2,,NOMAD-0493 - piri & tommy - beachin/piri & tommy - beachin (Local).flac,NOMAD-0493 - piri & tommy - beachin/piri & tommy - beachin (Local).wav
NOMAD-0494,piri & tommy,player 2,HIGH,local,flac,11,2,,NOMAD-0494 - piri & tommy - player 2/piri & tommy - player 2 (Local).flac,NOMAD-0494 - piri & tommy - player 2/piri & tommy - player 2 (Local).wav
NOMAD-0495,piri & tommy,can we,HIGH,local,flac,11,2,,NOMAD-0495 - piri & tommy - can we/piri & tommy - can we (Local).flac,NOMAD-0495 - piri & tommy - can we/piri & tommy - can we (Local).wav
NOMAD-0496,piri & tommy,easy,HIGH,local,flac,11,2,,NOMAD-0496 - piri & tommy - easy/piri & tommy - easy (Local).flac,NOMAD-0496 - piri & tommy - easy/piri & tommy - easy (Local).wav
NOMAD-0497,piri & tommy,say it,HIGH,local,flac,11,2,,NOMAD-0497 - piri & tommy - say it/piri & tommy - say it (Local).flac,NOMAD-0497 - piri & tommy - say it/piri & tommy - say it (Local).wav
NOMAD-0498,piri & tommy,slowly but surely,HIGH,local,flac,11,2,,NOMAD-0498 - piri & tommy - slowly but surely/piri & tommy - slowly but surely (Local).flac,NOMAD-0498 - piri & tommy - slowly but surely/piri & tommy - slowly but surely (Local).wav
NOMAD-0499,piri & tommy,words,HIGH,local,flac,11,2,,NOMAD-0499 - piri & tommy - words/piri & tommy - words (Local).flac,NOMAD-0499 - piri & tommy - words/piri & tommy - words (Local).wav
NOMAD-0500,piri & tommy,nice 2 me,HIGH,youtube,wav,11,2,,NOMAD-0500 - piri & tommy - nice 2 me/piri & tommy - nice 2 me (Youtube lIAA1AGQeOA).wav,NOMAD-0500 - piri & tommy - nice 2 me/piri & tommy - nice 2 me (Youtube lIAA1AGQeOA).webm
NOMAD-0501,Tony Bennett & k.d.lang,What A Wonderful World,HIGH,youtube,wav,15,3,,NOMAD-0501 - Tony Bennett & k.d.lang - What A Wonderful World/Tony Bennett & k.d.lang - What A Wonderful World (Youtube ot5p0kIn_no).wav,NOMAD-0501 - Tony Bennett & k.d.lang - What A Wonderful World/Tony Bennett & k.d.lang - What A Wonderful World (Youtube ot5p0kIn_no).webm ;; NOMAD-0501 - Tony Bennett & k.d.lang - What A Wonderful World/Blue/Tony Bennett & k.d.lang - What A Wonderful World.mp3
NOMAD-0502,Ying Yang Twins,Georgia Dome,HIGH,youtube,wav,11,2,,NOMAD-0502 - Ying Yang Twins - Georgia Dome/Ying Yang Twins - Georgia Dome (Youtube 25_zvHLY5XA).wav,NOMAD-0502 - Ying Yang Twins - Georgia Dome/Ying Yang Twins - Georgia Dome (Youtube 25_zvHLY5XA).webm
NOMAD-0503,Daniel O'Donnell,"Medley_ Galway Bay, The Mountains Of Mourne, I'll Take You Home Again Kathleen",HIGH,local,wav,17,5,,"NOMAD-0503 - Daniel O'Donnell - Medley_ Galway Bay, The Mountains Of Mourne, I'll Take You Home Again Kathleen/Daniel O'Donnell - Medley_ Galway Bay, The Mountains Of Mourne, I'll Take You Home Again Kathleen (Local).wav","NOMAD-0503 - Daniel O'Donnell - Medley_ Galway Bay, The Mountains Of Mourne, I'll Take You Home Again Kathleen/Medley With 5 Seconds Additional Intro Silence/Daniel O'Donnell - Medley_ Galway Bay, The Mountains Of Mourne, I'll Take You Home Again Kathleen (Local5SecsSilence).wav ;; NOMAD-0503 - Daniel O'Donnell - Medley_ Galway Bay, The Mountains Of Mourne, I'll Take You Home Again Kathleen/Fiverr Inputs and Audacity Project/onlymp3.to - Daniel O Donnell The Mountains Of Mourne-8GELxZWjTGI-192k-1705792405.mp3 ;; NOMAD-0503 - Daniel O'Donnell - Medley_ Galway Bay, The Mountains Of Mourne, I'll Take You Home Again Kathleen/Fiverr Inputs and Audacity Project/onlymp3.to - Daniel O Donnell I ll Take You Home Again Kathleen-5yKtP5gf1us-192k-1705792174.mp3"
NOMAD-0504,The Beatles,In My Life,HIGH,youtube,wav,15,2,,NOMAD-0504 - The Beatles - In My Life/The Beatles - In My Life (Youtube YBcdt6DsLQA).wav,NOMAD-0504 - The Beatles - In My Life/The Beatles - In My Life (Youtube YBcdt6DsLQA).webm
NOMAD-0505,Truck Stop,Komm her du bist mein Cowboy,HIGH,local,wav,7,2,,NOMAD-0505 - Truck Stop - Komm her du bist mein Cowboy/Truck Stop - Komm her du bist mein Cowboy (Local).wav,NOMAD-0505 - Truck Stop - Komm her du bist mein Cowboy/Truck Stop - Komm her du bist mein Cowboy (Local).mp3
NOMAD-0506,Linda Feller,Du gabst ihr deinen Namen,HIGH,local,wav,7,2,,NOMAD-0506 - Linda Feller - Du gabst ihr deinen Namen/Linda Feller - Du gabst ihr deinen Namen (Local).wav,NOMAD-0506 - Linda Feller - Du gabst ihr deinen Namen/Linda Feller - Du gabst ihr deinen Namen (Local).mp3
NOMAD-0507,Victoria OB,Yeshua,HIGH,local,wav,23,4,,NOMAD-0507 - Victoria OB - Yeshua/Victoria OB - Yeshua (Local).wav,NOMAD-0507 - Victoria OB - Yeshua/Victoria OB - Yeshua (Local).m4a ;; NOMAD-0507 - Victoria OB - Yeshua/slowj yesh v9.wav ;; NOMAD-0507 - Victoria OB - Yeshua/slowj yesh v4 instrumental.wav
NOMAD-0508,Matthew Morrison,Somewhere Over the Rainbow,HIGH,local,flac,19,2,,NOMAD-0508 - Matthew Morrison - Somewhere Over the Rainbow/Matthew Morrison - Somewhere Over the Rainbow (Local).flac,NOMAD-0508 - Matthew Morrison - Somewhere Over the Rainbow/Matthew Morrison - Somewhere Over the Rainbow (Local).wav
NOMAD-0509,fun.,Benson Hedges,HIGH,local,flac,19,2,,NOMAD-0509 - fun. - Benson Hedges/fun. - Benson Hedges (Local).flac,NOMAD-0509 - fun. - Benson Hedges/fun. - Benson Hedges (Local).wav
NOMAD-0510,fun.,All the Pretty Girls,HIGH,local,flac,19,2,,NOMAD-0510 - fun. - All the Pretty Girls/fun. - All the Pretty Girls (Local).flac,NOMAD-0510 - fun. - All the Pretty Girls/fun. - All the Pretty Girls (Local).wav
NOMAD-0511,fun.,At Least I'm Not as Sad (As I Used to Be),HIGH,local,flac,19,2,,NOMAD-0511 - fun. - At Least I'm Not as Sad (As I Used to Be)/fun. - At Least I'm Not as Sad (As I Used to Be) (Local).flac,NOMAD-0511 - fun. - At Least I'm Not as Sad (As I Used to Be)/fun. - At Least I'm Not as Sad (As I Used to Be) (Local).wav
NOMAD-0512,fun.,I Wanna Be the One,HIGH,local,flac,19,2,,NOMAD-0512 - fun. - I Wanna Be the One/fun. - I Wanna Be the One (Local).flac,NOMAD-0512 - fun. - I Wanna Be the One/fun. - I Wanna Be the One (Local).wav
NOMAD-0513,fun.,Walking the Dog,HIGH,local,flac,19,2,,NOMAD-0513 - fun. - Walking the Dog/fun. - Walking the Dog (Local).flac,NOMAD-0513 - fun. - Walking the Dog/fun. - Walking the Dog (Local).wav
NOMAD-0514,fun.,Light a Roman Candle with Me,HIGH,local,flac,19,2,,NOMAD-0514 - fun. - Light a Roman Candle with Me/fun. - Light a Roman Candle with Me (Local).flac,NOMAD-0514 - fun. - Light a Roman Candle with Me/fun. - Light a Roman Candle with Me (Local).wav
NOMAD-0515,fun.,Barlights,HIGH,local,flac,19,2,,NOMAD-0515 - fun. - Barlights/fun. - Barlights (Local).flac,NOMAD-0515 - fun. - Barlights/fun. - Barlights (Local).wav
NOMAD-0516,fun.,Take Your Time (Coming Home),HIGH,local,flac,19,2,,NOMAD-0516 - fun. - Take Your Time (Coming Home)/fun. - Take Your Time (Coming Home) (Local).flac,NOMAD-0516 - fun. - Take Your Time (Coming Home)/fun. - Take Your Time (Coming Home) (Local).wav
NOMAD-0517,Tom Astor,Sturm Und Drang,HIGH,local,wav,18,1,,NOMAD-0517 - Tom Astor - Sturm Und Drang/Tom Astor - Sturm Und Drang (Local).wav,
NOMAD-0518,Titellied der gleichnamigen Fernsehserie 1962,Bonanza,HIGH,local,wav,21,3,,NOMAD-0518 - Titellied der gleichnamigen Fernsehserie 1962 - Bonanza/Titellied der gleichnamigen Fernsehserie 1962 - Bonanza (Local).wav,NOMAD-0518 - Titellied der gleichnamigen Fernsehserie 1962 - Bonanza/Bonanza (Titellied der gleichnamigen Fernsehserie 1962).wav ;; NOMAD-0518 - Titellied der gleichnamigen Fernsehserie 1962 - Bonanza/Bonanza (Titellied der gleichnamigen Fernsehserie 1962).mp3
NOMAD-0519,Linda Feller,Billy Bob's Texas,HIGH,local,wav,21,3,,NOMAD-0519 - Linda Feller - Billy Bob's Texas/Linda Feller - Billy Bob's Texas (Local).wav,NOMAD-0519 - Linda Feller - Billy Bob's Texas/Linda Feller - Billy Bob's Texas.wav ;; NOMAD-0519 - Linda Feller - Billy Bob's Texas/Linda Feller - Billy Bob's Texas.mp3
NOMAD-0520,ABBA,Dancing Queen,HIGH,local,flac,13,2,,NOMAD-0520 - ABBA - Dancing Queen/ABBA - Dancing Queen (Local).flac,NOMAD-0520 - ABBA - Dancing Queen/ABBA - Dancing Queen (Local).wav
NOMAD-0521,Ken Ashcorp,Touch Fluffy Tail,HIGH,youtube,wav,21,2,,NOMAD-0521 - Ken Ashcorp - Touch Fluffy Tail/Ken Ashcorp - Touch Fluffy Tail (Youtube 4nyHPIcbn88).wav,NOMAD-0521 - Ken Ashcorp - Touch Fluffy Tail/Ken Ashcorp - Touch Fluffy Tail (Youtube 4nyHPIcbn88).webm
NOMAD-0522,Mavi Phoenix,Pretty Life (Whsprs Cover),HIGH,youtube,wav,21,2,,NOMAD-0522 - Mavi Phoenix - Pretty Life (Whsprs Cover)/Mavi Phoenix - Pretty Life (Whsprs Cover) (Youtube zggOH59I5w0).wav,NOMAD-0522 - Mavi Phoenix - Pretty Life (Whsprs Cover)/Mavi Phoenix - Pretty Life (Whsprs Cover) (Youtube zggOH59I5w0).webm
NOMAD-0523,Jimi Hendrix,Remember,HIGH,local,flac,19,2,,NOMAD-0523 - Jimi Hendrix - Remember/Jimi Hendrix - Remember (Local).flac,NOMAD-0523 - Jimi Hendrix - Remember/Jimi Hendrix - Remember (Local).wav
NOMAD-0524,Smash Mouth,All Star,HIGH,local,flac,19,2,,NOMAD-0524 - Smash Mouth - All Star/Smash Mouth - All Star (Local).flac,NOMAD-0524 - Smash Mouth - All Star/Smash Mouth - All Star (Local).wav
NOMAD-0525,Smash Mouth,All Star (with Shrek),HIGH,local,flac,25,6,,NOMAD-0525 - Smash Mouth - All Star (with Shrek)/Smash Mouth - All Star (with Shrek) (Local).flac,NOMAD-0525 - Smash Mouth - All Star (with Shrek)/Smash Mouth - All Star (with Shrek) (Local).wav ;; NOMAD-0525 - Smash Mouth - All Star (with Shrek)/Inputs/MMD Shrek - Swalla/MMD Shrek - Swalla (Youtube WPywfWMPgt4).wav ;; NOMAD-0525 - Smash Mouth - All Star (with Shrek)/Inputs/Levimaites Productions - An army of Shrek dancing to Shrekophone [HD]/Levimaites Productions - An army of Shrek dancing to Shrekophone [HD] (Youtube 0PiqqbyQRoo).webm
NOMAD-0526,The Silent Comedy,Enemies Multiply,HIGH,youtube,wav,19,2,,NOMAD-0526 - The Silent Comedy - Enemies Multiply/The Silent Comedy - Enemies Multiply (Youtube WcCuyjsVTPI).wav,NOMAD-0526 - The Silent Comedy - Enemies Multiply/The Silent Comedy - Enemies Multiply (Youtube WcCuyjsVTPI).webm
NOMAD-0527,ABBA,Ring Ring,HIGH,local,flac,19,2,,NOMAD-0527 - ABBA - Ring Ring/ABBA - Ring Ring (Local).flac,NOMAD-0527 - ABBA - Ring Ring/ABBA - Ring Ring (Local).wav
NOMAD-0528,ABBA,"Another Town, Another Train",HIGH,local,flac,19,2,,"NOMAD-0528 - ABBA - Another Town, Another Train/ABBA - Another Town, Another Train (Local).flac","NOMAD-0528 - ABBA - Another Town, Another Train/ABBA - Another Town, Another Train (Local).wav"
NOMAD-0529,ABBA,Disillusion,HIGH,local,flac,19,2,,NOMAD-0529 - ABBA - Disillusion/ABBA - Disillusion (Local).flac,NOMAD-0529 - ABBA - Disillusion/ABBA - Disillusion (Local).wav
NOMAD-0530,ABBA,People Need Love,HIGH,local,flac,19,2,,NOMAD-0530 - ABBA - People Need Love/ABBA - People Need Love (Local).flac,NOMAD-0530 - ABBA - People Need Love/ABBA - People Need Love (Local).wav
NOMAD-0531,Frank Sinatra,"New York, New York",HIGH,local,flac,19,2,,"NOMAD-0531 - Frank Sinatra - New York, New York/Frank Sinatra - New York, New York (Local).flac","NOMAD-0531 - Frank Sinatra - New York, New York/Frank Sinatra - New York, New York (Local).wav"
NOMAD-0533,ABBA,I Saw It In The Mirror,HIGH,local,flac,19,2,,NOMAD-0533 - ABBA - I Saw It In The Mirror/ABBA - I Saw It In The Mirror (Local).flac,NOMAD-0533 - ABBA - I Saw It In The Mirror/ABBA - I Saw It In The Mirror (Local).wav
NOMAD-0534,ABBA,"Nina, Pretty Ballerina",HIGH,local,flac,19,2,,"NOMAD-0534 - ABBA - Nina, Pretty Ballerina/ABBA - Nina, Pretty Ballerina (Local).flac","NOMAD-0534 - ABBA - Nina, Pretty Ballerina/ABBA - Nina, Pretty Ballerina (Local).wav"
NOMAD-0535,ABBA,Love Isn’t Easy (But It Sure Is Hard Enough),HIGH,local,flac,19,2,,NOMAD-0535 - ABBA - Love Isn’t Easy (But It Sure Is Hard Enough)/ABBA - Love Isn’t Easy (But It Sure Is Hard Enough) (Local).flac,NOMAD-0535 - ABBA - Love Isn’t Easy (But It Sure Is Hard Enough)/ABBA - Love Isn’t Easy (But It Sure Is Hard Enough) (Local).wav
NOMAD-0536,ABBA,Me And Bobby And Bobby’s Brother,HIGH,local,flac,19,2,,NOMAD-0536 - ABBA - Me And Bobby And Bobby’s Brother/ABBA - Me And Bobby And Bobby’s Brother (Local).flac,NOMAD-0536 - ABBA - Me And Bobby And Bobby’s Brother/ABBA - Me And Bobby And Bobby’s Brother (Local).wav
NOMAD-0537,ABBA,He Is Your Brother,HIGH,local,flac,19,2,,NOMAD-0537 - ABBA - He Is Your Brother/ABBA - He Is Your Brother (Local).flac,NOMAD-0537 - ABBA - He Is Your Brother/ABBA - He Is Your Brother (Local).wav
NOMAD-0538,ABBA,She’s My Kind Of Girl,HIGH,local,flac,19,2,,NOMAD-0538 - ABBA - She’s My Kind Of Girl/ABBA - She’s My Kind Of Girl (Local).flac,NOMAD-0538 - ABBA - She’s My Kind Of Girl/ABBA - She’s My Kind Of Girl (Local).wav
NOMAD-0539,ABBA,I Am Just A Girl,HIGH,local,flac,19,2,,NOMAD-0539 - ABBA - I Am Just A Girl/ABBA - I Am Just A Girl (Local).flac,NOMAD-0539 - ABBA - I Am Just A Girl/ABBA - I Am Just A Girl (Local).wav
NOMAD-0540,ABBA,Rock ’N Roll Band,HIGH,local,flac,19,2,,NOMAD-0540 - ABBA - Rock ’N Roll Band/ABBA - Rock ’N Roll Band (Local).flac,NOMAD-0540 - ABBA - Rock ’N Roll Band/ABBA - Rock ’N Roll Band (Local).wav
NOMAD-0541,ABBA,Ring Ring (Bara Du Slog En Signal) (Swedish Version),HIGH,local,flac,19,2,,NOMAD-0541 - ABBA - Ring Ring (Bara Du Slog En Signal) (Swedish Version)/ABBA - Ring Ring (Bara Du Slog En Signal) (Swedish Version) (Local).flac,NOMAD-0541 - ABBA - Ring Ring (Bara Du Slog En Signal) (Swedish Version)/ABBA - Ring Ring (Bara Du Slog En Signal) (Swedish Version) (Local).wav
NOMAD-0542,ABBA,"Åh, Vilka Tider",HIGH,local,flac,19,2,,"NOMAD-0542 - ABBA - Åh, Vilka Tider/ABBA - Åh, Vilka Tider (Local).flac","NOMAD-0542 - ABBA - Åh, Vilka Tider/ABBA - Åh, Vilka Tider (Local).wav"
NOMAD-0543,ABBA,Merry‐Go‐Round,HIGH,local,flac,19,2,,NOMAD-0543 - ABBA - Merry‐Go‐Round/ABBA - Merry‐Go‐Round (Local).flac,NOMAD-0543 - ABBA - Merry‐Go‐Round/ABBA - Merry‐Go‐Round (Local).wav
NOMAD-0544,ABBA,Santa Rosa,HIGH,local,flac,19,2,,NOMAD-0544 - ABBA - Santa Rosa/ABBA - Santa Rosa (Local).flac,NOMAD-0544 - ABBA - Santa Rosa/ABBA - Santa Rosa (Local).wav
NOMAD-0545,ABBA,Ring Ring (Spanish Version),HIGH,local,flac,19,2,,NOMAD-0545 - ABBA - Ring Ring (Spanish Version)/ABBA - Ring Ring (Spanish Version) (Local).flac,NOMAD-0545 - ABBA - Ring Ring (Spanish Version)/ABBA - Ring Ring (Spanish Version) (Local).wav
NOMAD-0546,ABBA,Wer Im Wartesaal Der Liebe Steht,HIGH,local,flac,19,2,,NOMAD-0546 - ABBA - Wer Im Wartesaal Der Liebe Steht/ABBA - Wer Im Wartesaal Der Liebe Steht (Local).flac,NOMAD-0546 - ABBA - Wer Im Wartesaal Der Liebe Steht/ABBA - Wer Im Wartesaal Der Liebe Steht (Local).wav
NOMAD-0547,ABBA,Ring Ring (German Version),HIGH,local,flac,19,2,,NOMAD-0547 - ABBA - Ring Ring (German Version)/ABBA - Ring Ring (German Version) (Local).flac,NOMAD-0547 - ABBA - Ring Ring (German Version)/ABBA - Ring Ring (German Version) (Local).wav
NOMAD-0548,Fleet Foxes,Montezuma,HIGH,local,flac,19,2,,NOMAD-0548 - Fleet Foxes - Montezuma/Fleet Foxes - Montezuma (Local).flac,NOMAD-0548 - Fleet Foxes - Montezuma/Fleet Foxes - Montezuma (Local).wav
NOMAD-0549,Harald Juhnke,"Berlin, Berlin",HIGH,youtube,wav,19,2,,"NOMAD-0549 - Harald Juhnke - Berlin, Berlin/Harald Juhnke - Berlin, Berlin (Youtube Kcne_uio2_U).wav","NOMAD-0549 - Harald Juhnke - Berlin, Berlin/Harald Juhnke - Berlin, Berlin (Youtube Kcne_uio2_U).webm"
NOMAD-0550,Shoshana Bean,Strange Thunder,HIGH,local,flac,19,2,,NOMAD-0550 - Shoshana Bean - Strange Thunder/Shoshana Bean - Strange Thunder (Local).flac,NOMAD-0550 - Shoshana Bean - Strange Thunder/Shoshana Bean - Strange Thunder (Local).wav
NOMAD-0551,Michael Callen,Crazy World,HIGH,local,wav,19,2,,NOMAD-0551 - Michael Callen - Crazy World/Michael Callen - Crazy World (Local).wav,NOMAD-0551 - Michael Callen - Crazy World/Michael Callen - Crazy World (Local).mp3
NOMAD-0552,Michael Callen,Wish I Had A Dime,HIGH,local,wav,19,2,,NOMAD-0552 - Michael Callen - Wish I Had A Dime/Michael Callen - Wish I Had A Dime (Local).wav,NOMAD-0552 - Michael Callen - Wish I Had A Dime/Michael Callen - Wish I Had A Dime (Local).mp3
NOMAD-0553,The Blasters,One Bad Stud,HIGH,local,flac,19,2,,NOMAD-0553 - The Blasters - One Bad Stud/The Blasters - One Bad Stud (Local).flac,NOMAD-0553 - The Blasters - One Bad Stud/The Blasters - One Bad Stud (Local).wav
NOMAD-0554,Michael Callen,The Healing Power Of Love,HIGH,local,wav,19,2,,NOMAD-0554 - Michael Callen - The Healing Power Of Love/Michael Callen - The Healing Power Of Love (Local).wav,NOMAD-0554 - Michael Callen - The Healing Power Of Love/Michael Callen - The Healing Power Of Love (Local).mp3
NOMAD-0555,Meat Loaf,Braver Than We Are,HIGH,local,wav,18,1,,NOMAD-0555 - Meat Loaf - Braver Than We Are/Meat Loaf - Braver Than We Are (Local).wav,
NOMAD-0556,Harald Juhnke,"Berlin, Berlin (Lisa, Milan)",HIGH,youtube,wav,19,2,,"NOMAD-0556 - Harald Juhnke - Berlin, Berlin (Lisa, Milan)/Harald Juhnke - Berlin, Berlin (Youtube Kcne_uio2_U).wav","NOMAD-0556 - Harald Juhnke - Berlin, Berlin (Lisa, Milan)/Harald Juhnke - Berlin, Berlin (Youtube Kcne_uio2_U).webm"
NOMAD-0557,Friday,The Ballad Of Skinny Linguine,HIGH,local,wav,29,2,,NOMAD-0557 - Friday - The Ballad Of Skinny Linguine/Friday - The Ballad Of Skinny Linguine (Local).wav,NOMAD-0557 - Friday - The Ballad Of Skinny Linguine/Client Inputs/Lamb and Bikini master 2 (1)_Youtube_Master.wav
NOMAD-0558,Emery,The Ponytail Parades,HIGH,youtube,wav,19,2,,NOMAD-0558 - Emery - The Ponytail Parades/Emery - The Ponytail Parades (Youtube i4TQyio791k).wav,NOMAD-0558 - Emery - The Ponytail Parades/Emery - The Ponytail Parades (Youtube i4TQyio791k).webm
NOMAD-0559,Black Sabbath,Buried Alive,HIGH,youtube,wav,19,2,,NOMAD-0559 - Black Sabbath - Buried Alive/Black Sabbath - Buried Alive (Youtube nk5a4r9neAk).wav,NOMAD-0559 - Black Sabbath - Buried Alive/Black Sabbath - Buried Alive (Youtube nk5a4r9neAk).webm
NOMAD-0560,Aloha from space,Storm Troopin',HIGH,local,wav,18,1,,NOMAD-0560 - Aloha from space - Storm Troopin'/Aloha from space - Storm Troopin' (Local).wav,
NOMAD-0561,NerdOut,Bounty,HIGH,local,wav,18,1,,NOMAD-0561 - NerdOut - Bounty/NerdOut - Bounty (Local).wav,
NOMAD-0562,Charles Strouse and Lee Adams,Han's Your Man,HIGH,local,wav,18,1,,NOMAD-0562 - Charles Strouse and Lee Adams - Han's Your Man/Charles Strouse and Lee Adams - Han's Your Man (Local).wav,
NOMAD-0563,Juliane Werding,"Man muß Das Leben Eben Nehmen, Wie Das Leben Eben Ist",HIGH,local,flac,19,2,,"NOMAD-0563 - Juliane Werding - Man muß Das Leben Eben Nehmen, Wie Das Leben Eben Ist/Juliane Werding - Man muß Das Leben Eben Nehmen, Wie Das Leben Eben Ist (Local).flac","NOMAD-0563 - Juliane Werding - Man muß Das Leben Eben Nehmen, Wie Das Leben Eben Ist/Juliane Werding - Man muß Das Leben Eben Nehmen, Wie Das Leben Eben Ist (Local).wav"
NOMAD-0564,Aurelio Voltaire,Butterfly,HIGH,local,flac,19,2,,NOMAD-0564 - Aurelio Voltaire - Butterfly/Aurelio Voltaire - Butterfly (Local).flac,NOMAD-0564 - Aurelio Voltaire - Butterfly/Aurelio Voltaire - Butterfly (Local).wav
NOMAD-0565,Blind Guardian,Violent Shadows,HIGH,local,flac,19,2,,NOMAD-0565 - Blind Guardian - Violent Shadows/Blind Guardian - Violent Shadows (Local).flac,NOMAD-0565 - Blind Guardian - Violent Shadows/Blind Guardian - Violent Shadows (Local).wav
NOMAD-0566,Jonny Hill & Linda Feller,Zusammenstehn (Duet),HIGH,local,wav,19,2,,NOMAD-0566 - Jonny Hill & Linda Feller - Zusammenstehn (Duet)/Jonny Hill & Linda Feller - Zusammenstehn (Duet) (Local).wav,NOMAD-0566 - Jonny Hill & Linda Feller - Zusammenstehn (Duet)/Jonny Hill & Linda Feller - Zusammenstehn (Duet) (Local).mp3
NOMAD-0567,Tori Amos,Big Wheel,HIGH,local,flac,19,2,,NOMAD-0567 - Tori Amos - Big Wheel/Tori Amos - Big Wheel (Local).flac,NOMAD-0567 - Tori Amos - Big Wheel/Tori Amos - Big Wheel (Local).wav
NOMAD-0568,Chairlift,Bruises,HIGH,local,flac,19,2,,NOMAD-0568 - Chairlift - Bruises/Chairlift - Bruises (Local).flac,NOMAD-0568 - Chairlift - Bruises/Chairlift - Bruises (Local).wav
NOMAD-0569,Jonny Hill & Linda Feller,London,HIGH,local,wav,19,2,,NOMAD-0569 - Jonny Hill & Linda Feller - London/Jonny Hill & Linda Feller - London (Local).wav,NOMAD-0569 - Jonny Hill & Linda Feller - London/Jonny Hill & Linda Feller - London (Local).mp3
NOMAD-0570,Life Languages,The Mover Song,HIGH,local,wav,18,1,,NOMAD-0570 - Life Languages - The Mover Song/Life Languages - The Mover Song (Local).wav,
NOMAD-0571,Life Languages,The Responder Song,HIGH,local,wav,6,1,,NOMAD-0571 - Life Languages - The Responder Song/Life Languages - The Responder Song (Local).wav,
NOMAD-0572,Life Languages,The Contemplator Song,HIGH,local,wav,18,1,,NOMAD-0572 - Life Languages - The Contemplator Song/Life Languages - The Contemplator Song (Local).wav,
NOMAD-0573,Life Languages,The Doer Song,HIGH,local,wav,18,1,,NOMAD-0573 - Life Languages - The Doer Song/Life Languages - The Doer Song (Local).wav,
NOMAD-0574,Life Languages,The Shaper Song,HIGH,local,wav,6,1,,NOMAD-0574 - Life Languages - The Shaper Song/Life Languages - The Shaper Song (Local).wav,
NOMAD-0575,Life Languages,The Influencer Song,HIGH,local,wav,18,1,,NOMAD-0575 - Life Languages - The Influencer Song/Life Languages - The Influencer Song (Local).wav,
NOMAD-0576,Life Languages,The Producer Song,HIGH,local,wav,6,1,,NOMAD-0576 - Life Languages - The Producer Song/Life Languages - The Producer Song (Local).wav,
NOMAD-0577,The Amazing Devil,That Unwanted Animal,HIGH,local,flac,13,2,,NOMAD-0577 - The Amazing Devil - That Unwanted Animal/The Amazing Devil - That Unwanted Animal (Local).flac,NOMAD-0577 - The Amazing Devil - That Unwanted Animal/The Amazing Devil - That Unwanted Animal (Local).wav
NOMAD-0578,Bobby Capo,Locamente Enamorado,HIGH,youtube,wav,11,2,,NOMAD-0578 - Bobby Capo - Locamente Enamorado/Bobby Capo - Locamente Enamorado (Youtube 6FJVuoy_yzs).wav,NOMAD-0578 - Bobby Capo - Locamente Enamorado/Bobby Capo - Locamente Enamorado (Youtube 6FJVuoy_yzs).webm
NOMAD-0579,Dagmar,Lass mich damit bloß in Ruhe,HIGH,local,wav,7,2,,NOMAD-0579 - Dagmar - Lass mich damit bloß in Ruhe/Dagmar - Lass mich damit bloß in Ruhe (Local).wav,NOMAD-0579 - Dagmar - Lass mich damit bloß in Ruhe/Dagmar - Lass mich damit bloß in Ruhe (Local).mp3
NOMAD-0580,Los Campesinos!,You! Me! Dancing! (Daytrotter Session),HIGH,youtube,wav,18,2,,NOMAD-0580 - Los Campesinos! - You! Me! Dancing! (Daytrotter Session)/first attempt with audio from YouTube/Los Campesinos! - You! Me! Dancing! (Daytrotter Session) (Youtube 1yFfyd9JWV0).wav,NOMAD-0580 - Los Campesinos! - You! Me! Dancing! (Daytrotter Session)/Daytrotter Sessions You Me Dancing With Intro.wav
NOMAD-0581,Joe P,Leaves,HIGH,local,flac,12,2,,NOMAD-0581 - Joe P - Leaves/Joe P - Leaves (Local).flac,NOMAD-0581 - Joe P - Leaves/Joe P - Leaves (Local).wav
NOMAD-0582,ABBA,Waterloo,HIGH,local,flac,23,2,,NOMAD-0582 - ABBA - Waterloo/ABBA - Waterloo (Local).flac,NOMAD-0582 - ABBA - Waterloo/ABBA - Waterloo (Local).wav
NOMAD-0583,ABBA,Sitting In The Palmtree,HIGH,local,flac,22,2,,NOMAD-0583 - ABBA - Sitting In The Palmtree/ABBA - Sitting In The Palmtree (Local).flac,NOMAD-0583 - ABBA - Sitting In The Palmtree/ABBA - Sitting In The Palmtree (Local).wav
NOMAD-0584,ABBA,King Kong Song,HIGH,local,flac,22,2,,NOMAD-0584 - ABBA - King Kong Song/ABBA - King Kong Song (Local).flac,NOMAD-0584 - ABBA - King Kong Song/ABBA - King Kong Song (Local).wav
NOMAD-0585,ABBA,Hasta Mañana,HIGH,local,flac,22,2,,NOMAD-0585 - ABBA - Hasta Mañana/ABBA - Hasta Mañana (Local).flac,NOMAD-0585 - ABBA - Hasta Mañana/ABBA - Hasta Mañana (Local).wav
NOMAD-0586,ABBA,My Mama Said,HIGH,local,flac,22,2,,NOMAD-0586 - ABBA - My Mama Said/ABBA - My Mama Said (Local).flac,NOMAD-0586 - ABBA - My Mama Said/ABBA - My Mama Said (Local).wav
NOMAD-0587,ABBA,Dance (While The Music Still Goes On),HIGH,local,flac,22,2,,NOMAD-0587 - ABBA - Dance (While The Music Still Goes On)/ABBA - Dance (While The Music Still Goes On) (Local).flac,NOMAD-0587 - ABBA - Dance (While The Music Still Goes On)/ABBA - Dance (While The Music Still Goes On) (Local).wav
NOMAD-0588,ABBA,"Honey, Honey",HIGH,local,flac,24,2,,"NOMAD-0588 - ABBA - Honey, Honey/ABBA - Honey, Honey (Local).flac","NOMAD-0588 - ABBA - Honey, Honey/ABBA - Honey, Honey (Local).wav"
NOMAD-0589,Thomas Borchert,I Know Those Eyes _ This Man Is Dead (Duet),HIGH,youtube,wav,11,2,,NOMAD-0589 - Thomas Borchert - I Know Those Eyes _ This Man Is Dead (Duet)/Thomas Borchert - I Know Those Eyes _ This Man Is Dead (Duet) (Youtube SUN7xeztdD0).wav,NOMAD-0589 - Thomas Borchert - I Know Those Eyes _ This Man Is Dead (Duet)/Thomas Borchert - I Know Those Eyes _ This Man Is Dead (Duet) (Youtube SUN7xeztdD0).webm
NOMAD-0590,Thomas Borchert,I Know Those Eyes _ This Man Is Dead (Duet With Female Vocals),NO_SOURCE,karaoke-sourced,,2,0,source-was-karaoke,,
NOMAD-0591,SHE WANTS REVENGE,Rachael,HIGH,local,flac,11,2,,NOMAD-0591 - SHE WANTS REVENGE - Rachael/SHE WANTS REVENGE - Rachael (Local).flac,NOMAD-0591 - SHE WANTS REVENGE - Rachael/SHE WANTS REVENGE - Rachael (Local).wav
NOMAD-0592,Matt Redmond,Unbroken Praise,HIGH,youtube,wav,11,2,,NOMAD-0592 - Matt Redmond - Unbroken Praise/Matt Redmond - Unbroken Praise (Youtube hpvJDyLI07M).wav,NOMAD-0592 - Matt Redmond - Unbroken Praise/Matt Redmond - Unbroken Praise (Youtube hpvJDyLI07M).webm
NOMAD-0593,Ian McConnell,Level 429,HIGH,youtube,wav,11,2,,NOMAD-0593 - Ian McConnell - Level 429/Ian McConnell - Level 429 (Youtube qlg-T0VZbDM).wav,NOMAD-0593 - Ian McConnell - Level 429/Ian McConnell - Level 429 (Youtube qlg-T0VZbDM).webm
NOMAD-0594,ABBA,Watch Out,HIGH,local,flac,22,2,,NOMAD-0594 - ABBA - Watch Out/ABBA - Watch Out (Local).flac,NOMAD-0594 - ABBA - Watch Out/ABBA - Watch Out (Local).wav
NOMAD-0595,ABBA,What About Livingstone,HIGH,local,flac,22,2,,NOMAD-0595 - ABBA - What About Livingstone/ABBA - What About Livingstone (Local).flac,NOMAD-0595 - ABBA - What About Livingstone/ABBA - What About Livingstone (Local).wav
NOMAD-0596,Ten Years After,Outside My Window,HIGH,local,flac,11,2,,NOMAD-0596 - Ten Years After - Outside My Window/Ten Years After - Outside My Window (Local).flac,NOMAD-0596 - Ten Years After - Outside My Window/Ten Years After - Outside My Window (Local).wav
NOMAD-0597,ABBA,Gonna Sing You My Lovesong,HIGH,local,flac,22,2,,NOMAD-0597 - ABBA - Gonna Sing You My Lovesong/ABBA - Gonna Sing You My Lovesong (Local).flac,NOMAD-0597 - ABBA - Gonna Sing You My Lovesong/ABBA - Gonna Sing You My Lovesong (Local).wav
NOMAD-0598,ABBA,Suzy-Hang-Around,HIGH,local,flac,24,2,,NOMAD-0598 - ABBA - Suzy-Hang-Around/ABBA - Suzy-Hang-Around (Local).flac,NOMAD-0598 - ABBA - Suzy-Hang-Around/ABBA - Suzy-Hang-Around (Local).wav
NOMAD-0599,ABBA,Waterloo (Swedish Version),HIGH,local,flac,22,2,,NOMAD-0599 - ABBA - Waterloo (Swedish Version)/ABBA - Waterloo (Swedish Version) (Local).flac,NOMAD-0599 - ABBA - Waterloo (Swedish Version)/ABBA - Waterloo (Swedish Version) (Local).wav
NOMAD-0600,ABBA,"Honey, Honey (Swedish Version)",HIGH,local,flac,22,2,,"NOMAD-0600 - ABBA - Honey, Honey (Swedish Version)/ABBA - Honey, Honey (Swedish Version) (Local).flac","NOMAD-0600 - ABBA - Honey, Honey (Swedish Version)/ABBA - Honey, Honey (Swedish Version) (Local).wav"
NOMAD-0601,ABBA,Waterloo (German Version),HIGH,local,flac,22,2,,NOMAD-0601 - ABBA - Waterloo (German Version)/ABBA - Waterloo (German Version) (Local).flac,NOMAD-0601 - ABBA - Waterloo (German Version)/ABBA - Waterloo (German Version) (Local).wav
NOMAD-0602,ABBA,Hasta Mañana (Spanish Version),HIGH,local,flac,22,2,,NOMAD-0602 - ABBA - Hasta Mañana (Spanish Version)/ABBA - Hasta Mañana (Spanish Version) (Local).flac,NOMAD-0602 - ABBA - Hasta Mañana (Spanish Version)/ABBA - Hasta Mañana (Spanish Version) (Local).wav
NOMAD-0603,ABBA,Waterloo (French Version),HIGH,local,flac,22,2,,NOMAD-0603 - ABBA - Waterloo (French Version)/ABBA - Waterloo (French Version) (Local).flac,NOMAD-0603 - ABBA - Waterloo (French Version)/ABBA - Waterloo (French Version) (Local).wav
NOMAD-0604,ABBA,Mamma Mia,HIGH,local,flac,22,2,,NOMAD-0604 - ABBA - Mamma Mia/ABBA - Mamma Mia (Local).flac,NOMAD-0604 - ABBA - Mamma Mia/ABBA - Mamma Mia (Local).wav
NOMAD-0605,ABBA,"Hey, Hey Helen",HIGH,local,flac,22,2,,"NOMAD-0605 - ABBA - Hey, Hey Helen/ABBA - Hey, Hey Helen (Local).flac","NOMAD-0605 - ABBA - Hey, Hey Helen/ABBA - Hey, Hey Helen (Local).wav"
NOMAD-0606,ABBA,Tropical Loveland,HIGH,local,flac,22,2,,NOMAD-0606 - ABBA - Tropical Loveland/ABBA - Tropical Loveland (Local).flac,NOMAD-0606 - ABBA - Tropical Loveland/ABBA - Tropical Loveland (Local).wav
NOMAD-0607,ABBA,S.O.S.,HIGH,local,flac,22,2,,NOMAD-0607 - ABBA - S.O.S./ABBA - S.O.S. (Local).flac,NOMAD-0607 - ABBA - S.O.S./ABBA - S.O.S. (Local).wav
NOMAD-0608,ABBA,Man In The Middle,HIGH,local,flac,24,2,,NOMAD-0608 - ABBA - Man In The Middle/ABBA - Man In The Middle (Local).flac,NOMAD-0608 - ABBA - Man In The Middle/ABBA - Man In The Middle (Local).wav
NOMAD-0609,ABBA,Bang-A-Boomerang,HIGH,local,flac,22,2,,NOMAD-0609 - ABBA - Bang-A-Boomerang/ABBA - Bang-A-Boomerang (Local).flac,NOMAD-0609 - ABBA - Bang-A-Boomerang/ABBA - Bang-A-Boomerang (Local).wav
NOMAD-0610,ABBA,"I Do, I Do, I Do, I Do, I Do",HIGH,local,flac,22,2,,"NOMAD-0610 - ABBA - I Do, I Do, I Do, I Do, I Do/ABBA - I Do, I Do, I Do, I Do, I Do (Local).flac","NOMAD-0610 - ABBA - I Do, I Do, I Do, I Do, I Do/ABBA - I Do, I Do, I Do, I Do, I Do (Local).wav"
NOMAD-0611,ABBA,Rock Me,HIGH,local,flac,22,2,,NOMAD-0611 - ABBA - Rock Me/ABBA - Rock Me (Local).flac,NOMAD-0611 - ABBA - Rock Me/ABBA - Rock Me (Local).wav
NOMAD-0612,ABBA,I’ve Been Waiting For You,HIGH,local,flac,22,2,,NOMAD-0612 - ABBA - I’ve Been Waiting For You/ABBA - I’ve Been Waiting For You (Local).flac,NOMAD-0612 - ABBA - I’ve Been Waiting For You/ABBA - I’ve Been Waiting For You (Local).wav
NOMAD-0613,ABBA,So Long,HIGH,local,flac,22,2,,NOMAD-0613 - ABBA - So Long/ABBA - So Long (Local).flac,NOMAD-0613 - ABBA - So Long/ABBA - So Long (Local).wav
NOMAD-0614,ABBA,Crazy World,HIGH,local,flac,22,2,,NOMAD-0614 - ABBA - Crazy World/ABBA - Crazy World (Local).flac,NOMAD-0614 - ABBA - Crazy World/ABBA - Crazy World (Local).wav
NOMAD-0615,ABBA,Medley (1978 Mix),HIGH,local,flac,19,2,,NOMAD-0615 - ABBA - Medley (1978 Mix)/ABBA - Medley (1978 Mix) (Local).flac,NOMAD-0615 - ABBA - Medley (1978 Mix)/ABBA - Medley (1978 Mix) (Local).wav
NOMAD-0616,ABBA,Mamma Mia (Spanish Version),HIGH,local,flac,19,2,,NOMAD-0616 - ABBA - Mamma Mia (Spanish Version)/ABBA - Mamma Mia (Spanish Version) (Local).flac,NOMAD-0616 - ABBA - Mamma Mia (Spanish Version)/ABBA - Mamma Mia (Spanish Version) (Local).wav
NOMAD-0617,Marina and The Diamonds,Froot,HIGH,local,flac,13,2,,NOMAD-0617 - Marina and The Diamonds - Froot/Marina and The Diamonds - Froot (Local).flac,NOMAD-0617 - Marina and The Diamonds - Froot/Marina and The Diamonds - Froot (Local).wav
NOMAD-0618,Maxton Waller,On My Way (Marching Band),HIGH,youtube,wav,11,2,,NOMAD-0618 - Maxton Waller - On My Way (Marching Band)/Maxton Waller - On My Way (Marching Band) (Youtube FiTiQ0nQKj0).wav,NOMAD-0618 - Maxton Waller - On My Way (Marching Band)/Maxton Waller - On My Way (Marching Band) (Youtube FiTiQ0nQKj0).webm
NOMAD-0619,100 gecs,mememe,HIGH,local,flac,27,14,,NOMAD-0619 - 100 gecs - mememe/100 gecs - mememe (Local).flac,NOMAD-0619 - 100 gecs - mememe/100 gecs - mememe (Local).wav ;; NOMAD-0619 - 100 gecs - mememe/mememe - 100 gecs Stems 151.532/Vocals.wav ;; NOMAD-0619 - 100 gecs - mememe/mememe - 100 gecs Stems 151.532/Synths.wav
NOMAD-0620,Stuck Out Here,Embarrass You,HIGH,youtube,wav,11,2,,NOMAD-0620 - Stuck Out Here - Embarrass You/Stuck Out Here - Embarrass You (Youtube DnTYiHXpGC4).wav,NOMAD-0620 - Stuck Out Here - Embarrass You/Stuck Out Here - Embarrass You (Youtube DnTYiHXpGC4).webm
NOMAD-0621,DCSane,Heart's Whiskey,HIGH,youtube,wav,14,2,,NOMAD-0621 - DCSane - Heart's Whiskey/DCSane - Heart's Whiskey (Youtube T3vDNqPJf7I).wav,NOMAD-0621 - DCSane - Heart's Whiskey/DCSane - Heart's Whiskey (Youtube T3vDNqPJf7I).webm
NOMAD-0622,Release,Devil's Handshake,HIGH,youtube,wav,11,2,,NOMAD-0622 - Release - Devil's Handshake/Release - Devil's Handshake (Youtube CEX7MmpYpF8).wav,NOMAD-0622 - Release - Devil's Handshake/Release - Devil's Handshake (Youtube CEX7MmpYpF8).webm
NOMAD-0623,Kelly Clarkson,Since U Been Gone (Pitch -3_ E major),HIGH,local,wav,15,2,,NOMAD-0623 - Kelly Clarkson - Since U Been Gone (Pitch -3_ E major)/Kelly Clarkson - Since U Been Gone (Pitch -3_ E major) (Local).wav,NOMAD-0623 - Kelly Clarkson - Since U Been Gone (Pitch -3_ E major)/02 - Since U Been Gone.flac
NOMAD-0624,Justin Townes Earle,Rogers Park,HIGH,local,flac,11,2,,NOMAD-0624 - Justin Townes Earle - Rogers Park/Justin Townes Earle - Rogers Park (Local).flac,NOMAD-0624 - Justin Townes Earle - Rogers Park/Justin Townes Earle - Rogers Park (Local).wav
NOMAD-0625,Armin van Buuren ft. Teddy Swims,Easy To Love,HIGH,local,flac,21,3,,NOMAD-0625 - Armin van Buuren ft. Teddy Swims - Easy To Love/Armin van Buuren ft. Teddy Swims - Easy To Love (Local).flac,NOMAD-0625 - Armin van Buuren ft. Teddy Swims - Easy To Love/Armin van Buuren ft. Teddy Swims - Easy To Love (Local).wav ;; NOMAD-0625 - Armin van Buuren ft. Teddy Swims - Easy To Love/Custom instrumental with BV/Armin van Buuren ft. Teddy Swims - Easy To Love (Local).wav
NOMAD-0626,Willie Nelson,One More Song to Write,HIGH,local,flac,15,2,,NOMAD-0626 - Willie Nelson - One More Song to Write/Willie Nelson - One More Song to Write (Local).flac,NOMAD-0626 - Willie Nelson - One More Song to Write/Willie Nelson - One More Song to Write (Local).wav
NOMAD-0627,Will Varley,Seize The Night,HIGH,local,flac,15,2,,NOMAD-0627 - Will Varley - Seize The Night/Will Varley - Seize The Night (Local).flac,NOMAD-0627 - Will Varley - Seize The Night/Will Varley - Seize The Night (Local).wav
NOMAD-0628,Passenger,"However It Comes, Wherever It Goes",HIGH,local,flac,15,2,,"NOMAD-0628 - Passenger - However It Comes, Wherever It Goes/Passenger - However It Comes, Wherever It Goes (Local).flac","NOMAD-0628 - Passenger - However It Comes, Wherever It Goes/Passenger - However It Comes, Wherever It Goes (Local).wav"
NOMAD-0629,Ricky Braddy,Anyone (Acoustic Cover of Demi Lovato),HIGH,youtube,wav,19,3,,NOMAD-0629 - Ricky Braddy - Anyone (Acoustic Cover of Demi Lovato)/Ricky Braddy - Anyone (Acoustic Cover of Demi Lovato) (Youtube XHYxo4eJlso).wav,"NOMAD-0629 - Ricky Braddy - Anyone (Acoustic Cover of Demi Lovato)/G major version/Ricky Braddy - Anyone (Acoustic Cover of Demi Lovato, Pitch -1: G major) (Youtube XHYxo4eJlso).wav ;; NOMAD-0629 - Ricky Braddy - Anyone (Acoustic Cover of Demi Lovato)/Ricky Braddy - Anyone (Acoustic Cover of Demi Lovato) (Youtube XHYxo4eJlso).webm"
NOMAD-0630,Bryan Adams,Help Me Make It Through The Night,HIGH,local,flac,15,2,,NOMAD-0630 - Bryan Adams - Help Me Make It Through The Night/Bryan Adams - Help Me Make It Through The Night (Local).flac,NOMAD-0630 - Bryan Adams - Help Me Make It Through The Night/Bryan Adams - Help Me Make It Through The Night (Local).wav
NOMAD-0631,Ivan Rivers,Mid-Riff,HIGH,youtube,wav,14,1,,NOMAD-0631 - Ivan Rivers - Mid-Riff/Ivan Rivers - Mid-Riff (Youtube mBsG_L11m2E).wav,
NOMAD-0632,Kane Brown,American Bad Dream,HIGH,local,flac,15,2,,NOMAD-0632 - Kane Brown - American Bad Dream/Kane Brown - American Bad Dream (Local).flac,NOMAD-0632 - Kane Brown - American Bad Dream/Kane Brown - American Bad Dream (Local).wav
NOMAD-0633,Mother Mother,Ghosting,HIGH,local,flac,13,2,,NOMAD-0633 - Mother Mother - Ghosting/Mother Mother - Ghosting (Local).flac,NOMAD-0633 - Mother Mother - Ghosting/Mother Mother - Ghosting (Local).wav
NOMAD-0634,Charlie Terrell,Libby Anna,HIGH,local,wav,17,4,,NOMAD-0634 - Charlie Terrell - Libby Anna/Charlie Terrell - Libby Anna (Local).wav,NOMAD-0634 - Charlie Terrell - Libby Anna/Charlie Terrell - Libby Anna (Youtube y6Pgts_whdo).wav ;; NOMAD-0634 - Charlie Terrell - Libby Anna/Charlie Terrell - Libby Anna (Local).webm ;; NOMAD-0634 - Charlie Terrell - Libby Anna/Charlie Terrell - Libby Anna (Youtube y6Pgts_whdo).webm
NOMAD-0635,Taylor Swift,Fortnight (feat. Post Malone),HIGH,local,flac,15,2,,NOMAD-0635 - Taylor Swift - Fortnight (feat. Post Malone)/Taylor Swift - Fortnight (feat. Post Malone) (Local).flac,NOMAD-0635 - Taylor Swift - Fortnight (feat. Post Malone)/Taylor Swift - Fortnight (feat. Post Malone) (Local).wav
NOMAD-0636,The Gaslight Anthem,National Anthem,HIGH,local,flac,15,2,,NOMAD-0636 - The Gaslight Anthem - National Anthem/The Gaslight Anthem - National Anthem (Local).flac,NOMAD-0636 - The Gaslight Anthem - National Anthem/The Gaslight Anthem - National Anthem (Local).wav
NOMAD-0637,The Lonely Island,Semicolon (feat. Solange),HIGH,local,flac,15,2,,NOMAD-0637 - The Lonely Island - Semicolon (feat. Solange)/The Lonely Island - Semicolon (feat. Solange) (Local).flac,NOMAD-0637 - The Lonely Island - Semicolon (feat. Solange)/The Lonely Island - Semicolon (feat. Solange) (Local).wav
NOMAD-0638,Lucky Daye,Algorithm,HIGH,local,flac,15,2,,NOMAD-0638 - Lucky Daye - Algorithm/Lucky Daye - Algorithm (Local).flac,NOMAD-0638 - Lucky Daye - Algorithm/Lucky Daye - Algorithm (Local).wav
NOMAD-0639,The Black Eyed Peas,They Don't Want Music,HIGH,local,flac,17,2,,NOMAD-0639 - The Black Eyed Peas - They Don't Want Music/The Black Eyed Peas - They Don't Want Music (Local).flac,NOMAD-0639 - The Black Eyed Peas - They Don't Want Music/The Black Eyed Peas - They Don't Want Music (Local).wav
NOMAD-0640,Tiger Really,Fundamentally Unlovable,HIGH,local,flac,19,2,,NOMAD-0640 - Tiger Really - Fundamentally Unlovable/Tiger Really - Fundamentally Unlovable (Local).flac,NOMAD-0640 - Tiger Really - Fundamentally Unlovable/Tiger Really - Fundamentally Unlovable (Local).wav
NOMAD-0641,Da Ali G Show,Jarvis Cocker,HIGH,original,flac,9,3,,NOMAD-0641 - Da Ali G Show - Jarvis Cocker/Da Ali G Show - Jarvis Cocker (Original Audio).flac,NOMAD-0641 - Da Ali G Show - Jarvis Cocker/Da Ali G Show - Jarvis Cocker (Original Audio).wav ;; NOMAD-0641 - Da Ali G Show - Jarvis Cocker/Da Ali G Show - Jarvis Cocker (Youtube nCZI4RkK5OY).wav
NOMAD-0642,Colin Hay,Send Somebody (Stripped Mix),HIGH,youtube,wav,15,2,,NOMAD-0642 - Colin Hay - Send Somebody (Stripped Mix)/Colin Hay - Send Somebody (Stripped Mix) (Youtube 1FrM74D2Woo).wav,NOMAD-0642 - Colin Hay - Send Somebody (Stripped Mix)/Colin Hay - Send Somebody (Stripped Mix) (Youtube 1FrM74D2Woo).webm
NOMAD-0643,Ernie Taylor,I Ain't Leavin' Yet,HIGH,local,wav,15,2,,NOMAD-0643 - Ernie Taylor - I Ain't Leavin' Yet/Ernie Taylor - I Ain't Leavin' Yet (Local).wav,NOMAD-0643 - Ernie Taylor - I Ain't Leavin' Yet/Ernie Taylor - I Ain't Leavin' Yet (Local).mp3
NOMAD-0644,Smashing Pumpkins,Here Is No Why,HIGH,local,flac,15,2,,NOMAD-0644 - Smashing Pumpkins - Here Is No Why/Smashing Pumpkins - Here Is No Why (Local).flac,NOMAD-0644 - Smashing Pumpkins - Here Is No Why/Smashing Pumpkins - Here Is No Why (Local).wav
NOMAD-0645,Drake,Virginia Beach,HIGH,local,flac,15,2,,NOMAD-0645 - Drake - Virginia Beach/Drake - Virginia Beach (Local).flac,NOMAD-0645 - Drake - Virginia Beach/Drake - Virginia Beach (Local).wav
NOMAD-0646,Maverick City Music,I Thank God,HIGH,youtube,wav,14,1,,NOMAD-0646 - Maverick City Music - I Thank God/Maverick City Music - I Thank God (Youtube 5bOgOBFy9sE).wav,
NOMAD-0647,Ax and the Hatchetmen,Drive-in Movie,HIGH,local,flac,17,2,,NOMAD-0647 - Ax and the Hatchetmen - Drive-in Movie/Ax and the Hatchetmen - Drive-in Movie (Local).flac,NOMAD-0647 - Ax and the Hatchetmen - Drive-in Movie/Ax and the Hatchetmen - Drive-in Movie (Local).wav
NOMAD-0648,Faith No More,Das Schutzenfest,HIGH,local,flac,15,2,,NOMAD-0648 - Faith No More - Das Schutzenfest/Faith No More - Das Schutzenfest (Local).flac,NOMAD-0648 - Faith No More - Das Schutzenfest/Faith No More - Das Schutzenfest (Local).wav
NOMAD-0649,Miguel,Use Me,HIGH,local,flac,15,2,,NOMAD-0649 - Miguel - Use Me/Miguel - Use Me (Local).flac,NOMAD-0649 - Miguel - Use Me/Miguel - Use Me (Local).wav
NOMAD-0650,Ivan Rivers,Sad Around Me,HIGH,local,flac,15,2,,NOMAD-0650 - Ivan Rivers - Sad Around Me/Ivan Rivers - Sad Around Me (Local).flac,NOMAD-0650 - Ivan Rivers - Sad Around Me/Ivan Rivers - Sad Around Me (Local).wav
NOMAD-0651,Young The Giant,Both Sides Now,HIGH,youtube,wav,14,1,,NOMAD-0651 - Young The Giant - Both Sides Now/Young The Giant - Both Sides Now (Youtube oSiv5p5rrrY).wav,
NOMAD-0652,Jimmy Buffett,Bob Robert's Society Band,HIGH,local,flac,15,2,,NOMAD-0652 - Jimmy Buffett - Bob Robert's Society Band/Jimmy Buffett - Bob Robert's Society Band (Local).flac,NOMAD-0652 - Jimmy Buffett - Bob Robert's Society Band/Jimmy Buffett - Bob Robert's Society Band (Local).wav
NOMAD-0653,"buildspace, MAYV",the end,HIGH,local,wav,15,2,,"NOMAD-0653 - buildspace, MAYV - the end/buildspace, MAYV - the end (Local).wav","NOMAD-0653 - buildspace, MAYV - the end/buildspace, MAYV - the end (Local).mp3"
NOMAD-0654,Frank Turner,A Wave Across A Bay,HIGH,local,flac,15,2,,NOMAD-0654 - Frank Turner - A Wave Across A Bay/Frank Turner - A Wave Across A Bay (Local).flac,NOMAD-0654 - Frank Turner - A Wave Across A Bay/Frank Turner - A Wave Across A Bay (Local).wav
NOMAD-0655,Angel Olsen,Eyes Without A Face,HIGH,local,flac,17,2,,NOMAD-0655 - Angel Olsen - Eyes Without A Face/Angel Olsen - Eyes Without A Face (Local).flac,NOMAD-0655 - Angel Olsen - Eyes Without A Face/Angel Olsen - Eyes Without A Face (Local).wav
NOMAD-0656,Deven May,The Sensitive Song (from Cops),HIGH,local,wav,19,4,,NOMAD-0656 - Deven May - The Sensitive Song (from Cops)/Deven May - The Sensitive Song (from Cops) (Local).wav,NOMAD-0656 - Deven May - The Sensitive Song (from Cops)/Deven May - The Sensitive Song (from Cops) (Local)_G♭_minor__bpm_95.wav ;; NOMAD-0656 - Deven May - The Sensitive Song (from Cops)/Deven May - The Sensitive Song (from Cops) (Local).mp3 ;; NOMAD-0656 - Deven May - The Sensitive Song (from Cops)/Sensitive Song (Cops The Musical) (C) piano.mp3
NOMAD-0657,The Mountain Goats,Night Light,HIGH,local,flac,15,2,,NOMAD-0657 - The Mountain Goats - Night Light/The Mountain Goats - Night Light (Local).flac,NOMAD-0657 - The Mountain Goats - Night Light/The Mountain Goats - Night Light (Local).wav
NOMAD-0658,Steppenwolf,Born To Be Wild,HIGH,local,flac,15,2,,NOMAD-0658 - Steppenwolf - Born To Be Wild/Steppenwolf - Born To Be Wild (Local).flac,NOMAD-0658 - Steppenwolf - Born To Be Wild/Steppenwolf - Born To Be Wild (Local).wav
NOMAD-0659,Bobby Solo,O sole mio,HIGH,local,wav,15,2,,NOMAD-0659 - Bobby Solo - O sole mio/Bobby Solo - O sole mio (Local).wav,NOMAD-0659 - Bobby Solo - O sole mio/Bobby Solo - O sole mio (Local).mp3
NOMAD-0660,HCA West,Driving Quality,HIGH,local,flac,15,2,,NOMAD-0660 - HCA West - Driving Quality/HCA West - Driving Quality (Local).flac,NOMAD-0660 - HCA West - Driving Quality/HCA West - Driving Quality (Local).wav
NOMAD-0661,Engelbert Humperdinck,Marry Me,HIGH,local,wav,15,2,,NOMAD-0661 - Engelbert Humperdinck - Marry Me/Engelbert Humperdinck - Marry Me (Local).wav,NOMAD-0661 - Engelbert Humperdinck - Marry Me/Engelbert Humperdinck - Marry Me (Local).mp3
NOMAD-0662,Mark Knopfler,Are We in Trouble Now,HIGH,local,flac,18,2,,NOMAD-0662 - Mark Knopfler - Are We in Trouble Now/Mark Knopfler - Are We in Trouble Now (Local).flac,NOMAD-0662 - Mark Knopfler - Are We in Trouble Now/Mark Knopfler - Are We in Trouble Now (Local).wav
NOMAD-0663,Danny Pynes,One Night in Spain,HIGH,local,flac,15,2,,NOMAD-0663 - Danny Pynes - One Night in Spain/Danny Pynes - One Night in Spain (Local).flac,NOMAD-0663 - Danny Pynes - One Night in Spain/Danny Pynes - One Night in Spain (Local).wav
NOMAD-0664,The Butterfly Effect,I’m Not Okay,HIGH,local,flac,17,2,,NOMAD-0664 - The Butterfly Effect - I’m Not Okay/The Butterfly Effect - I’m Not Okay (Local).flac,NOMAD-0664 - The Butterfly Effect - I’m Not Okay/The Butterfly Effect - I’m Not Okay (Local).wav
NOMAD-0665,The Sonic Bridges,Sweet Evelyn,HIGH,youtube,wav,17,1,,NOMAD-0665 - The Sonic Bridges - Sweet Evelyn/The Sonic Bridges - Sweet Evelyn (Youtube dgLRNZzWHkY).wav,
NOMAD-0666,Carrie and Jake,Wedding Medley,HIGH,local,flac,9,4,,NOMAD-0666 - Carrie and Jake - Wedding Medley/Carrie and Jake - Wedding Medley (Local).flac,NOMAD-0666 - Carrie and Jake - Wedding Medley/Carrie and Jake - Wedding Medley (Local).wav ;; NOMAD-0666 - Carrie and Jake - Wedding Medley/V3 (Leopard Background)/Carrie and Jake - Wedding Medley (Local).wav ;; NOMAD-0666 - Carrie and Jake - Wedding Medley/Carrie and Jake - Wedding Medley.wav
NOMAD-0667,Gregory Porter,Insanity (feat. Lalah Hathaway),HIGH,local,flac,10,2,,NOMAD-0667 - Gregory Porter - Insanity (feat. Lalah Hathaway)/Gregory Porter - Insanity (feat. Lalah Hathaway) (Local).flac,NOMAD-0667 - Gregory Porter - Insanity (feat. Lalah Hathaway)/Gregory Porter - Insanity (feat. Lalah Hathaway) (Local).wav
NOMAD-0668,Linda Feller,"Ich weiss genau, was ich will",HIGH,local,wav,11,3,,"NOMAD-0668 - Linda Feller - Ich weiss genau, was ich will/Linda Feller - Ich weiss genau, was ich will (Local).wav","NOMAD-0668 - Linda Feller - Ich weiss genau, was ich will/Linda Feller - Ich weiss genau, was ich will (Local).mp3 ;; NOMAD-0668 - Linda Feller - Ich weiss genau, was ich will/05 - Linda Feller - Ich weiß genau was ich will.flac"
NOMAD-0669,Mikey Chuck Rivers,She's Cryin' (I'm Drunk Again),HIGH,youtube,wav,9,1,,NOMAD-0669 - Mikey Chuck Rivers - She's Cryin' (I'm Drunk Again)/Mikey Chuck Rivers - She's Cryin' (I'm Drunk Again) (Youtube qPwIkTDf4A0).wav,
NOMAD-0670,Gregory Porter,Insanity (feat. Lalah Hathaway) (Duet),HIGH,local,flac,5,2,,NOMAD-0670 - Gregory Porter - Insanity (feat. Lalah Hathaway) (Duet)/Gregory Porter - Insanity (feat. Lalah Hathaway) (Duet) (Local).flac,NOMAD-0670 - Gregory Porter - Insanity (feat. Lalah Hathaway) (Duet)/Gregory Porter - Insanity (feat. Lalah Hathaway) (Duet) (Local).wav
NOMAD-0671,Country Rose,Spaß Am Leben,HIGH,local,wav,15,2,,NOMAD-0671 - Country Rose - Spaß Am Leben/Country Rose - Spaß Am Leben (Local).wav,NOMAD-0671 - Country Rose - Spaß Am Leben/Country Rose - Spaß Am Leben (Local).mp3
NOMAD-0672,Tom Astor,Du bist da (wenn's drum geht),HIGH,local,wav,15,2,,NOMAD-0672 - Tom Astor - Du bist da (wenn's drum geht)/Tom Astor - Du bist da (wenn's drum geht) (Local).wav,NOMAD-0672 - Tom Astor - Du bist da (wenn's drum geht)/Tom Astor - Du bist da (wenn's drum geht) (Local).mp3
NOMAD-0673,Linda Feller,"Wenn überhaupt, dann nur Country",HIGH,local,wav,15,2,,"NOMAD-0673 - Linda Feller - Wenn überhaupt, dann nur Country/Linda Feller - Wenn überhaupt, dann nur Country (Local).wav","NOMAD-0673 - Linda Feller - Wenn überhaupt, dann nur Country/Linda Feller - Wenn überhaupt, dann nur Country (Local).mp3"
NOMAD-0674,Alabama,The Fans,HIGH,local,flac,24,2,,NOMAD-0674 - Alabama - The Fans/Alabama - The Fans (Local).flac,NOMAD-0674 - Alabama - The Fans/Alabama - The Fans (Local).wav
NOMAD-0675,Ghost Brothers,What Kind Of Man Am I,HIGH,local,wav,21,2,,NOMAD-0675 - Ghost Brothers - What Kind Of Man Am I/Ghost Brothers - What Kind Of Man Am I (Local).wav,NOMAD-0675 - Ghost Brothers - What Kind Of Man Am I/Ghost Brothers - What Kind Of Man Am I (Local).mp3
NOMAD-0676,The Stand,"Baby, Can You Dig Your Man",HIGH,local,wav,19,2,,"NOMAD-0676 - The Stand - Baby, Can You Dig Your Man/The Stand - Baby, Can You Dig Your Man (Local).wav","NOMAD-0676 - The Stand - Baby, Can You Dig Your Man/The Stand - Baby, Can You Dig Your Man (Local).mp3"
NOMAD-0677,Nu Shooz,I Can't Wait,HIGH,local,flac,19,2,,NOMAD-0677 - Nu Shooz - I Can't Wait/Nu Shooz - I Can't Wait (Local).flac,NOMAD-0677 - Nu Shooz - I Can't Wait/Nu Shooz - I Can't Wait (Local).wav
NOMAD-0678,Freddie Jackson,All I'll Ever Ask (feat. Najee),HIGH,local,flac,26,2,,NOMAD-0678 - Freddie Jackson - All I'll Ever Ask (feat. Najee)/Freddie Jackson - All I'll Ever Ask (feat. Najee) (Local).flac,NOMAD-0678 - Freddie Jackson - All I'll Ever Ask (feat. Najee)/Freddie Jackson - All I'll Ever Ask (feat. Najee) (Local).wav
NOMAD-0679,Linda Feller,Du bist das Salz in meiner Suppe,HIGH,local,wav,26,2,,NOMAD-0679 - Linda Feller - Du bist das Salz in meiner Suppe/Linda Feller - Du bist das Salz in meiner Suppe (Local).wav,NOMAD-0679 - Linda Feller - Du bist das Salz in meiner Suppe/Linda Feller - Du bist das Salz in meiner Suppe (Local).mp3
NOMAD-0680,"Claudia Jung, Tom Astor",Wer Liebe Sucht,HIGH,local,wav,26,2,,"NOMAD-0680 - Claudia Jung, Tom Astor - Wer Liebe Sucht/Claudia Jung, Tom Astor - Wer Liebe Sucht (Local).wav","NOMAD-0680 - Claudia Jung, Tom Astor - Wer Liebe Sucht/Claudia Jung, Tom Astor - Wer Liebe Sucht (Local).mp3"
NOMAD-0681,The Smashing Pumpkins,Tales of a Scorched Earth,HIGH,local,flac,26,2,,NOMAD-0681 - The Smashing Pumpkins - Tales of a Scorched Earth/The Smashing Pumpkins - Tales of a Scorched Earth (Local).flac,NOMAD-0681 - The Smashing Pumpkins - Tales of a Scorched Earth/The Smashing Pumpkins - Tales of a Scorched Earth (Local).wav
NOMAD-0682,The Smashing Pumpkins,Thru the Eyes of Ruby,HIGH,local,flac,26,2,,NOMAD-0682 - The Smashing Pumpkins - Thru the Eyes of Ruby/The Smashing Pumpkins - Thru the Eyes of Ruby (Local).flac,NOMAD-0682 - The Smashing Pumpkins - Thru the Eyes of Ruby/The Smashing Pumpkins - Thru the Eyes of Ruby (Local).wav
NOMAD-0683,Tom Astor,Geistertruck,HIGH,local,wav,26,2,,NOMAD-0683 - Tom Astor - Geistertruck/Tom Astor - Geistertruck (Local).wav,NOMAD-0683 - Tom Astor - Geistertruck/Tom Astor - Geistertruck (Local).mp3
NOMAD-0684,Charlie McCoy,Cherry Berry Wine,HIGH,youtube,wav,25,1,,NOMAD-0684 - Charlie McCoy - Cherry Berry Wine/Charlie McCoy - Cherry Berry Wine (Youtube ttHXxnvcBbQ).wav,
NOMAD-0685,Jon Foreman,White As Snow,HIGH,local,flac,26,2,,NOMAD-0685 - Jon Foreman - White As Snow/Jon Foreman - White As Snow (Local).flac,NOMAD-0685 - Jon Foreman - White As Snow/Jon Foreman - White As Snow (Local).wav
NOMAD-0686,Jhariah,"RISK, RISK, RISK!",HIGH,local,flac,26,2,,"NOMAD-0686 - Jhariah - RISK, RISK, RISK!/Jhariah - RISK, RISK, RISK! (Local).flac","NOMAD-0686 - Jhariah - RISK, RISK, RISK!/Jhariah - RISK, RISK, RISK! (Local).wav"
NOMAD-0687,FLETCHER,Sting,HIGH,local,flac,26,2,,NOMAD-0687 - FLETCHER - Sting/FLETCHER - Sting (Local).flac,NOMAD-0687 - FLETCHER - Sting/FLETCHER - Sting (Local).wav
NOMAD-0688,FLETCHER,Lead Me On,HIGH,local,flac,26,2,,NOMAD-0688 - FLETCHER - Lead Me On/FLETCHER - Lead Me On (Local).flac,NOMAD-0688 - FLETCHER - Lead Me On/FLETCHER - Lead Me On (Local).wav
NOMAD-0689,TV Girl,I Wonder Who She's Kissing Now,HIGH,local,flac,15,2,,NOMAD-0689 - TV Girl - I Wonder Who She's Kissing Now/TV Girl - I Wonder Who She's Kissing Now (Local).flac,NOMAD-0689 - TV Girl - I Wonder Who She's Kissing Now/TV Girl - I Wonder Who She's Kissing Now (Local).wav
NOMAD-0690,Charming Disaster,Blacksnake,HIGH,local,flac,17,2,,NOMAD-0690 - Charming Disaster - Blacksnake/Charming Disaster - Blacksnake (Local).flac,NOMAD-0690 - Charming Disaster - Blacksnake/Charming Disaster - Blacksnake (Local).wav
NOMAD-0691,Red Hot Chili Peppers,Deep Kick,HIGH,local,flac,26,2,,NOMAD-0691 - Red Hot Chili Peppers - Deep Kick/Red Hot Chili Peppers - Deep Kick (Local).flac,NOMAD-0691 - Red Hot Chili Peppers - Deep Kick/Red Hot Chili Peppers - Deep Kick (Local).wav
NOMAD-0692,Jeff Jeffers,Freedoms Price,HIGH,local,wav,19,2,,NOMAD-0692 - Jeff Jeffers - Freedoms Price/Jeff Jeffers - Freedoms Price (Local).wav,NOMAD-0692 - Jeff Jeffers - Freedoms Price/Jeff Jeffers - Freedoms Price (Local).mp3
NOMAD-0693,Debbie Reynolds,Chrissy the Christmas Mouse,HIGH,youtube,wav,6,1,,NOMAD-0693 - Debbie Reynolds - Chrissy the Christmas Mouse/Debbie Reynolds - Chrissy the Christmas Mouse (Youtube tyJ3sovlKKA).wav,
NOMAD-0694,LION BABE,Just Me,HIGH,youtube,wav,25,1,,NOMAD-0694 - LION BABE - Just Me/LION BABE - Just Me (Youtube IW3B-gAqo0c).wav,
NOMAD-0695,Pranati Shah,Albela Sajan,HIGH,youtube,wav,15,1,,NOMAD-0695 - Pranati Shah - Albela Sajan/Pranati Shah - Albela Sajan (Youtube gtsGwmkcfEA).wav,
NOMAD-0696,Bear Ghost,Sirens,HIGH,local,flac,29,2,,NOMAD-0696 - Bear Ghost - Sirens/Bear Ghost - Sirens (Local).flac,NOMAD-0696 - Bear Ghost - Sirens/Bear Ghost - Sirens (Local).wav
NOMAD-0697,LABRYS,Bitch in a Band,HIGH,local,flac,26,2,,NOMAD-0697 - LABRYS - Bitch in a Band/LABRYS - Bitch in a Band (Local).flac,NOMAD-0697 - LABRYS - Bitch in a Band/LABRYS - Bitch in a Band (Local).wav
NOMAD-0698,Luvcat,Matador,HIGH,local,flac,26,2,,NOMAD-0698 - Luvcat - Matador/Luvcat - Matador (Local).flac,NOMAD-0698 - Luvcat - Matador/Luvcat - Matador (Local).wav
NOMAD-0699,Luvcat,He's My Man,HIGH,local,flac,28,2,,NOMAD-0699 - Luvcat - He's My Man/Luvcat - He's My Man (Local).flac,NOMAD-0699 - Luvcat - He's My Man/Luvcat - He's My Man (Local).wav
NOMAD-0700,Bruce Cockburn,Pacing The Cage,HIGH,local,flac,26,2,,NOMAD-0700 - Bruce Cockburn - Pacing The Cage/Bruce Cockburn - Pacing The Cage (Local).flac,NOMAD-0700 - Bruce Cockburn - Pacing The Cage/Bruce Cockburn - Pacing The Cage (Local).wav
NOMAD-0701,Japanese Breakfast,Boyish,HIGH,local,flac,26,2,,NOMAD-0701 - Japanese Breakfast - Boyish/Japanese Breakfast - Boyish (Local).flac,NOMAD-0701 - Japanese Breakfast - Boyish/Japanese Breakfast - Boyish (Local).wav
NOMAD-0702,The Manhattan Transfer,A World Apart,HIGH,local,flac,26,2,,NOMAD-0702 - The Manhattan Transfer - A World Apart/The Manhattan Transfer - A World Apart (Local).flac,NOMAD-0702 - The Manhattan Transfer - A World Apart/The Manhattan Transfer - A World Apart (Local).wav
NOMAD-0703,Talking Heads,Making Flippy Floppy,HIGH,local,flac,26,2,,NOMAD-0703 - Talking Heads - Making Flippy Floppy/Talking Heads - Making Flippy Floppy (Local).flac,NOMAD-0703 - Talking Heads - Making Flippy Floppy/Talking Heads - Making Flippy Floppy (Local).wav
NOMAD-0704,A Perfect Circle,A Stranger,HIGH,local,flac,26,2,,NOMAD-0704 - A Perfect Circle - A Stranger/A Perfect Circle - A Stranger (Local).flac,NOMAD-0704 - A Perfect Circle - A Stranger/A Perfect Circle - A Stranger (Local).wav
NOMAD-0705,Pom Pom Squad,Downhill,HIGH,local,flac,30,4,,NOMAD-0705 - Pom Pom Squad - Downhill/Pom Pom Squad - Downhill (Local).flac,NOMAD-0705 - Pom Pom Squad - Downhill/Pom Pom Squad - Downhill (Local).wav ;; NOMAD-0705 - Pom Pom Squad - Downhill/Pom Pom Squad - Downhill (With 3s Intro).flac ;; NOMAD-0705 - Pom Pom Squad - Downhill/Pom Pom Squad - Downhill (With 3s Intro).wav
NOMAD-0706,Lucinda Williams,Sharp Cutting Wings (Song to a Poet),HIGH,local,flac,26,2,,NOMAD-0706 - Lucinda Williams - Sharp Cutting Wings (Song to a Poet)/Lucinda Williams - Sharp Cutting Wings (Song to a Poet) (Local).flac,NOMAD-0706 - Lucinda Williams - Sharp Cutting Wings (Song to a Poet)/Lucinda Williams - Sharp Cutting Wings (Song to a Poet) (Local).wav
NOMAD-0707,U2,Some Days Are Better Than Others,HIGH,local,flac,26,2,,NOMAD-0707 - U2 - Some Days Are Better Than Others/U2 - Some Days Are Better Than Others (Local).flac,NOMAD-0707 - U2 - Some Days Are Better Than Others/U2 - Some Days Are Better Than Others (Local).wav
NOMAD-0708,The Earons,Land Of Hunger,HIGH,local,flac,18,2,,NOMAD-0708 - The Earons - Land Of Hunger/The Earons - Land Of Hunger (Local).flac,NOMAD-0708 - The Earons - Land Of Hunger/The Earons - Land Of Hunger (Local).wav
NOMAD-0709,Johnny Cash,Sam Hall,HIGH,local,flac,18,2,,NOMAD-0709 - Johnny Cash - Sam Hall/Johnny Cash - Sam Hall (Local).flac,NOMAD-0709 - Johnny Cash - Sam Hall/Johnny Cash - Sam Hall (Local).wav
NOMAD-0710,Thee Midniters,Sad Girl,HIGH,local,flac,18,2,,NOMAD-0710 - Thee Midniters - Sad Girl/Thee Midniters - Sad Girl (Local).flac,NOMAD-0710 - Thee Midniters - Sad Girl/Thee Midniters - Sad Girl (Local).wav
NOMAD-0711,Silversun Pickups,Circadian Rhythm (Last Dance),HIGH,local,flac,18,2,,NOMAD-0711 - Silversun Pickups - Circadian Rhythm (Last Dance)/Silversun Pickups - Circadian Rhythm (Last Dance) (Local).flac,NOMAD-0711 - Silversun Pickups - Circadian Rhythm (Last Dance)/Silversun Pickups - Circadian Rhythm (Last Dance) (Local).wav
NOMAD-0712,Neil Diamond,Pretty Amazing Grace,HIGH,local,flac,18,2,,NOMAD-0712 - Neil Diamond - Pretty Amazing Grace/Neil Diamond - Pretty Amazing Grace (Local).flac,NOMAD-0712 - Neil Diamond - Pretty Amazing Grace/Neil Diamond - Pretty Amazing Grace (Local).wav
NOMAD-0713,Passenger,Survivors,HIGH,local,flac,18,2,,NOMAD-0713 - Passenger - Survivors/Passenger - Survivors (Local).flac,NOMAD-0713 - Passenger - Survivors/Passenger - Survivors (Local).wav
NOMAD-0714,Tom Waits,Don't Go Into the Barn,HIGH,local,flac,18,2,,NOMAD-0714 - Tom Waits - Don't Go Into the Barn/Tom Waits - Don't Go Into the Barn (Local).flac,NOMAD-0714 - Tom Waits - Don't Go Into the Barn/Tom Waits - Don't Go Into the Barn (Local).wav
NOMAD-0715,Kate Bush,Get Out Of My House,HIGH,local,flac,23,2,,NOMAD-0715 - Kate Bush - Get Out Of My House/Kate Bush - Get Out Of My House (Local).flac,NOMAD-0715 - Kate Bush - Get Out Of My House/Kate Bush - Get Out Of My House (Local).wav
NOMAD-0716,venbee,rampage,HIGH,local,flac,18,2,,NOMAD-0716 - venbee - rampage/venbee - rampage (Local).flac,NOMAD-0716 - venbee - rampage/venbee - rampage (Local).wav
NOMAD-0717,venbee,messy in heaven,HIGH,local,flac,18,2,,NOMAD-0717 - venbee - messy in heaven/venbee - messy in heaven (Local).flac,NOMAD-0717 - venbee - messy in heaven/venbee - messy in heaven (Local).wav
NOMAD-0718,Hybrid Minds,Favourite Song,HIGH,local,flac,18,2,,NOMAD-0718 - Hybrid Minds - Favourite Song/Hybrid Minds - Favourite Song (Local).flac,NOMAD-0718 - Hybrid Minds - Favourite Song/Hybrid Minds - Favourite Song (Local).wav
NOMAD-0719,Truck Stop,Dixie Lady,HIGH,local,wav,18,2,,NOMAD-0719 - Truck Stop - Dixie Lady/Truck Stop - Dixie Lady (Local).wav,NOMAD-0719 - Truck Stop - Dixie Lady/Truck Stop - Dixie Lady (Local).mp3
NOMAD-0720,venbee,low down,HIGH,local,flac,25,2,,NOMAD-0720 - venbee - low down/venbee - low down (Local).flac,NOMAD-0720 - venbee - low down/venbee - low down (Local).wav
NOMAD-0721,venbee,ME4 (council estate),HIGH,local,flac,18,2,,NOMAD-0721 - venbee - ME4 (council estate)/venbee - ME4 (council estate) (Local).flac,NOMAD-0721 - venbee - ME4 (council estate)/venbee - ME4 (council estate) (Local).wav
NOMAD-0722,venbee,gutter,HIGH,local,flac,18,2,,NOMAD-0722 - venbee - gutter/venbee - gutter (Local).flac,NOMAD-0722 - venbee - gutter/venbee - gutter (Local).wav
NOMAD-0723,venbee,die young,HIGH,local,flac,18,2,,NOMAD-0723 - venbee - die young/venbee - die young (Local).flac,NOMAD-0723 - venbee - die young/venbee - die young (Local).wav
NOMAD-0724,venbee,If Love Could Have Saved You,HIGH,local,flac,18,2,,NOMAD-0724 - venbee - If Love Could Have Saved You/venbee - If Love Could Have Saved You (Local).flac,NOMAD-0724 - venbee - If Love Could Have Saved You/venbee - If Love Could Have Saved You (Local).wav
NOMAD-0725,venbee,mona lisa,HIGH,local,flac,18,2,,NOMAD-0725 - venbee - mona lisa/venbee - mona lisa (Local).flac,NOMAD-0725 - venbee - mona lisa/venbee - mona lisa (Local).wav
NOMAD-0726,venbee,POV,HIGH,local,flac,18,2,,NOMAD-0726 - venbee - POV/venbee - POV (Local).flac,NOMAD-0726 - venbee - POV/venbee - POV (Local).wav
NOMAD-0727,venbee,ana,HIGH,local,flac,18,2,,NOMAD-0727 - venbee - ana/venbee - ana (Local).flac,NOMAD-0727 - venbee - ana/venbee - ana (Local).wav
NOMAD-0728,Eduard Khil,Trololo,HIGH,local,wav,17,1,,NOMAD-0728 - Eduard Khil - Trololo/Eduard Khil - Trololo (Local).wav,
NOMAD-0729,Maxïmo Park,Books from Boxes,HIGH,local,flac,5,2,,NOMAD-0729 - Maxïmo Park - Books from Boxes/Maxïmo Park - Books from Boxes (Local).flac,NOMAD-0729 - Maxïmo Park - Books from Boxes/Maxïmo Park - Books from Boxes (Local).wav
NOMAD-0730,Mötley Crüe,Sticky Sweet,HIGH,local,flac,7,2,,NOMAD-0730 - Mötley Crüe - Sticky Sweet/Mötley Crüe - Sticky Sweet (Local).flac,NOMAD-0730 - Mötley Crüe - Sticky Sweet/Mötley Crüe - Sticky Sweet (Local).wav
NOMAD-0731,Mötley Crüe,Slice of Your Pie,HIGH,local,flac,7,2,,NOMAD-0731 - Mötley Crüe - Slice of Your Pie/Mötley Crüe - Slice of Your Pie (Local).flac,NOMAD-0731 - Mötley Crüe - Slice of Your Pie/Mötley Crüe - Slice of Your Pie (Local).wav
NOMAD-0732,Arctic Monkeys,Mardy Bum,HIGH,local,flac,11,2,,NOMAD-0732 - Arctic Monkeys - Mardy Bum/Arctic Monkeys - Mardy Bum (Local).flac,NOMAD-0732 - Arctic Monkeys - Mardy Bum/Arctic Monkeys - Mardy Bum (Local).wav
NOMAD-0733,Tom Astor,Verrückt sein und sonst gar nichts,HIGH,local,wav,11,2,,NOMAD-0733 - Tom Astor - Verrückt sein und sonst gar nichts/Tom Astor - Verrückt sein und sonst gar nichts (Local).wav,NOMAD-0733 - Tom Astor - Verrückt sein und sonst gar nichts/Tom Astor - Verrückt sein und sonst gar nichts (Local).mp3
NOMAD-0734,Truck Stop,Lisa,HIGH,local,wav,11,2,,NOMAD-0734 - Truck Stop - Lisa/Truck Stop - Lisa (Local).wav,NOMAD-0734 - Truck Stop - Lisa/Truck Stop - Lisa (Local).mp3
NOMAD-0735,Ten Years After,Outside My Window,HIGH,local,wav,10,1,,NOMAD-0735 - Ten Years After - Outside My Window/Ten Years After - Outside My Window (Local).wav,
NOMAD-0736,Soccer Mommy,Lost,HIGH,local,flac,11,2,,NOMAD-0736 - Soccer Mommy - Lost/Soccer Mommy - Lost (Local).flac,NOMAD-0736 - Soccer Mommy - Lost/Soccer Mommy - Lost (Local).wav
NOMAD-0737,La Santa Cecilia,Un Mundo Raro (Inspirado en Coco),HIGH,local,flac,11,2,,NOMAD-0737 - La Santa Cecilia - Un Mundo Raro (Inspirado en Coco)/La Santa Cecilia - Un Mundo Raro (Inspirado en Coco) (Local).flac,NOMAD-0737 - La Santa Cecilia - Un Mundo Raro (Inspirado en Coco)/La Santa Cecilia - Un Mundo Raro (Inspirado en Coco) (Local).wav
NOMAD-0738,Willie Nelson,It Always Will Be,HIGH,local,flac,11,2,,NOMAD-0738 - Willie Nelson - It Always Will Be/Willie Nelson - It Always Will Be (Local).flac,NOMAD-0738 - Willie Nelson - It Always Will Be/Willie Nelson - It Always Will Be (Local).wav
NOMAD-0739,P.E.P.E,Shadilay,HIGH,local,flac,11,2,,NOMAD-0739 - P.E.P.E - Shadilay/P.E.P.E - Shadilay (Local).flac,NOMAD-0739 - P.E.P.E - Shadilay/P.E.P.E - Shadilay (Local).wav
NOMAD-0740,Marc Scibilia,More To This,HIGH,youtube,wav,11,2,,NOMAD-0740 - Marc Scibilia - More To This/Marc Scibilia - More To This (Youtube 73kHCvLuiHc).wav,NOMAD-0740 - Marc Scibilia - More To This/Marc Scibilia - More To This (Youtube 73kHCvLuiHc).webm
NOMAD-0741,Falling In Reverse,Bad Guy,HIGH,local,flac,13,2,,NOMAD-0741 - Falling In Reverse - Bad Guy/Falling In Reverse - Bad Guy (Local).flac,NOMAD-0741 - Falling In Reverse - Bad Guy/Falling In Reverse - Bad Guy (Local).wav
NOMAD-0742,Dominic Fike,How Much Is Weed,HIGH,local,flac,16,2,,NOMAD-0742 - Dominic Fike - How Much Is Weed/Dominic Fike - How Much Is Weed (Local).flac,NOMAD-0742 - Dominic Fike - How Much Is Weed/Dominic Fike - How Much Is Weed (Local).wav
NOMAD-0743,Huey Lewis And The News,We're Not Here For A Long Time (We're Here For A Good Time),HIGH,local,flac,16,2,,NOMAD-0743 - Huey Lewis And The News - We're Not Here For A Long Time (We're Here For A Good Time)/Huey Lewis And The News - We're Not Here For A Long Time (We're Here For A Good Time) (Local).flac,NOMAD-0743 - Huey Lewis And The News - We're Not Here For A Long Time (We're Here For A Good Time)/Huey Lewis And The News - We're Not Here For A Long Time (We're Here For A Good Time) (Local).wav
NOMAD-0744,Starship,Set the Night to Music,HIGH,local,flac,15,2,,NOMAD-0744 - Starship - Set the Night to Music/Starship - Set the Night to Music (Local).flac,NOMAD-0744 - Starship - Set the Night to Music/Starship - Set the Night to Music (Local).wav
NOMAD-0745,Joni Mitchell,Cactus Tree,HIGH,local,flac,16,2,,NOMAD-0745 - Joni Mitchell - Cactus Tree/Joni Mitchell - Cactus Tree (Local).flac,NOMAD-0745 - Joni Mitchell - Cactus Tree/Joni Mitchell - Cactus Tree (Local).wav
NOMAD-0746,Next to Normal,I'm Alive,HIGH,local,flac,15,2,,NOMAD-0746 - Next to Normal - I'm Alive/Next to Normal - I'm Alive (Local).flac,NOMAD-0746 - Next to Normal - I'm Alive/Next to Normal - I'm Alive (Local).wav
NOMAD-0747,Eartha Kitt,Santa Baby,HIGH,local,flac,16,2,,NOMAD-0747 - Eartha Kitt - Santa Baby/Eartha Kitt - Santa Baby (Local).flac,NOMAD-0747 - Eartha Kitt - Santa Baby/Eartha Kitt - Santa Baby (Local).wav
NOMAD-0748,System Of A Down,Metro,HIGH,local,flac,18,2,,NOMAD-0748 - System Of A Down - Metro/System Of A Down - Metro (Local).flac,NOMAD-0748 - System Of A Down - Metro/System Of A Down - Metro (Local).wav
NOMAD-0749,Wild Beasts,Mecca,HIGH,local,flac,17,2,,NOMAD-0749 - Wild Beasts - Mecca/Wild Beasts - Mecca (Local).flac,NOMAD-0749 - Wild Beasts - Mecca/Wild Beasts - Mecca (Local).wav
NOMAD-0750,Wild Beasts,Bed Of Nails,HIGH,local,flac,17,2,,NOMAD-0750 - Wild Beasts - Bed Of Nails/Wild Beasts - Bed Of Nails (Local).flac,NOMAD-0750 - Wild Beasts - Bed Of Nails/Wild Beasts - Bed Of Nails (Local).wav
NOMAD-0751,Rick James,Love Gun,HIGH,local,flac,17,2,,NOMAD-0751 - Rick James - Love Gun/Rick James - Love Gun (Local).flac,NOMAD-0751 - Rick James - Love Gun/Rick James - Love Gun (Local).wav
NOMAD-0752,Elmo & Patsy,Grandma Got Run Over By A Reindeer,HIGH,local,flac,17,2,,NOMAD-0752 - Elmo & Patsy - Grandma Got Run Over By A Reindeer/Elmo & Patsy - Grandma Got Run Over By A Reindeer (Local).flac,NOMAD-0752 - Elmo & Patsy - Grandma Got Run Over By A Reindeer/Elmo & Patsy - Grandma Got Run Over By A Reindeer (Local).wav
NOMAD-0753,Bad Wolves [ft. KILLBOY],It's You (2 Months),HIGH,local,flac,17,2,,NOMAD-0753 - Bad Wolves [ft. KILLBOY] - It's You (2 Months)/Bad Wolves [ft. KILLBOY] - It's You (2 Months) (Local).flac,NOMAD-0753 - Bad Wolves [ft. KILLBOY] - It's You (2 Months)/Bad Wolves [ft. KILLBOY] - It's You (2 Months) (Local).wav
NOMAD-0754,Boney James,What Are You Doing New Year's Eve (feat. Bobby Caldwell),HIGH,local,flac,17,2,,NOMAD-0754 - Boney James - What Are You Doing New Year's Eve (feat. Bobby Caldwell)/Boney James - What Are You Doing New Year's Eve (feat. Bobby Caldwell) (Local).flac,NOMAD-0754 - Boney James - What Are You Doing New Year's Eve (feat. Bobby Caldwell)/Boney James - What Are You Doing New Year's Eve (feat. Bobby Caldwell) (Local).wav
NOMAD-0755,James,Beautiful Beaches,HIGH,local,flac,18,2,,NOMAD-0755 - James - Beautiful Beaches/James - Beautiful Beaches (Local).flac,NOMAD-0755 - James - Beautiful Beaches/James - Beautiful Beaches (Local).wav
NOMAD-0756,James,Is This Love,HIGH,local,flac,18,2,,NOMAD-0756 - James - Is This Love/James - Is This Love (Local).flac,NOMAD-0756 - James - Is This Love/James - Is This Love (Local).wav
NOMAD-0757,James,Our World,HIGH,local,flac,18,2,,NOMAD-0757 - James - Our World/James - Our World (Local).flac,NOMAD-0757 - James - Our World/James - Our World (Local).wav
NOMAD-0758,Truck Stop,Lass dir nie den Tag verderben,HIGH,original,wav,14,2,,NOMAD-0758 - Truck Stop - Lass dir nie den Tag verderben/Truck Stop - Lass dir nie den Tag verderben (Original).wav,NOMAD-0758 - Truck Stop - Lass dir nie den Tag verderben/Truck Stop - Lass dir nie den Tag verderben (Original).mp3
NOMAD-0759,Truck Stop,"Emmylou, Emmylou",HIGH,original,flac,14,2,,"NOMAD-0759 - Truck Stop - Emmylou, Emmylou/Truck Stop - Emmylou, Emmylou (Original).flac","NOMAD-0759 - Truck Stop - Emmylou, Emmylou/Truck Stop - Emmylou, Emmylou (Original).wav"
NOMAD-0760,Ian Noe,If Today Doesn't Do Me In,HIGH,original,flac,14,2,,NOMAD-0760 - Ian Noe - If Today Doesn't Do Me In/Ian Noe - If Today Doesn't Do Me In (Original).flac,NOMAD-0760 - Ian Noe - If Today Doesn't Do Me In/Ian Noe - If Today Doesn't Do Me In (Original).wav
NOMAD-0761,Bug Hunter,Braggin',HIGH,original,flac,14,2,,NOMAD-0761 - Bug Hunter - Braggin'/Bug Hunter - Braggin' (Original).flac,NOMAD-0761 - Bug Hunter - Braggin'/Bug Hunter - Braggin' (Original).wav
NOMAD-0762,P.M. Dawn,Plastic,HIGH,original,flac,14,2,,NOMAD-0762 - P.M. Dawn - Plastic/P.M. Dawn - Plastic (Original).flac,NOMAD-0762 - P.M. Dawn - Plastic/P.M. Dawn - Plastic (Original).wav
NOMAD-0763,Uncle Tupelo,Still Be Around,HIGH,original,flac,14,2,,NOMAD-0763 - Uncle Tupelo - Still Be Around/Uncle Tupelo - Still Be Around (Original).flac,NOMAD-0763 - Uncle Tupelo - Still Be Around/Uncle Tupelo - Still Be Around (Original).wav
NOMAD-0764,Heather Maloney + Darlingside,No Shortcuts,HIGH,original,flac,15,2,,NOMAD-0764 - Heather Maloney + Darlingside - No Shortcuts/Heather Maloney + Darlingside - No Shortcuts (Original).flac,NOMAD-0764 - Heather Maloney + Darlingside - No Shortcuts/Heather Maloney + Darlingside - No Shortcuts (Original).wav
NOMAD-0765,Judas Priest,Love Bites,HIGH,original,flac,14,2,,NOMAD-0765 - Judas Priest - Love Bites/Judas Priest - Love Bites (Original).flac,NOMAD-0765 - Judas Priest - Love Bites/Judas Priest - Love Bites (Original).wav
NOMAD-0766,Postmodern Jukebox,Video Killed the Radio Star,HIGH,original,flac,14,2,,NOMAD-0766 - Postmodern Jukebox - Video Killed the Radio Star/Postmodern Jukebox - Video Killed the Radio Star (Original).flac,NOMAD-0766 - Postmodern Jukebox - Video Killed the Radio Star/Postmodern Jukebox - Video Killed the Radio Star (Original).wav
NOMAD-0767,Charming Disaster,Grifters,HIGH,original,wav,13,2,,NOMAD-0767 - Charming Disaster - Grifters/Charming Disaster - Grifters (Original).wav,NOMAD-0767 - Charming Disaster - Grifters/Charming Disaster - Grifters (Original).mp3
NOMAD-0768,"hey, nothing",Flora,HIGH,original,flac,14,2,,"NOMAD-0768 - hey, nothing - Flora/hey, nothing - Flora (Original).flac","NOMAD-0768 - hey, nothing - Flora/hey, nothing - Flora (Original).wav"
NOMAD-0769,Émilie Simon,Ballad of the Big Machine,HIGH,original,flac,15,2,,NOMAD-0769 - Émilie Simon - Ballad of the Big Machine/Émilie Simon - Ballad of the Big Machine (Original).flac,NOMAD-0769 - Émilie Simon - Ballad of the Big Machine/Émilie Simon - Ballad of the Big Machine (Original).wav
NOMAD-0770,Meat Loaf,Live Or Die,HIGH,original,flac,14,2,,NOMAD-0770 - Meat Loaf - Live Or Die/Meat Loaf - Live Or Die (Original).flac,NOMAD-0770 - Meat Loaf - Live Or Die/Meat Loaf - Live Or Die (Original).wav
NOMAD-0771,Stephen Wilson Jr.,patches,HIGH,original,flac,15,2,,NOMAD-0771 - Stephen Wilson Jr. - patches/Stephen Wilson Jr. - patches (Original).flac,NOMAD-0771 - Stephen Wilson Jr. - patches/Stephen Wilson Jr. - patches (Original).wav
NOMAD-0772,BoySetsFire,Hometown Report Card,HIGH,original,flac,15,2,,NOMAD-0772 - BoySetsFire - Hometown Report Card/BoySetsFire - Hometown Report Card (Original).flac,NOMAD-0772 - BoySetsFire - Hometown Report Card/BoySetsFire - Hometown Report Card (Original).wav
NOMAD-0773,Ruen Brothers,Don't Know What's Come Over You,HIGH,original,flac,15,2,,NOMAD-0773 - Ruen Brothers - Don't Know What's Come Over You/Ruen Brothers - Don't Know What's Come Over You (Original).flac,NOMAD-0773 - Ruen Brothers - Don't Know What's Come Over You/Ruen Brothers - Don't Know What's Come Over You (Original).wav
NOMAD-0774,Marco McDewey,Empty Cages & Loving Hearts,HIGH,original,wav,14,2,,NOMAD-0774 - Marco McDewey - Empty Cages & Loving Hearts/Marco McDewey - Empty Cages & Loving Hearts (Original).wav,NOMAD-0774 - Marco McDewey - Empty Cages & Loving Hearts/Marco McDewey - Empty Cages & Loving Hearts (Original).mp3
NOMAD-0775,Marco McDewey,"Drill Oil, Baby Drill",HIGH,original,wav,20,2,,"NOMAD-0775 - Marco McDewey - Drill Oil, Baby Drill/Marco McDewey - Drill Oil, Baby Drill (Original).wav","NOMAD-0775 - Marco McDewey - Drill Oil, Baby Drill/Marco McDewey - Drill Oil, Baby Drill (Original).mp3"
NOMAD-0776,Marco McDewey,Stupid Life,HIGH,original,wav,14,2,,NOMAD-0776 - Marco McDewey - Stupid Life/Marco McDewey - Stupid Life (Original).wav,NOMAD-0776 - Marco McDewey - Stupid Life/Marco McDewey - Stupid Life (Original).mp3
NOMAD-0777,Marco McDewey,In love with my Chevy truck,HIGH,original,wav,14,2,,NOMAD-0777 - Marco McDewey - In love with my Chevy truck/Marco McDewey - In love with my Chevy truck (Original).wav,NOMAD-0777 - Marco McDewey - In love with my Chevy truck/Marco McDewey - In love with my Chevy truck (Original).mp3
NOMAD-0778,Marco McDewey,The Tax Song,HIGH,original,wav,14,2,,NOMAD-0778 - Marco McDewey - The Tax Song/Marco McDewey - The Tax Song (Original).wav,NOMAD-0778 - Marco McDewey - The Tax Song/Marco McDewey - The Tax Song (Original).mp3
NOMAD-0779,Marco McDewey,It’s just a dog,HIGH,original,wav,14,2,,NOMAD-0779 - Marco McDewey - It’s just a dog/Marco McDewey - It’s just a dog (Original).wav,NOMAD-0779 - Marco McDewey - It’s just a dog/Marco McDewey - It’s just a dog (Original).mp3
NOMAD-0780,Marco McDewey,Chase their blues away,HIGH,original,wav,14,2,,NOMAD-0780 - Marco McDewey - Chase their blues away/Marco McDewey - Chase their blues away (Original).wav,NOMAD-0780 - Marco McDewey - Chase their blues away/Marco McDewey - Chase their blues away (Original).mp3
NOMAD-0781,JT McClelland,I Love You More,HIGH,original,wav,14,2,,NOMAD-0781 - JT McClelland - I Love You More/JT McClelland - I Love You More (Original).wav,NOMAD-0781 - JT McClelland - I Love You More/JT McClelland - I Love You More (Original).mp3
NOMAD-0782,Marco McDewey,Down to Nothing,HIGH,original,wav,14,2,,NOMAD-0782 - Marco McDewey - Down to Nothing/Marco McDewey - Down to Nothing (Original).wav,NOMAD-0782 - Marco McDewey - Down to Nothing/Marco McDewey - Down to Nothing (Original).mp3
NOMAD-0783,Trent Tomlinson,I Called up Hell,HIGH,original,flac,14,2,,NOMAD-0783 - Trent Tomlinson - I Called up Hell/Trent Tomlinson - I Called up Hell (Original).flac,NOMAD-0783 - Trent Tomlinson - I Called up Hell/Trent Tomlinson - I Called up Hell (Original).wav
NOMAD-0784,Jonny Hill,Darling,HIGH,original,wav,14,2,,NOMAD-0784 - Jonny Hill - Darling/Jonny Hill - Darling (Original).wav,NOMAD-0784 - Jonny Hill - Darling/Jonny Hill - Darling (Original).mp3
NOMAD-0785,Dylan Scott,Leave Her Alone,HIGH,original,flac,15,2,,NOMAD-0785 - Dylan Scott - Leave Her Alone/Dylan Scott - Leave Her Alone (Original).flac,NOMAD-0785 - Dylan Scott - Leave Her Alone/Dylan Scott - Leave Her Alone (Original).wav
NOMAD-0786,Jon Astley,Jane's Getting Serious,HIGH,original,flac,15,2,,NOMAD-0786 - Jon Astley - Jane's Getting Serious/Jon Astley - Jane's Getting Serious (Original).flac,NOMAD-0786 - Jon Astley - Jane's Getting Serious/Jon Astley - Jane's Getting Serious (Original).wav
NOMAD-0787,Meat Loaf,Getting Away With Murder,HIGH,original,flac,15,2,,NOMAD-0787 - Meat Loaf - Getting Away With Murder/Meat Loaf - Getting Away With Murder (Original).flac,NOMAD-0787 - Meat Loaf - Getting Away With Murder/Meat Loaf - Getting Away With Murder (Original).wav
NOMAD-0788,Busta Rhymes,Do It To Death,HIGH,original,flac,15,2,,NOMAD-0788 - Busta Rhymes - Do It To Death/Busta Rhymes - Do It To Death (Original).flac,NOMAD-0788 - Busta Rhymes - Do It To Death/Busta Rhymes - Do It To Death (Original).wav
NOMAD-0789,Chelsea Cutler,Your Bones,HIGH,original,flac,15,2,,NOMAD-0789 - Chelsea Cutler - Your Bones/Chelsea Cutler - Your Bones (Original).flac,NOMAD-0789 - Chelsea Cutler - Your Bones/Chelsea Cutler - Your Bones (Original).wav
NOMAD-0790,Terry Dennis,Keep Georgia Between Us,HIGH,original,flac,33,4,,NOMAD-0790 - Terry Dennis - Keep Georgia Between Us/J.R. Shelby artist name/J.R. Shelby - Keep Georgia Between Us (Original).flac,NOMAD-0790 - Terry Dennis - Keep Georgia Between Us/J.R. Shelby artist name/J.R. Shelby - Keep Georgia Between Us (Original).wav ;; NOMAD-0790 - Terry Dennis - Keep Georgia Between Us/Terry Dennis - Keep Georgia Between Us (Original).wav ;; NOMAD-0790 - Terry Dennis - Keep Georgia Between Us/Terry Dennis - Keep Georgia Between Us (Original).mp3
NOMAD-0791,Phil Collins,Doesn't Anybody Stay Together Anymore,HIGH,original,flac,15,2,,NOMAD-0791 - Phil Collins - Doesn't Anybody Stay Together Anymore/Phil Collins - Doesn't Anybody Stay Together Anymore (Original).flac,NOMAD-0791 - Phil Collins - Doesn't Anybody Stay Together Anymore/Phil Collins - Doesn't Anybody Stay Together Anymore (Original).wav
NOMAD-0792,Grant Langston,The Real Man,HIGH,original,flac,15,2,,NOMAD-0792 - Grant Langston - The Real Man/Grant Langston - The Real Man (Original).flac,NOMAD-0792 - Grant Langston - The Real Man/Grant Langston - The Real Man (Original).wav
NOMAD-0793,Cynthia Rhodes,Finding Out The Hard Way,HIGH,original,flac,15,2,,NOMAD-0793 - Cynthia Rhodes - Finding Out The Hard Way/Cynthia Rhodes - Finding Out The Hard Way (Original).flac,NOMAD-0793 - Cynthia Rhodes - Finding Out The Hard Way/Cynthia Rhodes - Finding Out The Hard Way (Original).wav
NOMAD-0794,Herbie Hancock feat. Jonny Lang & Joss Stone,When Love Comes to Town,HIGH,original,flac,16,2,,NOMAD-0794 - Herbie Hancock feat. Jonny Lang & Joss Stone - When Love Comes to Town/Herbie Hancock feat. Jonny Lang & Joss Stone - When Love Comes to Town (Original).flac,NOMAD-0794 - Herbie Hancock feat. Jonny Lang & Joss Stone - When Love Comes to Town/Herbie Hancock feat. Jonny Lang & Joss Stone - When Love Comes to Town (Original).wav
NOMAD-0795,Jefferson Starship,Layin' It On The Line,HIGH,original,flac,17,2,,NOMAD-0795 - Jefferson Starship - Layin' It On The Line/Jefferson Starship - Layin' It On The Line (Original).flac,NOMAD-0795 - Jefferson Starship - Layin' It On The Line/Jefferson Starship - Layin' It On The Line (Original).wav
NOMAD-0796,Rob Zombie feat. Marilyn Manson,Helter Skelter,HIGH,original,flac,15,2,,NOMAD-0796 - Rob Zombie feat. Marilyn Manson - Helter Skelter/Rob Zombie feat. Marilyn Manson - Helter Skelter (Original).flac,NOMAD-0796 - Rob Zombie feat. Marilyn Manson - Helter Skelter/Rob Zombie feat. Marilyn Manson - Helter Skelter (Original).wav
NOMAD-0797,Madison Cunningham,Song In My Head,HIGH,original,flac,17,2,,NOMAD-0797 - Madison Cunningham - Song In My Head/Madison Cunningham - Song In My Head (Original).flac,NOMAD-0797 - Madison Cunningham - Song In My Head/Madison Cunningham - Song In My Head (Original).wav
NOMAD-0798,Daniel James Clarke,Snow,HIGH,original,flac,5,2,,NOMAD-0798 - Daniel James Clarke - Snow/Daniel James Clarke - Snow (Original).flac,NOMAD-0798 - Daniel James Clarke - Snow/Daniel James Clarke - Snow (Original).wav
NOMAD-0799,Tracy Lawrence,The Holes That He Dug,HIGH,original,flac,15,2,,NOMAD-0799 - Tracy Lawrence - The Holes That He Dug/Tracy Lawrence - The Holes That He Dug (Original).flac,NOMAD-0799 - Tracy Lawrence - The Holes That He Dug/Tracy Lawrence - The Holes That He Dug (Original).wav
NOMAD-0800,Billy Ray Cyrus,Thrillbilly,HIGH,original,flac,15,2,,NOMAD-0800 - Billy Ray Cyrus - Thrillbilly/Billy Ray Cyrus - Thrillbilly (Original).flac,NOMAD-0800 - Billy Ray Cyrus - Thrillbilly/Billy Ray Cyrus - Thrillbilly (Original).wav
NOMAD-0801,Trent Tomlinson,The Next Time,HIGH,original,flac,15,2,,NOMAD-0801 - Trent Tomlinson - The Next Time/Trent Tomlinson - The Next Time (Original).flac,NOMAD-0801 - Trent Tomlinson - The Next Time/Trent Tomlinson - The Next Time (Original).wav
NOMAD-0802,Tianna Esperanza,Buy You A New Attitude,HIGH,original,flac,15,2,,NOMAD-0802 - Tianna Esperanza - Buy You A New Attitude/Tianna Esperanza - Buy You A New Attitude (Original).flac,NOMAD-0802 - Tianna Esperanza - Buy You A New Attitude/Tianna Esperanza - Buy You A New Attitude (Original).wav
NOMAD-0803,Jose Feliciano,California Dreamin',HIGH,original,flac,15,2,,NOMAD-0803 - Jose Feliciano - California Dreamin'/Jose Feliciano - California Dreamin' (Original).flac,NOMAD-0803 - Jose Feliciano - California Dreamin'/Jose Feliciano - California Dreamin' (Original).wav
NOMAD-0804,Sarah McLachlan,Possession (Piano Version),NO_SOURCE,karaoke-sourced,,16,0,source-was-karaoke,,
NOMAD-0805,Erykah Badu,Rimshot (Intro),HIGH,original,flac,18,4,,NOMAD-0805 - Erykah Badu - Rimshot (Intro)/Erykah Badu - Rimshot (Intro) (Original).flac,NOMAD-0805 - Erykah Badu - Rimshot (Intro)/Erykah Badu - Rimshot (Intro) (Original).wav ;; NOMAD-0805 - Erykah Badu - Rimshot (Intro)/Erykah Badu - Rimshot (Intro) (Youtube Emx1sUaecnU).wav ;; NOMAD-0805 - Erykah Badu - Rimshot (Intro)/Erykah Badu - Rimshot (Intro) (Youtube Emx1sUaecnU).webm
NOMAD-0806,Ayron Jones,Filthy,HIGH,original,flac,15,2,,NOMAD-0806 - Ayron Jones - Filthy/Ayron Jones - Filthy (Original).flac,NOMAD-0806 - Ayron Jones - Filthy/Ayron Jones - Filthy (Original).wav
NOMAD-0807,Atmosphere,Bad Bad Daddy,HIGH,original,flac,15,2,,NOMAD-0807 - Atmosphere - Bad Bad Daddy/Atmosphere - Bad Bad Daddy (Original).flac,NOMAD-0807 - Atmosphere - Bad Bad Daddy/Atmosphere - Bad Bad Daddy (Original).wav
NOMAD-0808,Flight of the Conchords,You Don't Have To Be A Prostitute,HIGH,original,flac,15,2,,NOMAD-0808 - Flight of the Conchords - You Don't Have To Be A Prostitute/Flight of the Conchords - You Don't Have To Be A Prostitute (Original).flac,NOMAD-0808 - Flight of the Conchords - You Don't Have To Be A Prostitute/Flight of the Conchords - You Don't Have To Be A Prostitute (Original).wav
NOMAD-0809,Weird Al Yankovic,CNR,HIGH,original,flac,15,2,,NOMAD-0809 - Weird Al Yankovic - CNR/Weird Al Yankovic - CNR (Original).flac,NOMAD-0809 - Weird Al Yankovic - CNR/Weird Al Yankovic - CNR (Original).wav
NOMAD-0810,Justin Timberlake,FutureSex _ LoveSound,HIGH,original,flac,15,2,,NOMAD-0810 - Justin Timberlake - FutureSex _ LoveSound/Justin Timberlake - FutureSex _ LoveSound (Original).flac,NOMAD-0810 - Justin Timberlake - FutureSex _ LoveSound/Justin Timberlake - FutureSex _ LoveSound (Original).wav
NOMAD-0811,Vincent James,I'll Always Love You,HIGH,original,wav,15,2,,NOMAD-0811 - Vincent James - I'll Always Love You/Vincent James - I'll Always Love You (Original).wav,NOMAD-0811 - Vincent James - I'll Always Love You/Vincent James - I'll Always Love You (Original).mp3
NOMAD-0812,Die Antwoord,Fatty Boom Boom,HIGH,original,flac,15,2,,NOMAD-0812 - Die Antwoord - Fatty Boom Boom/Die Antwoord - Fatty Boom Boom (Original).flac,NOMAD-0812 - Die Antwoord - Fatty Boom Boom/Die Antwoord - Fatty Boom Boom (Original).wav
NOMAD-0813,Eagles,Those Shoes,HIGH,original,flac,15,2,,NOMAD-0813 - Eagles - Those Shoes/Eagles - Those Shoes (Original).flac,NOMAD-0813 - Eagles - Those Shoes/Eagles - Those Shoes (Original).wav
NOMAD-0814,Nancy Sinatra & Lee Hazlewood,Some Velvet Morning,HIGH,original,flac,15,2,,NOMAD-0814 - Nancy Sinatra & Lee Hazlewood - Some Velvet Morning/Nancy Sinatra & Lee Hazlewood - Some Velvet Morning (Original).flac,NOMAD-0814 - Nancy Sinatra & Lee Hazlewood - Some Velvet Morning/Nancy Sinatra & Lee Hazlewood - Some Velvet Morning (Original).wav
NOMAD-0815,Atomic Cafe,Killing An Afternoon,HIGH,original,flac,15,2,,NOMAD-0815 - Atomic Cafe - Killing An Afternoon/Atomic Cafe - Killing An Afternoon (Original).flac,NOMAD-0815 - Atomic Cafe - Killing An Afternoon/Atomic Cafe - Killing An Afternoon (Original).wav
NOMAD-0816,Tom Astor,Sweet Caroline,HIGH,original,wav,15,2,,NOMAD-0816 - Tom Astor - Sweet Caroline/Tom Astor - Sweet Caroline (Original).wav,NOMAD-0816 - Tom Astor - Sweet Caroline/Tom Astor - Sweet Caroline (Original).mp3
NOMAD-0817,Dave Matthews,Some Devil,HIGH,original,flac,15,2,,NOMAD-0817 - Dave Matthews - Some Devil/Dave Matthews - Some Devil (Original).flac,NOMAD-0817 - Dave Matthews - Some Devil/Dave Matthews - Some Devil (Original).wav
NOMAD-0818,Crash Test Dummies,Keep a Lid on Things,HIGH,original,flac,15,2,,NOMAD-0818 - Crash Test Dummies - Keep a Lid on Things/Crash Test Dummies - Keep a Lid on Things (Original).flac,NOMAD-0818 - Crash Test Dummies - Keep a Lid on Things/Crash Test Dummies - Keep a Lid on Things (Original).wav
NOMAD-0819,Flight of the Conchords,Inner City Pressure,HIGH,original,flac,15,2,,NOMAD-0819 - Flight of the Conchords - Inner City Pressure/Flight of the Conchords - Inner City Pressure (Original).flac,NOMAD-0819 - Flight of the Conchords - Inner City Pressure/Flight of the Conchords - Inner City Pressure (Original).wav
NOMAD-0820,Flight of the Conchords,Inner City Pressure (Duet),HIGH,original,flac,15,2,,NOMAD-0820 - Flight of the Conchords - Inner City Pressure (Duet)/Flight of the Conchords - Inner City Pressure (Duet) (Original).flac,NOMAD-0820 - Flight of the Conchords - Inner City Pressure (Duet)/Flight of the Conchords - Inner City Pressure (Duet) (Original).wav
NOMAD-0821,Meat Loaf,Seize The Night,HIGH,original,flac,16,2,,NOMAD-0821 - Meat Loaf - Seize The Night/Meat Loaf - Seize The Night (Original).flac,NOMAD-0821 - Meat Loaf - Seize The Night/Meat Loaf - Seize The Night (Original).wav
NOMAD-0822,Testament,Brotherhood of the Snake,HIGH,original,flac,15,2,,NOMAD-0822 - Testament - Brotherhood of the Snake/Testament - Brotherhood of the Snake (Original).flac,NOMAD-0822 - Testament - Brotherhood of the Snake/Testament - Brotherhood of the Snake (Original).wav
NOMAD-0823,Qveen Herby,Mission,HIGH,original,flac,15,2,,NOMAD-0823 - Qveen Herby - Mission/Qveen Herby - Mission (Original).flac,NOMAD-0823 - Qveen Herby - Mission/Qveen Herby - Mission (Original).wav
NOMAD-0824,Qveen Herby,Juice,HIGH,original,flac,15,2,,NOMAD-0824 - Qveen Herby - Juice/Qveen Herby - Juice (Original).flac,NOMAD-0824 - Qveen Herby - Juice/Qveen Herby - Juice (Original).wav
NOMAD-0825,Qveen Herby,Pre Roll,HIGH,original,flac,15,2,,NOMAD-0825 - Qveen Herby - Pre Roll/Qveen Herby - Pre Roll (Original).flac,NOMAD-0825 - Qveen Herby - Pre Roll/Qveen Herby - Pre Roll (Original).wav
NOMAD-0826,Qveen Herby,5D,HIGH,original,flac,15,2,,NOMAD-0826 - Qveen Herby - 5D/Qveen Herby - 5D (Original).flac,NOMAD-0826 - Qveen Herby - 5D/Qveen Herby - 5D (Original).wav
NOMAD-0827,Qveen Herby,Mint,HIGH,original,flac,15,2,,NOMAD-0827 - Qveen Herby - Mint/Qveen Herby - Mint (Original).flac,NOMAD-0827 - Qveen Herby - Mint/Qveen Herby - Mint (Original).wav
NOMAD-0828,Luvcat,Love & Money,HIGH,original,flac,15,2,,NOMAD-0828 - Luvcat - Love & Money/Luvcat - Love & Money (Original).flac,NOMAD-0828 - Luvcat - Love & Money/Luvcat - Love & Money (Original).wav
NOMAD-0829,American Head Charge,Song For The Suspect,HIGH,original,flac,15,2,,NOMAD-0829 - American Head Charge - Song For The Suspect/American Head Charge - Song For The Suspect (Original).flac,NOMAD-0829 - American Head Charge - Song For The Suspect/American Head Charge - Song For The Suspect (Original).wav
NOMAD-0830,HIM,It's All Tears (Drown In This Love),HIGH,original,flac,15,2,,NOMAD-0830 - HIM - It's All Tears (Drown In This Love)/HIM - It's All Tears (Drown In This Love) (Original).flac,NOMAD-0830 - HIM - It's All Tears (Drown In This Love)/HIM - It's All Tears (Drown In This Love) (Original).wav
NOMAD-0831,Katie Gregson-MacLeod,Teenage Love,HIGH,youtube,wav,15,2,,NOMAD-0831 - Katie Gregson-MacLeod - Teenage Love/Katie Gregson-MacLeod - Teenage Love (Youtube LVeisuzrfh8).wav,NOMAD-0831 - Katie Gregson-MacLeod - Teenage Love/Katie Gregson-MacLeod - Teenage Love (Youtube LVeisuzrfh8).webm
NOMAD-0832,Lynda Randle,God On The Mountain,HIGH,original,flac,15,2,,NOMAD-0832 - Lynda Randle - God On The Mountain/Lynda Randle - God On The Mountain (Original).flac,NOMAD-0832 - Lynda Randle - God On The Mountain/Lynda Randle - God On The Mountain (Original).wav
NOMAD-0833,CeCe Winans,Goodness Of God,HIGH,original,flac,16,2,,NOMAD-0833 - CeCe Winans - Goodness Of God/CeCe Winans - Goodness Of God (Original).flac,NOMAD-0833 - CeCe Winans - Goodness Of God/CeCe Winans - Goodness Of God (Original).wav
NOMAD-0834,Don McLean (Parody),American Rabbi,HIGH,original,wav,19,4,,NOMAD-0834 - Don McLean (Parody) - American Rabbi/Don McLean (Parody) - American Rabbi (Original).wav,"NOMAD-0834 - Don McLean (Parody) - American Rabbi/Don McLean (Parody) - American Rabbi (Original).mp3 ;; NOMAD-0834 - Don McLean (Parody) - American Rabbi/American Pie Parody - 2_24_25, 9.57 PM(2).mp3 ;; NOMAD-0834 - Don McLean (Parody) - American Rabbi/American Rabbi Vocal Track - 2_24_25_ 11.24 PM(1).mp3"
NOMAD-0835,March To The Grave,I'm Too Fat,HIGH,original,flac,16,2,,NOMAD-0835 - March To The Grave - I'm Too Fat/March To The Grave - I'm Too Fat (Original).flac,NOMAD-0835 - March To The Grave - I'm Too Fat/March To The Grave - I'm Too Fat (Original).wav
NOMAD-0836,HIM,Under the Rose,HIGH,original,flac,15,2,,NOMAD-0836 - HIM - Under the Rose/HIM - Under the Rose (Original).flac,NOMAD-0836 - HIM - Under the Rose/HIM - Under the Rose (Original).wav
NOMAD-0837,HIM,Disarm Me (With Your Loneliness),HIGH,original,flac,15,2,,NOMAD-0837 - HIM - Disarm Me (With Your Loneliness)/HIM - Disarm Me (With Your Loneliness) (Original).flac,NOMAD-0837 - HIM - Disarm Me (With Your Loneliness)/HIM - Disarm Me (With Your Loneliness) (Original).wav
NOMAD-0838,Mickey Avalon,Dance (feat. Cisco Adler),HIGH,original,flac,15,2,,NOMAD-0838 - Mickey Avalon - Dance (feat. Cisco Adler)/Mickey Avalon - Dance (feat. Cisco Adler) (Original).flac,NOMAD-0838 - Mickey Avalon - Dance (feat. Cisco Adler)/Mickey Avalon - Dance (feat. Cisco Adler) (Original).wav
NOMAD-0839,Chuck Brown,We Need Some Money (Bout Money),HIGH,original,flac,15,2,,NOMAD-0839 - Chuck Brown - We Need Some Money (Bout Money)/Chuck Brown - We Need Some Money (Bout Money) (Original).flac,NOMAD-0839 - Chuck Brown - We Need Some Money (Bout Money)/Chuck Brown - We Need Some Money (Bout Money) (Original).wav
NOMAD-0840,David Bowie,Within You,HIGH,original,flac,15,2,,NOMAD-0840 - David Bowie - Within You/David Bowie - Within You (Original).flac,NOMAD-0840 - David Bowie - Within You/David Bowie - Within You (Original).wav
NOMAD-0841,Skip Ewing,Still Under The Weather,HIGH,original,flac,15,2,,NOMAD-0841 - Skip Ewing - Still Under The Weather/Skip Ewing - Still Under The Weather (Original).flac,NOMAD-0841 - Skip Ewing - Still Under The Weather/Skip Ewing - Still Under The Weather (Original).wav
NOMAD-0842,Deborah Van Valkenburgh,Dangerous Strangers,HIGH,original,flac,18,2,,NOMAD-0842 - Deborah Van Valkenburgh - Dangerous Strangers/Deborah Van Valkenburgh - Dangerous Strangers (Original).flac,NOMAD-0842 - Deborah Van Valkenburgh - Dangerous Strangers/Deborah Van Valkenburgh - Dangerous Strangers (Original).wav
NOMAD-0843,Doechii,Anxiety,HIGH,original,flac,16,2,,NOMAD-0843 - Doechii - Anxiety/Doechii - Anxiety (Original).flac,NOMAD-0843 - Doechii - Anxiety/Doechii - Anxiety (Original).wav
NOMAD-0844,RuPaul,Just What They Want,HIGH,original,flac,15,2,,NOMAD-0844 - RuPaul - Just What They Want/RuPaul - Just What They Want (Original).flac,NOMAD-0844 - RuPaul - Just What They Want/RuPaul - Just What They Want (Original).wav
NOMAD-0845,"Harry Connick, Jr.",There Is Always One More Time,HIGH,original,flac,16,2,,"NOMAD-0845 - Harry Connick, Jr. - There Is Always One More Time/Harry Connick, Jr. - There Is Always One More Time (Original).flac","NOMAD-0845 - Harry Connick, Jr. - There Is Always One More Time/Harry Connick, Jr. - There Is Always One More Time (Original).wav"
NOMAD-0846,Bow Wow Wow (Parody),I Want Candy,HIGH,original,wav,18,2,,NOMAD-0846 - Bow Wow Wow (Parody) - I Want Candy/Bow Wow Wow (Parody) - I Want Candy (Original).wav,NOMAD-0846 - Bow Wow Wow (Parody) - I Want Candy/Bow Wow Wow (Parody) - I Want Candy (Original).mp3
NOMAD-0847,Little Shop of Horrors (Parody),Somewhere to Park,HIGH,original,wav,17,3,,NOMAD-0847 - Little Shop of Horrors (Parody) - Somewhere to Park/Little Shop of Horrors (Parody) - Somewhere to Park (Original).wav,"NOMAD-0847 - Little Shop of Horrors (Parody) - Somewhere to Park/Little Shop of Horrors (Parody) - Somewhere to Park (Original).mp3 ;; NOMAD-0847 - Little Shop of Horrors (Parody) - Somewhere to Park/Somewhere to Park Backing Track- 3_7_25, 1.15 PM.mp3"
NOMAD-0848,The Cutlers of Cornwall,Trelawney,HIGH,original,wav,15,2,,NOMAD-0848 - The Cutlers of Cornwall - Trelawney/The Cutlers of Cornwall - Trelawney (Original).wav,NOMAD-0848 - The Cutlers of Cornwall - Trelawney/The Cutlers of Cornwall - Trelawney (Original).mp3
NOMAD-0849,Wicked (Parody),Royalty,HIGH,original,wav,17,3,,NOMAD-0849 - Wicked (Parody) - Royalty/Wicked (Parody) - Royalty (Original).wav,NOMAD-0849 - Wicked (Parody) - Royalty/Wicked (Parody) - Royalty (Original).mp3 ;; NOMAD-0849 - Wicked (Parody) - Royalty/Popular from Wicked Backing Music.mp3
NOMAD-0850,The Cutlers of Cornwall,Railroad,HIGH,original,wav,15,2,,NOMAD-0850 - The Cutlers of Cornwall - Railroad/The Cutlers of Cornwall - Railroad (Original).wav,NOMAD-0850 - The Cutlers of Cornwall - Railroad/The Cutlers of Cornwall - Railroad (Original).mp3
NOMAD-0851,The Cutlers of Cornwall,Hail To The Homeland,HIGH,original,wav,15,2,,NOMAD-0851 - The Cutlers of Cornwall - Hail To The Homeland/The Cutlers of Cornwall - Hail To The Homeland (Original).wav,NOMAD-0851 - The Cutlers of Cornwall - Hail To The Homeland/The Cutlers of Cornwall - Hail To The Homeland (Original).mp3
NOMAD-0852,The Cutlers of Cornwall,Lamorna,HIGH,original,wav,15,2,,NOMAD-0852 - The Cutlers of Cornwall - Lamorna/The Cutlers of Cornwall - Lamorna (Original).wav,NOMAD-0852 - The Cutlers of Cornwall - Lamorna/The Cutlers of Cornwall - Lamorna (Original).mp3
NOMAD-0853,The Cutlers of Cornwall,Little Lize Medley,HIGH,original,wav,15,2,,NOMAD-0853 - The Cutlers of Cornwall - Little Lize Medley/The Cutlers of Cornwall - Little Lize Medley (Original).wav,NOMAD-0853 - The Cutlers of Cornwall - Little Lize Medley/The Cutlers of Cornwall - Little Lize Medley (Original).mp3
NOMAD-0854,The Cutlers of Cornwall,The White Rose,HIGH,original,wav,15,2,,NOMAD-0854 - The Cutlers of Cornwall - The White Rose/The Cutlers of Cornwall - The White Rose (Original).wav,NOMAD-0854 - The Cutlers of Cornwall - The White Rose/The Cutlers of Cornwall - The White Rose (Original).mp3
NOMAD-0855,The Beatles (Parody),Hey Jews,HIGH,original,wav,16,2,,NOMAD-0855 - The Beatles (Parody) - Hey Jews/The Beatles (Parody) - Hey Jews (Original).wav,NOMAD-0855 - The Beatles (Parody) - Hey Jews/The Beatles (Parody) - Hey Jews (Original).mp3
NOMAD-0856,Boney M.,Sunny,HIGH,original,flac,17,2,,NOMAD-0856 - Boney M. - Sunny/Boney M. - Sunny (Original).flac,NOMAD-0856 - Boney M. - Sunny/Boney M. - Sunny (Original).wav
NOMAD-0857,Ryan Higa ft. Chester See (nigahiga),Nice Guys,HIGH,original,flac,15,2,,NOMAD-0857 - Ryan Higa ft. Chester See (nigahiga) - Nice Guys/Ryan Higa ft. Chester See (nigahiga) - Nice Guys (Original).flac,NOMAD-0857 - Ryan Higa ft. Chester See (nigahiga) - Nice Guys/Ryan Higa ft. Chester See (nigahiga) - Nice Guys (Original).wav
NOMAD-0858,Ryan Higa ft. Chester See (nigahiga),Bromance,HIGH,original,flac,16,2,,NOMAD-0858 - Ryan Higa ft. Chester See (nigahiga) - Bromance/Ryan Higa ft. Chester See (nigahiga) - Bromance (Original).flac,NOMAD-0858 - Ryan Higa ft. Chester See (nigahiga) - Bromance/Ryan Higa ft. Chester See (nigahiga) - Bromance (Original).wav
NOMAD-0859,The Gaslight Anthem,Break Your Heart,HIGH,original,flac,15,2,,NOMAD-0859 - The Gaslight Anthem - Break Your Heart/The Gaslight Anthem - Break Your Heart (Original).flac,NOMAD-0859 - The Gaslight Anthem - Break Your Heart/The Gaslight Anthem - Break Your Heart (Original).wav
NOMAD-0860,Volbeat,Pearl Hart,HIGH,original,flac,15,2,,NOMAD-0860 - Volbeat - Pearl Hart/Volbeat - Pearl Hart (Original).flac,NOMAD-0860 - Volbeat - Pearl Hart/Volbeat - Pearl Hart (Original).wav
NOMAD-0861,Seether,What Would You Do,HIGH,original,flac,15,2,,NOMAD-0861 - Seether - What Would You Do/Seether - What Would You Do (Original).flac,NOMAD-0861 - Seether - What Would You Do/Seether - What Would You Do (Original).wav
NOMAD-0862,Killswitch Engage,Fixation On The Darkness,HIGH,original,flac,15,2,,NOMAD-0862 - Killswitch Engage - Fixation On The Darkness/Killswitch Engage - Fixation On The Darkness (Original).flac,NOMAD-0862 - Killswitch Engage - Fixation On The Darkness/Killswitch Engage - Fixation On The Darkness (Original).wav
NOMAD-0863,American Head Charge,All Wrapped Up,HIGH,original,flac,15,2,,NOMAD-0863 - American Head Charge - All Wrapped Up/American Head Charge - All Wrapped Up (Original).flac,NOMAD-0863 - American Head Charge - All Wrapped Up/American Head Charge - All Wrapped Up (Original).wav
NOMAD-0864,Caviar,Tangerine Speedo,HIGH,original,flac,15,2,,NOMAD-0864 - Caviar - Tangerine Speedo/Caviar - Tangerine Speedo (Original).flac,NOMAD-0864 - Caviar - Tangerine Speedo/Caviar - Tangerine Speedo (Original).wav
NOMAD-0865,Flight of the Conchords,Leggy Blonde,HIGH,original,flac,15,2,,NOMAD-0865 - Flight of the Conchords - Leggy Blonde/Flight of the Conchords - Leggy Blonde (Original).flac,NOMAD-0865 - Flight of the Conchords - Leggy Blonde/Flight of the Conchords - Leggy Blonde (Original).wav
NOMAD-0866,Billy Idol,Plastic Jesus,HIGH,original,flac,15,2,,NOMAD-0866 - Billy Idol - Plastic Jesus/Billy Idol - Plastic Jesus (Original).flac,NOMAD-0866 - Billy Idol - Plastic Jesus/Billy Idol - Plastic Jesus (Original).wav
NOMAD-0867,Harry Nilsson,Early In The Morning,HIGH,original,flac,15,2,,NOMAD-0867 - Harry Nilsson - Early In The Morning/Harry Nilsson - Early In The Morning (Original).flac,NOMAD-0867 - Harry Nilsson - Early In The Morning/Harry Nilsson - Early In The Morning (Original).wav
NOMAD-0868,Kellyoke (Kelly Clarkson),Get Together (The Youngbloods),HIGH,youtube,wav,14,1,,NOMAD-0868 - Kellyoke (Kelly Clarkson) - Get Together (The Youngbloods)/Kellyoke (Kelly Clarkson) - Get Together (The Youngbloods) (Youtube hhO92LO7thg).wav,
NOMAD-0869,HIM,Razorblade Kiss,HIGH,original,flac,15,2,,NOMAD-0869 - HIM - Razorblade Kiss/HIM - Razorblade Kiss (Original).flac,NOMAD-0869 - HIM - Razorblade Kiss/HIM - Razorblade Kiss (Original).wav
NOMAD-0870,Raynes,Cast The Bronze,HIGH,original,flac,15,2,,NOMAD-0870 - Raynes - Cast The Bronze/Raynes - Cast The Bronze (Original).flac,NOMAD-0870 - Raynes - Cast The Bronze/Raynes - Cast The Bronze (Original).wav
NOMAD-0871,Pepper Coyote,I Can Always Say I Tried,HIGH,original,flac,15,2,,NOMAD-0871 - Pepper Coyote - I Can Always Say I Tried/Pepper Coyote - I Can Always Say I Tried (Original).flac,NOMAD-0871 - Pepper Coyote - I Can Always Say I Tried/Pepper Coyote - I Can Always Say I Tried (Original).wav
NOMAD-0872,Tom Astor,Jenseits der Zeit,HIGH,original,flac,15,2,,NOMAD-0872 - Tom Astor - Jenseits der Zeit/Tom Astor - Jenseits der Zeit (Original).flac,NOMAD-0872 - Tom Astor - Jenseits der Zeit/Tom Astor - Jenseits der Zeit (Original).wav
NOMAD-0873,Silverstein,Forget Your Heart,HIGH,original,flac,15,2,,NOMAD-0873 - Silverstein - Forget Your Heart/Silverstein - Forget Your Heart (Original).flac,NOMAD-0873 - Silverstein - Forget Your Heart/Silverstein - Forget Your Heart (Original).wav
NOMAD-0874,Sarah and the Sundays,The Cue,HIGH,original,flac,17,2,,NOMAD-0874 - Sarah and the Sundays - The Cue/Sarah and the Sundays - The Cue (Original).flac,NOMAD-0874 - Sarah and the Sundays - The Cue/Sarah and the Sundays - The Cue (Original).wav
NOMAD-0875,Silverstein,Forget Your Heart (Piano Version),NO_SOURCE,karaoke-sourced,,17,0,source-was-karaoke,,
NOMAD-0876,Ghoti Hook,Seasons,HIGH,original,flac,15,2,,NOMAD-0876 - Ghoti Hook - Seasons/Ghoti Hook - Seasons (Original).flac,NOMAD-0876 - Ghoti Hook - Seasons/Ghoti Hook - Seasons (Original).wav
NOMAD-0877,Limp,Eighteen,HIGH,original,flac,15,2,,NOMAD-0877 - Limp - Eighteen/Limp - Eighteen (Original).flac,NOMAD-0877 - Limp - Eighteen/Limp - Eighteen (Original).wav
NOMAD-0878,Smokey Robinson,Baby Come Close,HIGH,original,flac,15,2,,NOMAD-0878 - Smokey Robinson - Baby Come Close/Smokey Robinson - Baby Come Close (Original).flac,NOMAD-0878 - Smokey Robinson - Baby Come Close/Smokey Robinson - Baby Come Close (Original).wav
NOMAD-0879,Richie Kavanagh,Chicken Talk,HIGH,youtube,wav,15,2,,NOMAD-0879 - Richie Kavanagh - Chicken Talk/Richie Kavanagh - Chicken Talk (youtube).wav,NOMAD-0879 - Richie Kavanagh - Chicken Talk/Richie Kavanagh - Chicken Talk (youtube).webm
NOMAD-0880,George “Corpsegrinder” Fisher,On Wings of Carnage,HIGH,original,flac,15,2,,NOMAD-0880 - George “Corpsegrinder” Fisher - On Wings of Carnage/George “Corpsegrinder” Fisher - On Wings of Carnage (Original).flac,NOMAD-0880 - George “Corpsegrinder” Fisher - On Wings of Carnage/George “Corpsegrinder” Fisher - On Wings of Carnage (Original).wav
NOMAD-0881,My Bloody Valentine,Only Shallow,HIGH,original,flac,15,2,,NOMAD-0881 - My Bloody Valentine - Only Shallow/My Bloody Valentine - Only Shallow (Original).flac,NOMAD-0881 - My Bloody Valentine - Only Shallow/My Bloody Valentine - Only Shallow (Original).wav
NOMAD-0882,Orelsan,Défaite de famille,HIGH,original,flac,15,2,,NOMAD-0882 - Orelsan - Défaite de famille/Orelsan - Défaite de famille (Original).flac,NOMAD-0882 - Orelsan - Défaite de famille/Orelsan - Défaite de famille (Original).wav
NOMAD-0883,Mickey Lamantia,The Old One,HIGH,youtube,wav,15,2,,NOMAD-0883 - Mickey Lamantia - The Old One/Mickey Lamantia - The Old One (youtube).wav,NOMAD-0883 - Mickey Lamantia - The Old One/Mickey Lamantia - The Old One (youtube).webm
NOMAD-0884,Zoe Bayani,Body Farm,HIGH,original,flac,16,2,,NOMAD-0884 - Zoe Bayani - Body Farm/Zoe Bayani - Body Farm (Original).flac,NOMAD-0884 - Zoe Bayani - Body Farm/Zoe Bayani - Body Farm (Original).wav
NOMAD-0885,Lyrics Born,Bad Dreams,HIGH,original,flac,15,2,,NOMAD-0885 - Lyrics Born - Bad Dreams/Lyrics Born - Bad Dreams (Original).flac,NOMAD-0885 - Lyrics Born - Bad Dreams/Lyrics Born - Bad Dreams (Original).wav
NOMAD-0886,Kenny Loggins,Why Do People Lie,HIGH,original,flac,16,2,,NOMAD-0886 - Kenny Loggins - Why Do People Lie/Kenny Loggins - Why Do People Lie (Original).flac,NOMAD-0886 - Kenny Loggins - Why Do People Lie/Kenny Loggins - Why Do People Lie (Original).wav
NOMAD-0887,Cobra Starship,The City Is at War,HIGH,original,flac,15,2,,NOMAD-0887 - Cobra Starship - The City Is at War/Cobra Starship - The City Is at War (Original).flac,NOMAD-0887 - Cobra Starship - The City Is at War/Cobra Starship - The City Is at War (Original).wav
NOMAD-0888,Qveen Herby,BDE,HIGH,original,flac,15,2,,NOMAD-0888 - Qveen Herby - BDE/Qveen Herby - BDE (Original).flac,NOMAD-0888 - Qveen Herby - BDE/Qveen Herby - BDE (Original).wav
NOMAD-0889,Luvcat,Dinner @ Brasserie Zédel,HIGH,original,flac,15,2,,NOMAD-0889 - Luvcat - Dinner @ Brasserie Zédel/Luvcat - Dinner @ Brasserie Zédel (Original).flac,NOMAD-0889 - Luvcat - Dinner @ Brasserie Zédel/Luvcat - Dinner @ Brasserie Zédel (Original).wav
NOMAD-0890,Frank Ocean,Solo,HIGH,original,flac,16,2,,NOMAD-0890 - Frank Ocean - Solo/Frank Ocean - Solo (Original).flac,NOMAD-0890 - Frank Ocean - Solo/Frank Ocean - Solo (Original).wav
NOMAD-0891,Zella Day,Seven Nation Army,HIGH,original,flac,15,2,,NOMAD-0891 - Zella Day - Seven Nation Army/Zella Day - Seven Nation Army (Original).flac,NOMAD-0891 - Zella Day - Seven Nation Army/Zella Day - Seven Nation Army (Original).wav
NOMAD-0892,Marco McDewey,Moments in a Bottle,HIGH,original,wav,15,2,,NOMAD-0892 - Marco McDewey - Moments in a Bottle/Marco McDewey - Moments in a Bottle (Original).wav,NOMAD-0892 - Marco McDewey - Moments in a Bottle/Marco McDewey - Moments in a Bottle (Original).mp3
NOMAD-0893,Marco McDewey,Fire on the Highway,HIGH,original,wav,15,2,,NOMAD-0893 - Marco McDewey - Fire on the Highway/Marco McDewey - Fire on the Highway (Original).wav,NOMAD-0893 - Marco McDewey - Fire on the Highway/Marco McDewey - Fire on the Highway (Original).mp3
NOMAD-0894,Marco McDewey,If I Could Turn Back Time,HIGH,original,wav,15,2,,NOMAD-0894 - Marco McDewey - If I Could Turn Back Time/Marco McDewey - If I Could Turn Back Time (Original).wav,NOMAD-0894 - Marco McDewey - If I Could Turn Back Time/Marco McDewey - If I Could Turn Back Time (Original).mp3
NOMAD-0895,Marco McDewey,Past days new way,HIGH,original,wav,15,2,,NOMAD-0895 - Marco McDewey - Past days new way/Marco McDewey - Past days new way (Original).wav,NOMAD-0895 - Marco McDewey - Past days new way/Marco McDewey - Past days new way (Original).mp3
NOMAD-0896,Marco McDewey,Piña Colada in a Can,HIGH,original,wav,15,2,,NOMAD-0896 - Marco McDewey - Piña Colada in a Can/Marco McDewey - Piña Colada in a Can (Original).wav,NOMAD-0896 - Marco McDewey - Piña Colada in a Can/Marco McDewey - Piña Colada in a Can (Original).mp3
NOMAD-0897,Ska Daddyz,Rude Boyz,HIGH,original,flac,18,2,,NOMAD-0897 - Ska Daddyz - Rude Boyz/Ska Daddyz - Rude Boyz (Original).flac,NOMAD-0897 - Ska Daddyz - Rude Boyz/Ska Daddyz - Rude Boyz (Original).wav
NOMAD-0898,Uriah Heep,Spider Woman,HIGH,original,flac,15,2,,NOMAD-0898 - Uriah Heep - Spider Woman/Uriah Heep - Spider Woman (Original).flac,NOMAD-0898 - Uriah Heep - Spider Woman/Uriah Heep - Spider Woman (Original).wav
NOMAD-0899,Ska Daddyz,Get A Grip,HIGH,original,flac,15,2,,NOMAD-0899 - Ska Daddyz - Get A Grip/Ska Daddyz - Get A Grip (Original).flac,NOMAD-0899 - Ska Daddyz - Get A Grip/Ska Daddyz - Get A Grip (Original).wav
NOMAD-0900,Ska Daddyz,Hotel California,HIGH,original,flac,15,2,,NOMAD-0900 - Ska Daddyz - Hotel California/Ska Daddyz - Hotel California (Original).flac,NOMAD-0900 - Ska Daddyz - Hotel California/Ska Daddyz - Hotel California (Original).wav
NOMAD-0901,Ska Daddyz,Two Lonely People (Live),HIGH,original,flac,15,2,,NOMAD-0901 - Ska Daddyz - Two Lonely People (Live)/Ska Daddyz - Two Lonely People (Live) (Original).flac,NOMAD-0901 - Ska Daddyz - Two Lonely People (Live)/Ska Daddyz - Two Lonely People (Live) (Original).wav
NOMAD-0902,The Kills,Future Starts Slow,HIGH,original,flac,15,2,,NOMAD-0902 - The Kills - Future Starts Slow/The Kills - Future Starts Slow (Original).flac,NOMAD-0902 - The Kills - Future Starts Slow/The Kills - Future Starts Slow (Original).wav
NOMAD-0903,Frank Sinatra,I Could Have Told You,HIGH,original,flac,15,2,,NOMAD-0903 - Frank Sinatra - I Could Have Told You/Frank Sinatra - I Could Have Told You (Original).flac,NOMAD-0903 - Frank Sinatra - I Could Have Told You/Frank Sinatra - I Could Have Told You (Original).wav
NOMAD-0904,Frank Sinatra,Body And Soul,HIGH,original,flac,15,2,,NOMAD-0904 - Frank Sinatra - Body And Soul/Frank Sinatra - Body And Soul (Original).flac,NOMAD-0904 - Frank Sinatra - Body And Soul/Frank Sinatra - Body And Soul (Original).wav
NOMAD-0905,Tracy Byrd,Saltwater Cowboy,HIGH,original,flac,15,2,,NOMAD-0905 - Tracy Byrd - Saltwater Cowboy/Tracy Byrd - Saltwater Cowboy (Original).flac,NOMAD-0905 - Tracy Byrd - Saltwater Cowboy/Tracy Byrd - Saltwater Cowboy (Original).wav
NOMAD-0906,Tracy Lawrence,Pills,HIGH,original,flac,15,2,,NOMAD-0906 - Tracy Lawrence - Pills/Tracy Lawrence - Pills (Original).flac,NOMAD-0906 - Tracy Lawrence - Pills/Tracy Lawrence - Pills (Original).wav
NOMAD-0907,Tom Astor,Disco Western Rodeo,HIGH,original,wav,15,2,,NOMAD-0907 - Tom Astor - Disco Western Rodeo/Tom Astor - Disco Western Rodeo (Original).wav,NOMAD-0907 - Tom Astor - Disco Western Rodeo/Tom Astor - Disco Western Rodeo (Original).mp3
NOMAD-0908,Tom Astor,Erstmal 'nen Kaffee,HIGH,original,wav,15,2,,NOMAD-0908 - Tom Astor - Erstmal 'nen Kaffee/Tom Astor - Erstmal 'nen Kaffee (Original).wav,NOMAD-0908 - Tom Astor - Erstmal 'nen Kaffee/Tom Astor - Erstmal 'nen Kaffee (Original).mp3
NOMAD-0909,Chat Pile,Lake Time (Mr. Rodan),HIGH,original,flac,17,2,,NOMAD-0909 - Chat Pile - Lake Time (Mr. Rodan)/Chat Pile - Lake Time (Mr. Rodan) (Original).flac,NOMAD-0909 - Chat Pile - Lake Time (Mr. Rodan)/Chat Pile - Lake Time (Mr. Rodan) (Original).wav
NOMAD-0910,Linda Feller,Leben ist für mich Rock 'n' Roll,HIGH,original,wav,15,2,,NOMAD-0910 - Linda Feller - Leben ist für mich Rock 'n' Roll/Linda Feller - Leben ist für mich Rock 'n' Roll (Original).wav,NOMAD-0910 - Linda Feller - Leben ist für mich Rock 'n' Roll/Linda Feller - Leben ist für mich Rock 'n' Roll (Original).mp3
NOMAD-0911,LCD Soundsystem,All My Friends (Live),HIGH,original,flac,15,2,,NOMAD-0911 - LCD Soundsystem - All My Friends (Live)/LCD Soundsystem - All My Friends (Live) (Original).flac,NOMAD-0911 - LCD Soundsystem - All My Friends (Live)/LCD Soundsystem - All My Friends (Live) (Original).wav
NOMAD-0912,Arcade Fire,Afterlife (Live Bilbao 2024),HIGH,original,flac,19,2,,NOMAD-0912 - Arcade Fire - Afterlife (Live Bilbao 2024)/Arcade Fire - Afterlife (Live Bilbao 2024) (Original).flac,NOMAD-0912 - Arcade Fire - Afterlife (Live Bilbao 2024)/Arcade Fire - Afterlife (Live Bilbao 2024) (Original).wav
NOMAD-0913,Corry Michaels,Be My Baby,HIGH,original,wav,19,3,,NOMAD-0913 - Corry Michaels - Be My Baby/Corry Michaels - Be My Baby (Original).wav,NOMAD-0913 - Corry Michaels - Be My Baby/Corry Michaels - Be My Baby (Original).mp3 ;; NOMAD-0913 - Corry Michaels - Be My Baby/stems/Be My Baby INST.wav
NOMAD-0914,Mumford & Sons,Where It Belongs,HIGH,original,flac,16,2,,NOMAD-0914 - Mumford & Sons - Where It Belongs/Mumford & Sons - Where It Belongs (Original).flac,NOMAD-0914 - Mumford & Sons - Where It Belongs/Mumford & Sons - Where It Belongs (Original).wav
NOMAD-0915,LCD Soundsystem,No Love Lost,HIGH,original,flac,15,2,,NOMAD-0915 - LCD Soundsystem - No Love Lost/LCD Soundsystem - No Love Lost (Original).flac,NOMAD-0915 - LCD Soundsystem - No Love Lost/LCD Soundsystem - No Love Lost (Original).wav
NOMAD-0916,Lady Antebellum,Heart Of The World,HIGH,original,flac,15,2,,NOMAD-0916 - Lady Antebellum - Heart Of The World/Lady Antebellum - Heart Of The World (Original).flac,NOMAD-0916 - Lady Antebellum - Heart Of The World/Lady Antebellum - Heart Of The World (Original).wav
NOMAD-0917,LCD Soundsystem,call the police (electric lady sessions),HIGH,original,flac,15,2,,NOMAD-0917 - LCD Soundsystem - call the police (electric lady sessions)/LCD Soundsystem - call the police (electric lady sessions) (Original).flac,NOMAD-0917 - LCD Soundsystem - call the police (electric lady sessions)/LCD Soundsystem - call the police (electric lady sessions) (Original).wav
NOMAD-0918,Roger Waters,Mother (Live),HIGH,original,flac,16,3,,NOMAD-0918 - Roger Waters - Mother (Live)/Roger Waters - Mother (Live) (Original).flac,NOMAD-0918 - Roger Waters - Mother (Live)/Roger Waters - Mother (Live) (Original).wav ;; NOMAD-0918 - Roger Waters - Mother (Live)/06 - Mother (1990 Live in Berlin).flac
NOMAD-0919,Roger Waters,Amused to Death,HIGH,original,flac,15,2,,NOMAD-0919 - Roger Waters - Amused to Death/Roger Waters - Amused to Death (Original).flac,NOMAD-0919 - Roger Waters - Amused to Death/Roger Waters - Amused to Death (Original).wav
NOMAD-0920,Raynes,Collapse,HIGH,original,flac,15,2,,NOMAD-0920 - Raynes - Collapse/Raynes - Collapse (Original).flac,NOMAD-0920 - Raynes - Collapse/Raynes - Collapse (Original).wav
NOMAD-0921,Eddie From Ohio,Baltimore,HIGH,original,flac,15,2,,NOMAD-0921 - Eddie From Ohio - Baltimore/Eddie From Ohio - Baltimore (Original).flac,NOMAD-0921 - Eddie From Ohio - Baltimore/Eddie From Ohio - Baltimore (Original).wav
NOMAD-0922,Art Sorority,Spaceship,HIGH,original,flac,15,2,,NOMAD-0922 - Art Sorority - Spaceship/Art Sorority - Spaceship (Original).flac,NOMAD-0922 - Art Sorority - Spaceship/Art Sorority - Spaceship (Original).wav
NOMAD-0923,Queen (Parody),We Will Show Them,HIGH,original,flac,21,2,,NOMAD-0923 - Queen (Parody) - We Will Show Them/Queen (Parody) - We Will Show Them (Original).flac,NOMAD-0923 - Queen (Parody) - We Will Show Them/Queen (Parody) - We Will Show Them (Original).wav
NOMAD-0924,Vanessa Williams,Love Dance,HIGH,original,flac,15,2,,NOMAD-0924 - Vanessa Williams - Love Dance/Vanessa Williams - Love Dance (Original).flac,NOMAD-0924 - Vanessa Williams - Love Dance/Vanessa Williams - Love Dance (Original).wav
NOMAD-0925,Shirley Horn,I Could Have Told You,HIGH,original,flac,15,2,,NOMAD-0925 - Shirley Horn - I Could Have Told You/Shirley Horn - I Could Have Told You (Original).flac,NOMAD-0925 - Shirley Horn - I Could Have Told You/Shirley Horn - I Could Have Told You (Original).wav
NOMAD-0926,Drake,NOKIA,HIGH,original,flac,15,2,,NOMAD-0926 - Drake - NOKIA/Drake - NOKIA (Original).flac,NOMAD-0926 - Drake - NOKIA/Drake - NOKIA (Original).wav
NOMAD-0927,Alan Jackson,The Older I Get,HIGH,original,flac,27,2,,NOMAD-0927 - Alan Jackson - The Older I Get/Alan Jackson - The Older I Get (Original).flac,NOMAD-0927 - Alan Jackson - The Older I Get/Alan Jackson - The Older I Get (Original).wav
NOMAD-0928,Willie Nelson,Butterfly,HIGH,original,flac,15,2,,NOMAD-0928 - Willie Nelson - Butterfly/Willie Nelson - Butterfly (Original).flac,NOMAD-0928 - Willie Nelson - Butterfly/Willie Nelson - Butterfly (Original).wav
NOMAD-0929,Powersolo,"Baby, You Ain't Looking Right",HIGH,original,flac,15,2,,"NOMAD-0929 - Powersolo - Baby, You Ain't Looking Right/Powersolo - Baby, You Ain't Looking Right (Original).flac","NOMAD-0929 - Powersolo - Baby, You Ain't Looking Right/Powersolo - Baby, You Ain't Looking Right (Original).wav"
NOMAD-0930,Devo,Human Rocket,HIGH,original,flac,15,2,,NOMAD-0930 - Devo - Human Rocket/Devo - Human Rocket (Original).flac,NOMAD-0930 - Devo - Human Rocket/Devo - Human Rocket (Original).wav
NOMAD-0931,Red Hot Chili Peppers,Party On Your Pussy,HIGH,original,flac,15,2,,NOMAD-0931 - Red Hot Chili Peppers - Party On Your Pussy/Red Hot Chili Peppers - Party On Your Pussy (Original).flac,NOMAD-0931 - Red Hot Chili Peppers - Party On Your Pussy/Red Hot Chili Peppers - Party On Your Pussy (Original).wav
NOMAD-0932,Jerry Reed,Hard Times,HIGH,original,flac,15,2,,NOMAD-0932 - Jerry Reed - Hard Times/Jerry Reed - Hard Times (Original).flac,NOMAD-0932 - Jerry Reed - Hard Times/Jerry Reed - Hard Times (Original).wav
NOMAD-0933,Ellie Dixon,Renaissance,HIGH,original,flac,16,2,,NOMAD-0933 - Ellie Dixon - Renaissance/Ellie Dixon - Renaissance (Original).flac,NOMAD-0933 - Ellie Dixon - Renaissance/Ellie Dixon - Renaissance (Original).wav
NOMAD-0934,Ellie Dixon,Guts,HIGH,original,flac,15,2,,NOMAD-0934 - Ellie Dixon - Guts/Ellie Dixon - Guts (Original).flac,NOMAD-0934 - Ellie Dixon - Guts/Ellie Dixon - Guts (Original).wav
NOMAD-0935,Ellie Dixon,Knight Shift,HIGH,original,flac,15,2,,NOMAD-0935 - Ellie Dixon - Knight Shift/Ellie Dixon - Knight Shift (Original).flac,NOMAD-0935 - Ellie Dixon - Knight Shift/Ellie Dixon - Knight Shift (Original).wav
NOMAD-0936,Sam Cooke,Touch The Hem Of His Garment,HIGH,original,flac,15,2,,NOMAD-0936 - Sam Cooke - Touch The Hem Of His Garment/Sam Cooke - Touch The Hem Of His Garment (Original).flac,NOMAD-0936 - Sam Cooke - Touch The Hem Of His Garment/Sam Cooke - Touch The Hem Of His Garment (Original).wav
NOMAD-0937,Marco McDewey,Heaven Sent You to Me,HIGH,original,wav,15,2,,NOMAD-0937 - Marco McDewey - Heaven Sent You to Me/Marco McDewey - Heaven Sent You to Me (Original).wav,NOMAD-0937 - Marco McDewey - Heaven Sent You to Me/Marco McDewey - Heaven Sent You to Me (Original).mp3
NOMAD-0938,Barbra Streisand & Yves Montand,What Did I Have That I Don't Have,HIGH,original,flac,15,2,,NOMAD-0938 - Barbra Streisand & Yves Montand - What Did I Have That I Don't Have/Barbra Streisand & Yves Montand - What Did I Have That I Don't Have (Original).flac,NOMAD-0938 - Barbra Streisand & Yves Montand - What Did I Have That I Don't Have/Barbra Streisand & Yves Montand - What Did I Have That I Don't Have (Original).wav
NOMAD-0939,Eydie Gorme,What Did I Have That I Don't Have,HIGH,original,flac,17,2,,NOMAD-0939 - Eydie Gorme - What Did I Have That I Don't Have/Eydie Gorme - What Did I Have That I Don't Have (Original).flac,NOMAD-0939 - Eydie Gorme - What Did I Have That I Don't Have/Eydie Gorme - What Did I Have That I Don't Have (Original).wav
NOMAD-0940,Barbara Harris,What Did I Have That I Don't Have,HIGH,original,flac,17,2,,NOMAD-0940 - Barbara Harris - What Did I Have That I Don't Have/Barbara Harris - What Did I Have That I Don't Have (Original).flac,NOMAD-0940 - Barbara Harris - What Did I Have That I Don't Have/Barbara Harris - What Did I Have That I Don't Have (Original).wav
NOMAD-0941,Judy Garland,I Don't Care,HIGH,original,flac,15,2,,NOMAD-0941 - Judy Garland - I Don't Care/Judy Garland - I Don't Care (Original).flac,NOMAD-0941 - Judy Garland - I Don't Care/Judy Garland - I Don't Care (Original).wav
NOMAD-0942,Celeste,Lately,HIGH,original,flac,15,2,,NOMAD-0942 - Celeste - Lately/Celeste - Lately (Original).flac,NOMAD-0942 - Celeste - Lately/Celeste - Lately (Original).wav
NOMAD-0943,Dasha,Drown Me,HIGH,original,flac,15,2,,NOMAD-0943 - Dasha - Drown Me/Dasha - Drown Me (Original).flac,NOMAD-0943 - Dasha - Drown Me/Dasha - Drown Me (Original).wav
NOMAD-0944,Bloc Party,Song for Clay (Disappear Here),HIGH,original,flac,16,2,,NOMAD-0944 - Bloc Party - Song for Clay (Disappear Here)/Bloc Party - Song For Clay (Disappear Here) (Original).flac,NOMAD-0944 - Bloc Party - Song for Clay (Disappear Here)/Bloc Party - Song For Clay (Disappear Here) (Original).wav
NOMAD-0945,Alaska Thunderfuck,Your Makeup Is Terrible,HIGH,original,flac,15,2,,NOMAD-0945 - Alaska Thunderfuck - Your Makeup Is Terrible/Alaska Thunderfuck - Your Makeup Is Terrible (Original).flac,NOMAD-0945 - Alaska Thunderfuck - Your Makeup Is Terrible/Alaska Thunderfuck - Your Makeup Is Terrible (Original).wav
NOMAD-0946,Bloc Party,Hunting For Witches,HIGH,original,flac,16,2,,NOMAD-0946 - Bloc Party - Hunting For Witches/Bloc Party - Hunting For Witches (Original).flac,NOMAD-0946 - Bloc Party - Hunting For Witches/Bloc Party - Hunting For Witches (Original).wav
NOMAD-0947,DeVotchKa,We're Leaving,HIGH,original,flac,15,2,,NOMAD-0947 - DeVotchKa - We're Leaving/DeVotchKa - We're Leaving (Original).flac,NOMAD-0947 - DeVotchKa - We're Leaving/DeVotchKa - We're Leaving (Original).wav
NOMAD-0948,DeVotchKa,Such a Lovely Thing,HIGH,original,flac,15,2,,NOMAD-0948 - DeVotchKa - Such a Lovely Thing/DeVotchKa - Such a Lovely Thing (Original).flac,NOMAD-0948 - DeVotchKa - Such a Lovely Thing/DeVotchKa - Such a Lovely Thing (Original).wav
NOMAD-0949,Bloc Party,Waiting For The 7.18,HIGH,original,flac,15,2,,NOMAD-0949 - Bloc Party - Waiting For The 7.18/Bloc Party - Waiting For The 7.18 (Original).flac,NOMAD-0949 - Bloc Party - Waiting For The 7.18/Bloc Party - Waiting For The 7.18 (Original).wav
NOMAD-0950,Every Time I Die,Ebolarama,HIGH,original,flac,14,2,,NOMAD-0950 - Every Time I Die - Ebolarama/Every Time I Die - Ebolarama (Original).flac,NOMAD-0950 - Every Time I Die - Ebolarama/Every Time I Die - Ebolarama (Original).wav
NOMAD-0951,James Johnston & Appel,Country Is For Me,HIGH,youtube,wav,16,2,,NOMAD-0951 - James Johnston & Appel - Country Is For Me/James Johnston & Appel - Country Is For Me (youtube).wav,NOMAD-0951 - James Johnston & Appel - Country Is For Me/James Johnston & Appel - Country Is For Me (youtube).webm
NOMAD-0952,Charli XCX,Hot Girl (Bodies Bodies Bodies),HIGH,original,flac,14,2,,NOMAD-0952 - Charli XCX - Hot Girl (Bodies Bodies Bodies)/Charli XCX - Hot Girl (Bodies Bodies Bodies) (Original).flac,NOMAD-0952 - Charli XCX - Hot Girl (Bodies Bodies Bodies)/Charli XCX - Hot Girl (Bodies Bodies Bodies) (Original).wav
NOMAD-0953,The Format,Inches and Falling,HIGH,original,flac,14,2,,NOMAD-0953 - The Format - Inches and Falling/The Format - Inches and Falling (Original).flac,NOMAD-0953 - The Format - Inches and Falling/The Format - Inches and Falling (Original).wav
NOMAD-0954,Blue October,Libby I'm Listening,HIGH,original,flac,15,3,,NOMAD-0954 - Blue October - Libby I'm Listening/Blue October - Libby I'm Listening (Original).flac,NOMAD-0954 - Blue October - Libby I'm Listening/Blue October - Libby I'm Listening (Original).wav ;; NOMAD-0954 - Blue October - Libby I'm Listening/uploaded.flac
NOMAD-0955,Young Franco,Going On (feat. piri & MC DT),HIGH,original,flac,15,3,,NOMAD-0955 - Young Franco - Going On (feat. piri & MC DT)/Young Franco - Going On (feat. piri & MC DT) (Original).flac,NOMAD-0955 - Young Franco - Going On (feat. piri & MC DT)/Young Franco - Going On (feat. piri & MC DT) (Original).wav ;; NOMAD-0955 - Young Franco - Going On (feat. piri & MC DT)/uploaded.flac
NOMAD-0956,The Format,Matches,HIGH,original,flac,15,3,,NOMAD-0956 - The Format - Matches/The Format - Matches (Original).flac,NOMAD-0956 - The Format - Matches/The Format - Matches (Original).wav ;; NOMAD-0956 - The Format - Matches/uploaded.flac
NOMAD-0957,The Format,Time Bomb,HIGH,original,flac,15,3,,NOMAD-0957 - The Format - Time Bomb/The Format - Time Bomb (Original).flac,NOMAD-0957 - The Format - Time Bomb/The Format - Time Bomb (Original).wav ;; NOMAD-0957 - The Format - Time Bomb/uploaded.flac
NOMAD-0958,The Format,She Doesn't Get It,HIGH,original,flac,15,3,,NOMAD-0958 - The Format - She Doesn't Get It/The Format - She Doesn't Get It (Original).flac,NOMAD-0958 - The Format - She Doesn't Get It/The Format - She Doesn't Get It (Original).wav ;; NOMAD-0958 - The Format - She Doesn't Get It/uploaded.flac
NOMAD-0959,The Format,Pick Me Up,HIGH,original,flac,15,3,,NOMAD-0959 - The Format - Pick Me Up/The Format - Pick Me Up (Original).flac,NOMAD-0959 - The Format - Pick Me Up/The Format - Pick Me Up (Original).wav ;; NOMAD-0959 - The Format - Pick Me Up/uploaded.flac
NOMAD-0960,The Format,Oceans,HIGH,original,flac,15,3,,NOMAD-0960 - The Format - Oceans/The Format - Oceans (Original).flac,NOMAD-0960 - The Format - Oceans/The Format - Oceans (Original).wav ;; NOMAD-0960 - The Format - Oceans/uploaded.flac
NOMAD-0961,The Format,If Work Permits,HIGH,original,flac,15,3,,NOMAD-0961 - The Format - If Work Permits/The Format - If Work Permits (Original).flac,NOMAD-0961 - The Format - If Work Permits/The Format - If Work Permits (Original).wav ;; NOMAD-0961 - The Format - If Work Permits/uploaded.flac
NOMAD-0962,The Format,The Compromise,HIGH,original,flac,15,3,,NOMAD-0962 - The Format - The Compromise/The Format - The Compromise (Original).flac,NOMAD-0962 - The Format - The Compromise/The Format - The Compromise (Original).wav ;; NOMAD-0962 - The Format - The Compromise/uploaded.flac
NOMAD-0963,Wild Beasts,Wanderlust,HIGH,original,flac,15,3,,NOMAD-0963 - Wild Beasts - Wanderlust/Wild Beasts - Wanderlust (Original).flac,NOMAD-0963 - Wild Beasts - Wanderlust/Wild Beasts - Wanderlust (Original).wav ;; NOMAD-0963 - Wild Beasts - Wanderlust/uploaded.flac
NOMAD-0964,Tanner Usrey,Come Back Down,HIGH,original,flac,15,3,,NOMAD-0964 - Tanner Usrey - Come Back Down/Tanner Usrey - Come Back Down (Original).flac,NOMAD-0964 - Tanner Usrey - Come Back Down/Tanner Usrey - Come Back Down (Original).wav ;; NOMAD-0964 - Tanner Usrey - Come Back Down/uploaded.flac
NOMAD-0965,Lori Perry,Up Against The Wind,HIGH,youtube,wav,14,2,,NOMAD-0965 - Lori Perry - Up Against The Wind/Lori Perry - Up Against The Wind (Youtube o9y28uMEKlM).wav,NOMAD-0965 - Lori Perry - Up Against The Wind/Lori Perry - Up Against The Wind (Youtube o9y28uMEKlM).webm
NOMAD-0966,Jamiroquai,Time Won't Wait,HIGH,original,flac,15,3,,NOMAD-0966 - Jamiroquai - Time Won't Wait/Jamiroquai - Time Won't Wait (Original).flac,NOMAD-0966 - Jamiroquai - Time Won't Wait/Jamiroquai - Time Won't Wait (Original).wav ;; NOMAD-0966 - Jamiroquai - Time Won't Wait/uploaded.flac
NOMAD-0967,Joyce Partise,"Perhaps, Perhaps, Perhaps",HIGH,youtube,wav,14,2,,"NOMAD-0967 - Joyce Partise - Perhaps, Perhaps, Perhaps/Joyce Partise - Perhaps, Perhaps, Perhaps (Youtube dlWjzmzkFvc).wav","NOMAD-0967 - Joyce Partise - Perhaps, Perhaps, Perhaps/Joyce Partise - Perhaps, Perhaps, Perhaps (Youtube dlWjzmzkFvc).webm"
NOMAD-0968,Jamiroquai,Talullah,HIGH,original,flac,15,3,,NOMAD-0968 - Jamiroquai - Talullah/Jamiroquai - Talullah (Original).flac,NOMAD-0968 - Jamiroquai - Talullah/Jamiroquai - Talullah (Original).wav ;; NOMAD-0968 - Jamiroquai - Talullah/uploaded.flac
NOMAD-0969,Bruce Springsteen,Dancing In The Dark,HIGH,original,flac,15,3,,NOMAD-0969 - Bruce Springsteen - Dancing In The Dark/Bruce Springsteen - Dancing In The Dark (Original).flac,NOMAD-0969 - Bruce Springsteen - Dancing In The Dark/Bruce Springsteen - Dancing In The Dark (Original).wav ;; NOMAD-0969 - Bruce Springsteen - Dancing In The Dark/uploaded.flac
NOMAD-0970,Jamiroquai,Emergency On Planet Earth,HIGH,original,flac,15,3,,NOMAD-0970 - Jamiroquai - Emergency On Planet Earth/Jamiroquai - Emergency On Planet Earth (Original).flac,NOMAD-0970 - Jamiroquai - Emergency On Planet Earth/Jamiroquai - Emergency On Planet Earth (Original).wav ;; NOMAD-0970 - Jamiroquai - Emergency On Planet Earth/uploaded.flac
NOMAD-0971,Rod Stewart,Some Guys Have All the Luck (112 BPM),HIGH,original,flac,15,3,,NOMAD-0971 - Rod Stewart - Some Guys Have All the Luck (112 BPM)/Rod Stewart - Some Guys Have All the Luck (112 BPM) (Original).flac,NOMAD-0971 - Rod Stewart - Some Guys Have All the Luck (112 BPM)/Rod Stewart - Some Guys Have All the Luck (112 BPM) (Original).wav ;; NOMAD-0971 - Rod Stewart - Some Guys Have All the Luck (112 BPM)/uploaded.flac
NOMAD-0972,Tanner Usrey,Give It Some Time,HIGH,original,flac,17,5,,NOMAD-0972 - Tanner Usrey - Give It Some Time/Tanner Usrey - Give It Some Time (Original).flac,NOMAD-0972 - Tanner Usrey - Give It Some Time/Tanner Usrey - Give It Some Time/Tanner Usrey - Give It Some Time (Original).flac ;; NOMAD-0972 - Tanner Usrey - Give It Some Time/Tanner Usrey - Give It Some Time (Original).wav ;; NOMAD-0972 - Tanner Usrey - Give It Some Time/Tanner Usrey - Give It Some Time/Tanner Usrey - Give It Some Time (Original).wav
NOMAD-0973,King Gizzard & the Lizard Wizard,Rattlesnake,HIGH,original,flac,15,3,,NOMAD-0973 - King Gizzard & the Lizard Wizard - Rattlesnake/King Gizzard & the Lizard Wizard - Rattlesnake (Original).flac,NOMAD-0973 - King Gizzard & the Lizard Wizard - Rattlesnake/King Gizzard & the Lizard Wizard - Rattlesnake (Original).wav ;; NOMAD-0973 - King Gizzard & the Lizard Wizard - Rattlesnake/uploaded.flac
NOMAD-0974,The Replacements,Swingin Party,HIGH,original,flac,15,3,,NOMAD-0974 - The Replacements - Swingin Party/The Replacements - Swingin Party (Original).flac,NOMAD-0974 - The Replacements - Swingin Party/The Replacements - Swingin Party (Original).wav ;; NOMAD-0974 - The Replacements - Swingin Party/uploaded.flac
NOMAD-0975,Mereba,Stay Tru,HIGH,original,flac,15,3,,NOMAD-0975 - Mereba - Stay Tru/Mereba - Stay Tru (Original).flac,NOMAD-0975 - Mereba - Stay Tru/Mereba - Stay Tru (Original).wav ;; NOMAD-0975 - Mereba - Stay Tru/uploaded.flac
NOMAD-0976,U.S. Navy,Song of the Seabees,HIGH,youtube,wav,16,3,,NOMAD-0976 - U.S. Navy - Song of the Seabees/U.S. Navy - Song of the Seabees (Youtube uhH05XpWAjs).wav,NOMAD-0976 - U.S. Navy - Song of the Seabees/U.S. Navy - Song of the Seabees (Youtube uhH05XpWAjs).webm ;; NOMAD-0976 - U.S. Navy - Song of the Seabees/Songs of the U.S. Navy： Song of the Seabees [_qQNn24V9k8].flac
NOMAD-0977,Breaking Benjamin,Blow Me Away,HIGH,original,flac,15,3,,NOMAD-0977 - Breaking Benjamin - Blow Me Away/Breaking Benjamin - Blow Me Away (Original).flac,NOMAD-0977 - Breaking Benjamin - Blow Me Away/Breaking Benjamin - Blow Me Away (Original).wav ;; NOMAD-0977 - Breaking Benjamin - Blow Me Away/uploaded.flac
NOMAD-0978,Little Dragon,Disco Dangerous,HIGH,original,flac,15,3,,NOMAD-0978 - Little Dragon - Disco Dangerous/Little Dragon - Disco Dangerous (Original).flac,NOMAD-0978 - Little Dragon - Disco Dangerous/Little Dragon - Disco Dangerous (Original).wav ;; NOMAD-0978 - Little Dragon - Disco Dangerous/uploaded.flac
NOMAD-0979,Bruce Springsteen,Dancing In The Dark (132 BPM),HIGH,original,flac,15,3,,NOMAD-0979 - Bruce Springsteen - Dancing In The Dark (132 BPM)/Bruce Springsteen - Dancing In The Dark (132 BPM) (Original).flac,NOMAD-0979 - Bruce Springsteen - Dancing In The Dark (132 BPM)/Bruce Springsteen - Dancing In The Dark (132 BPM) (Original).wav ;; NOMAD-0979 - Bruce Springsteen - Dancing In The Dark (132 BPM)/uploaded.flac
NOMAD-0980,Karol Sevilla,La Bikina (Inspirado en _Coco_),HIGH,original,flac,15,3,,NOMAD-0980 - Karol Sevilla - La Bikina (Inspirado en _Coco_)/Karol Sevilla - La Bikina (Inspirado en _Coco_) (Original).flac,NOMAD-0980 - Karol Sevilla - La Bikina (Inspirado en _Coco_)/Karol Sevilla - La Bikina (Inspirado en _Coco_) (Original).wav ;; NOMAD-0980 - Karol Sevilla - La Bikina (Inspirado en _Coco_)/uploaded.flac
NOMAD-0981,Frank Sinatra,I Hadn't Anyone Till You,HIGH,original,flac,16,3,,NOMAD-0981 - Frank Sinatra - I Hadn't Anyone Till You/Frank Sinatra - I Hadn't Anyone Till You (Original).flac,NOMAD-0981 - Frank Sinatra - I Hadn't Anyone Till You/Frank Sinatra - I Hadn't Anyone Till You (Original).wav ;; NOMAD-0981 - Frank Sinatra - I Hadn't Anyone Till You/uploaded.flac
NOMAD-0982,FKA twigs,Wanderlust,HIGH,original,flac,15,3,,NOMAD-0982 - FKA twigs - Wanderlust/FKA twigs - Wanderlust (Original).flac,NOMAD-0982 - FKA twigs - Wanderlust/FKA twigs - Wanderlust (Original).wav ;; NOMAD-0982 - FKA twigs - Wanderlust/uploaded.flac
NOMAD-0983,Theory of a Deadman,Ambulance,HIGH,original,flac,15,3,,NOMAD-0983 - Theory of a Deadman - Ambulance/Theory of a Deadman - Ambulance (Original).flac,NOMAD-0983 - Theory of a Deadman - Ambulance/Theory of a Deadman - Ambulance (Original).wav ;; NOMAD-0983 - Theory of a Deadman - Ambulance/uploaded.flac
NOMAD-0984,Bruce Springsteen,Dancing In The Dark (124 BPM),HIGH,original,flac,15,3,,NOMAD-0984 - Bruce Springsteen - Dancing In The Dark (124 BPM)/Bruce Springsteen - Dancing In The Dark (124 BPM) (Original).flac,NOMAD-0984 - Bruce Springsteen - Dancing In The Dark (124 BPM)/Bruce Springsteen - Dancing In The Dark (124 BPM) (Original).wav ;; NOMAD-0984 - Bruce Springsteen - Dancing In The Dark (124 BPM)/uploaded.flac
NOMAD-0985,Queens of the Stone Age,Head Like A Haunted House,HIGH,original,flac,15,3,,NOMAD-0985 - Queens of the Stone Age - Head Like A Haunted House/Queens of the Stone Age - Head Like A Haunted House (Original).flac,NOMAD-0985 - Queens of the Stone Age - Head Like A Haunted House/Queens of the Stone Age - Head Like A Haunted House (Original).wav ;; NOMAD-0985 - Queens of the Stone Age - Head Like A Haunted House/uploaded.flac
NOMAD-0986,BRIM,gone,HIGH,youtube,wav,14,2,,NOMAD-0986 - BRIM - gone/BRIM - gone (Youtube IrJ2XRDvfA4).wav,NOMAD-0986 - BRIM - gone/BRIM - gone (Youtube IrJ2XRDvfA4).webm
NOMAD-0987,BRIM,camaro,HIGH,youtube,wav,14,2,,NOMAD-0987 - BRIM - camaro/BRIM - camaro (Youtube oprOizf_a00).wav,NOMAD-0987 - BRIM - camaro/BRIM - camaro (Youtube oprOizf_a00).webm
NOMAD-0988,Super Furry Animals,Fire In My Heart,HIGH,original,flac,15,3,,NOMAD-0988 - Super Furry Animals - Fire In My Heart/Super Furry Animals - Fire In My Heart (Original).flac,NOMAD-0988 - Super Furry Animals - Fire In My Heart/Super Furry Animals - Fire In My Heart (Original).wav ;; NOMAD-0988 - Super Furry Animals - Fire In My Heart/uploaded.flac
NOMAD-0989,Tony Bennett,I Remember You,HIGH,original,flac,15,3,,NOMAD-0989 - Tony Bennett - I Remember You/Tony Bennett - I Remember You (Original).flac,NOMAD-0989 - Tony Bennett - I Remember You/Tony Bennett - I Remember You (Original).wav ;; NOMAD-0989 - Tony Bennett - I Remember You/uploaded.flac
NOMAD-0990,Kiltro,Curicó,HIGH,original,flac,15,3,,NOMAD-0990 - Kiltro - Curicó/Kiltro - Curicó (Original).flac,NOMAD-0990 - Kiltro - Curicó/Kiltro - Curicó (Original).wav ;; NOMAD-0990 - Kiltro - Curicó/uploaded.flac
NOMAD-0991,Kwabs,Forgiven,HIGH,original,flac,15,3,,NOMAD-0991 - Kwabs - Forgiven/Kwabs - Forgiven (Original).flac,NOMAD-0991 - Kwabs - Forgiven/Kwabs - Forgiven (Original).wav ;; NOMAD-0991 - Kwabs - Forgiven/uploaded.flac
NOMAD-0992,Full Crate,A Fool Getting Older,HIGH,original,flac,16,3,,NOMAD-0992 - Full Crate - A Fool Getting Older/Full Crate - A Fool Getting Older (Original).flac,NOMAD-0992 - Full Crate - A Fool Getting Older/Full Crate - A Fool Getting Older (Original).wav ;; NOMAD-0992 - Full Crate - A Fool Getting Older/uploaded.flac
NOMAD-0993,JP Cooper,Beneath The Streetlights And The Moon,HIGH,original,flac,15,3,,NOMAD-0993 - JP Cooper - Beneath The Streetlights And The Moon/JP Cooper - Beneath The Streetlights And The Moon (Original).flac,NOMAD-0993 - JP Cooper - Beneath The Streetlights And The Moon/JP Cooper - Beneath The Streetlights And The Moon (Original).wav ;; NOMAD-0993 - JP Cooper - Beneath The Streetlights And The Moon/uploaded.flac
NOMAD-0994,Jason Boland & The Stragglers,When I'm Stoned,HIGH,original,flac,15,3,,NOMAD-0994 - Jason Boland & The Stragglers - When I'm Stoned/Jason Boland & The Stragglers - When I'm Stoned (Original).flac,NOMAD-0994 - Jason Boland & The Stragglers - When I'm Stoned/Jason Boland & The Stragglers - When I'm Stoned (Original).wav ;; NOMAD-0994 - Jason Boland & The Stragglers - When I'm Stoned/uploaded.flac
NOMAD-0995,Little Simz,Selfish (feat. Cleo Sol),HIGH,original,flac,16,3,,NOMAD-0995 - Little Simz - Selfish (feat. Cleo Sol)/Little Simz - Selfish (feat. Cleo Sol) (Original).flac,NOMAD-0995 - Little Simz - Selfish (feat. Cleo Sol)/Little Simz - Selfish (feat. Cleo Sol) (Original).wav ;; NOMAD-0995 - Little Simz - Selfish (feat. Cleo Sol)/uploaded.flac
NOMAD-0996,Lin-Manuel Miranda,The Schuyler Sisters,HIGH,original,flac,16,3,,NOMAD-0996 - Lin-Manuel Miranda - The Schuyler Sisters/Lin-Manuel Miranda - The Schuyler Sisters (Original).flac,NOMAD-0996 - Lin-Manuel Miranda - The Schuyler Sisters/Lin-Manuel Miranda - The Schuyler Sisters (Original).wav ;; NOMAD-0996 - Lin-Manuel Miranda - The Schuyler Sisters/uploaded.flac
NOMAD-0997,Bloc Party,The Prayer,HIGH,original,flac,15,2,,NOMAD-0997 - Bloc Party - The Prayer/Bloc Party - The Prayer (Original).flac,NOMAD-0997 - Bloc Party - The Prayer/Bloc Party - The Prayer (Original).wav
NOMAD-0998,David Allan Coe,Cheap Thrills,HIGH,original,flac,15,3,,NOMAD-0998 - David Allan Coe - Cheap Thrills/David Allan Coe - Cheap Thrills (Original).flac,NOMAD-0998 - David Allan Coe - Cheap Thrills/David Allan Coe - Cheap Thrills (Original).wav ;; NOMAD-0998 - David Allan Coe - Cheap Thrills/uploaded.flac
NOMAD-0999,Tejon Street Corner Thieves,44,HIGH,original,flac,15,3,,NOMAD-0999 - Tejon Street Corner Thieves - 44/Tejon Street Corner Thieves - 44 (Original).flac,NOMAD-0999 - Tejon Street Corner Thieves - 44/Tejon Street Corner Thieves - 44 (Original).wav ;; NOMAD-0999 - Tejon Street Corner Thieves - 44/uploaded.flac
NOMAD-1000,Tyler Childers,Eatin Big Time,HIGH,original,flac,15,3,,NOMAD-1000 - Tyler Childers - Eatin Big Time/Tyler Childers - Eatin Big Time (Original).flac,NOMAD-1000 - Tyler Childers - Eatin Big Time/Tyler Childers - Eatin Big Time (Original).wav ;; NOMAD-1000 - Tyler Childers - Eatin Big Time/uploaded.flac
NOMAD-1001,Roger Waters,Empty Spaces (Live),HIGH,original,flac,15,3,,NOMAD-1001 - Roger Waters - Empty Spaces (Live)/Roger Waters - Empty Spaces (Live) (Original).flac,NOMAD-1001 - Roger Waters - Empty Spaces (Live)/Roger Waters - Empty Spaces (Live) (Original).wav ;; NOMAD-1001 - Roger Waters - Empty Spaces (Live)/uploaded.flac
NOMAD-1002,Tyler Childers,Bitin' List,HIGH,original,flac,15,3,,NOMAD-1002 - Tyler Childers - Bitin' List/Tyler Childers - Bitin' List (Original).flac,NOMAD-1002 - Tyler Childers - Bitin' List/Tyler Childers - Bitin' List (Original).wav ;; NOMAD-1002 - Tyler Childers - Bitin' List/uploaded.flac
NOMAD-1003,Lucky Boys Confusion,Mr. Wilmington,HIGH,original,flac,15,3,,NOMAD-1003 - Lucky Boys Confusion - Mr. Wilmington/Lucky Boys Confusion - Mr. Wilmington (Original).flac,NOMAD-1003 - Lucky Boys Confusion - Mr. Wilmington/Lucky Boys Confusion - Mr. Wilmington (Original).wav ;; NOMAD-1003 - Lucky Boys Confusion - Mr. Wilmington/uploaded.flac
NOMAD-1004,The Menzingers,Hope Is a Dangerous Little Thing,HIGH,original,flac,15,3,,NOMAD-1004 - The Menzingers - Hope Is a Dangerous Little Thing/The Menzingers - Hope Is a Dangerous Little Thing (Original).flac,NOMAD-1004 - The Menzingers - Hope Is a Dangerous Little Thing/The Menzingers - Hope Is a Dangerous Little Thing (Original).wav ;; NOMAD-1004 - The Menzingers - Hope Is a Dangerous Little Thing/uploaded.flac
NOMAD-1005,Car Seat Headrest,Ivy (Live),HIGH,original,flac,15,3,,NOMAD-1005 - Car Seat Headrest - Ivy (Live)/Car Seat Headrest - Ivy (Live) (Original).flac,NOMAD-1005 - Car Seat Headrest - Ivy (Live)/Car Seat Headrest - Ivy (Live) (Original).wav ;; NOMAD-1005 - Car Seat Headrest - Ivy (Live)/uploaded.flac
NOMAD-1006,Paris Hilton,That’s Hot (Come Into My Kitchen),HIGH,original,flac,15,3,,NOMAD-1006 - Paris Hilton - That’s Hot (Come Into My Kitchen)/Paris Hilton - That’s Hot (Come Into My Kitchen) (Original).flac,NOMAD-1006 - Paris Hilton - That’s Hot (Come Into My Kitchen)/Paris Hilton - That’s Hot (Come Into My Kitchen) (Original).wav ;; NOMAD-1006 - Paris Hilton - That’s Hot (Come Into My Kitchen)/uploaded.flac
NOMAD-1007,Ayesha Erotica,That's Hot,HIGH,original,flac,15,3,,NOMAD-1007 - Ayesha Erotica - That's Hot/Ayesha Erotica - That's Hot (Original).flac,NOMAD-1007 - Ayesha Erotica - That's Hot/Ayesha Erotica - That's Hot (Original).wav ;; NOMAD-1007 - Ayesha Erotica - That's Hot/uploaded.flac
NOMAD-1008,The Holly Springs Disaster,Up In Smoke,HIGH,original,flac,15,3,,NOMAD-1008 - The Holly Springs Disaster - Up In Smoke/The Holly Springs Disaster - Up In Smoke (Original).flac,NOMAD-1008 - The Holly Springs Disaster - Up In Smoke/The Holly Springs Disaster - Up In Smoke (Original).wav ;; NOMAD-1008 - The Holly Springs Disaster - Up In Smoke/uploaded.flac
NOMAD-1009,Jeffrey Lewis & The Voltage,Depression! Despair!,HIGH,original,flac,15,3,,NOMAD-1009 - Jeffrey Lewis & The Voltage - Depression! Despair!/Jeffrey Lewis & The Voltage - Depression! Despair! (Original).flac,NOMAD-1009 - Jeffrey Lewis & The Voltage - Depression! Despair!/Jeffrey Lewis & The Voltage - Depression! Despair! (Original).wav ;; NOMAD-1009 - Jeffrey Lewis & The Voltage - Depression! Despair!/uploaded.flac
NOMAD-1010,Falling In Reverse,Pick Up The Phone,HIGH,original,flac,15,3,,NOMAD-1010 - Falling In Reverse - Pick Up The Phone/Falling In Reverse - Pick Up The Phone (Original).flac,NOMAD-1010 - Falling In Reverse - Pick Up The Phone/Falling In Reverse - Pick Up The Phone (Original).wav ;; NOMAD-1010 - Falling In Reverse - Pick Up The Phone/uploaded.flac
NOMAD-1011,T.S.O.L,American Zone,HIGH,original,flac,15,3,,NOMAD-1011 - T.S.O.L - American Zone/T.S.O.L - American Zone (Original).flac,NOMAD-1011 - T.S.O.L - American Zone/T.S.O.L - American Zone (Original).wav ;; NOMAD-1011 - T.S.O.L - American Zone/uploaded.flac
NOMAD-1012,Bloc Party,Uniform,HIGH,original,flac,15,3,,NOMAD-1012 - Bloc Party - Uniform/Bloc Party - Uniform (Original).flac,NOMAD-1012 - Bloc Party - Uniform/Bloc Party - Uniform (Original).wav ;; NOMAD-1012 - Bloc Party - Uniform/uploaded.flac
NOMAD-1013,Bloc Party,Where Is Home,HIGH,original,flac,16,3,,NOMAD-1013 - Bloc Party - Where Is Home/Bloc Party - Where Is Home (Original).flac,NOMAD-1013 - Bloc Party - Where Is Home/Bloc Party - Where Is Home (Original).wav ;; NOMAD-1013 - Bloc Party - Where Is Home/uploaded.flac
NOMAD-1014,Bloc Party,On,HIGH,original,flac,15,3,,NOMAD-1014 - Bloc Party - On/Bloc Party - On (Original).flac,NOMAD-1014 - Bloc Party - On/Bloc Party - On (Original).wav ;; NOMAD-1014 - Bloc Party - On/uploaded.flac
NOMAD-1015,Bloc Party,Kreuzberg,HIGH,original,flac,15,3,,NOMAD-1015 - Bloc Party - Kreuzberg/Bloc Party - Kreuzberg (Original).flac,NOMAD-1015 - Bloc Party - Kreuzberg/Bloc Party - Kreuzberg (Original).wav ;; NOMAD-1015 - Bloc Party - Kreuzberg/uploaded.flac
NOMAD-1016,Bloc Party,I Still Remember,HIGH,original,flac,15,3,,NOMAD-1016 - Bloc Party - I Still Remember/Bloc Party - I Still Remember (Original).flac,NOMAD-1016 - Bloc Party - I Still Remember/Bloc Party - I Still Remember (Original).wav ;; NOMAD-1016 - Bloc Party - I Still Remember/uploaded.flac
NOMAD-1017,Richard Hawley,Valentine,HIGH,original,flac,15,3,,NOMAD-1017 - Richard Hawley - Valentine/Richard Hawley - Valentine (Original).flac,NOMAD-1017 - Richard Hawley - Valentine/Richard Hawley - Valentine (Original).wav ;; NOMAD-1017 - Richard Hawley - Valentine/uploaded.flac
NOMAD-1018,Vibe Chemistry X Elro X Lupole,Burst My Bubble,HIGH,original,flac,16,3,,NOMAD-1018 - Vibe Chemistry X Elro X Lupole - Burst My Bubble/Vibe Chemistry X Elro X Lupole - Burst My Bubble (Original).flac,NOMAD-1018 - Vibe Chemistry X Elro X Lupole - Burst My Bubble/Vibe Chemistry X Elro X Lupole - Burst My Bubble (Original).wav ;; NOMAD-1018 - Vibe Chemistry X Elro X Lupole - Burst My Bubble/uploaded.flac
NOMAD-1019,Eddie Zuko,Still,HIGH,original,flac,15,3,,NOMAD-1019 - Eddie Zuko - Still/Eddie Zuko - Still (Original).flac,NOMAD-1019 - Eddie Zuko - Still/Eddie Zuko - Still (Original).wav ;; NOMAD-1019 - Eddie Zuko - Still/uploaded.flac
NOMAD-1020,Eddie Zuko,La Flor,HIGH,original,flac,15,3,,NOMAD-1020 - Eddie Zuko - La Flor/Eddie Zuko - La Flor (Original).flac,NOMAD-1020 - Eddie Zuko - La Flor/Eddie Zuko - La Flor (Original).wav ;; NOMAD-1020 - Eddie Zuko - La Flor/uploaded.flac
NOMAD-1021,Stevie Wonder,All Day Sucker,HIGH,original,flac,15,3,,NOMAD-1021 - Stevie Wonder - All Day Sucker/Stevie Wonder - All Day Sucker (Original).flac,NOMAD-1021 - Stevie Wonder - All Day Sucker/Stevie Wonder - All Day Sucker (Original).wav ;; NOMAD-1021 - Stevie Wonder - All Day Sucker/uploaded.flac
NOMAD-1022,Danny Brown,Monopoly,HIGH,original,flac,15,3,,NOMAD-1022 - Danny Brown - Monopoly/Danny Brown - Monopoly (Original).flac,NOMAD-1022 - Danny Brown - Monopoly/Danny Brown - Monopoly (Original).wav ;; NOMAD-1022 - Danny Brown - Monopoly/uploaded.flac
NOMAD-1023,A.D.O.R,One For The Trouble,HIGH,original,flac,15,3,,NOMAD-1023 - A.D.O.R - One For The Trouble/A.D.O.R - One For The Trouble (Original).flac,NOMAD-1023 - A.D.O.R - One For The Trouble/A.D.O.R - One For The Trouble (Original).wav ;; NOMAD-1023 - A.D.O.R - One For The Trouble/uploaded.flac
NOMAD-1024,Eddie Zuko,MADE,HIGH,original,flac,15,3,,NOMAD-1024 - Eddie Zuko - MADE/Eddie Zuko - MADE (Original).flac,NOMAD-1024 - Eddie Zuko - MADE/Eddie Zuko - MADE (Original).wav ;; NOMAD-1024 - Eddie Zuko - MADE/uploaded.flac
NOMAD-1025,Parcels,Yougotmefeeling,HIGH,original,flac,15,3,,NOMAD-1025 - Parcels - Yougotmefeeling/Parcels - Yougotmefeeling (Original).flac,NOMAD-1025 - Parcels - Yougotmefeeling/Parcels - Yougotmefeeling (Original).wav ;; NOMAD-1025 - Parcels - Yougotmefeeling/uploaded.flac
NOMAD-1026,Lou Rawls,World Of Trouble,HIGH,original,flac,15,3,,NOMAD-1026 - Lou Rawls - World Of Trouble/Lou Rawls - World Of Trouble (Original).flac,NOMAD-1026 - Lou Rawls - World Of Trouble/Lou Rawls - World Of Trouble (Original).wav ;; NOMAD-1026 - Lou Rawls - World Of Trouble/uploaded.flac
NOMAD-1027,Beyoncé,BLACKBIIRD,HIGH,original,flac,15,3,,NOMAD-1027 - Beyoncé - BLACKBIIRD/Beyoncé - BLACKBIIRD (Original).flac,NOMAD-1027 - Beyoncé - BLACKBIIRD/Beyoncé - BLACKBIIRD (Original).wav ;; NOMAD-1027 - Beyoncé - BLACKBIIRD/uploaded.flac
NOMAD-1028,Marco McDewey,10 Steps To Love,HIGH,original,flac,15,3,,NOMAD-1028 - Marco McDewey - 10 Steps To Love/Marco McDewey - 10 Steps To Love (Original).flac,NOMAD-1028 - Marco McDewey - 10 Steps To Love/Marco McDewey - 10 Steps To Love (Original).wav ;; NOMAD-1028 - Marco McDewey - 10 Steps To Love/uploaded.flac
NOMAD-1029,Cyndi Lauper,Say A Prayer,HIGH,original,flac,15,3,,NOMAD-1029 - Cyndi Lauper - Say A Prayer/Cyndi Lauper - Say A Prayer (Original).flac,NOMAD-1029 - Cyndi Lauper - Say A Prayer/Cyndi Lauper - Say A Prayer (Original).wav ;; NOMAD-1029 - Cyndi Lauper - Say A Prayer/uploaded.flac
NOMAD-1030,Chris Rea,Gonna Buy a Hat,HIGH,original,flac,15,3,,NOMAD-1030 - Chris Rea - Gonna Buy a Hat/Chris Rea - Gonna Buy a Hat (Original).flac,NOMAD-1030 - Chris Rea - Gonna Buy a Hat/Chris Rea - Gonna Buy a Hat (Original).wav ;; NOMAD-1030 - Chris Rea - Gonna Buy a Hat/uploaded.flac
NOMAD-1031,Coiled Menace,Adversities,HIGH,original,flac,15,3,,NOMAD-1031 - Coiled Menace - Adversities/Coiled Menace - Adversities (Original).flac,NOMAD-1031 - Coiled Menace - Adversities/Coiled Menace - Adversities (Original).wav ;; NOMAD-1031 - Coiled Menace - Adversities/uploaded.flac
NOMAD-1032,Acid Bath,Dead Girl,HIGH,original,flac,15,3,,NOMAD-1032 - Acid Bath - Dead Girl/Acid Bath - Dead Girl (Original).flac,NOMAD-1032 - Acid Bath - Dead Girl/Acid Bath - Dead Girl (Original).wav ;; NOMAD-1032 - Acid Bath - Dead Girl/uploaded.flac
NOMAD-1033,The Pine Valley Cosmonauts feat. Otis Clay,Banks of the Ohio,HIGH,original,flac,15,3,,NOMAD-1033 - The Pine Valley Cosmonauts feat. Otis Clay - Banks of the Ohio/The Pine Valley Cosmonauts feat. Otis Clay - Banks of the Ohio (Original).flac,NOMAD-1033 - The Pine Valley Cosmonauts feat. Otis Clay - Banks of the Ohio/The Pine Valley Cosmonauts feat. Otis Clay - Banks of the Ohio (Original).wav ;; NOMAD-1033 - The Pine Valley Cosmonauts feat. Otis Clay - Banks of the Ohio/uploaded.flac
NOMAD-1034,Hybrid Minds feat. Tiffani Juno,Touch,HIGH,original,flac,15,3,,NOMAD-1034 - Hybrid Minds feat. Tiffani Juno - Touch/Hybrid Minds feat. Tiffani Juno - Touch (Original).flac,NOMAD-1034 - Hybrid Minds feat. Tiffani Juno - Touch/Hybrid Minds feat. Tiffani Juno - Touch (Original).wav ;; NOMAD-1034 - Hybrid Minds feat. Tiffani Juno - Touch/uploaded.flac
NOMAD-1035,Hybrid Minds feat. Charlotte Plank,Lights,HIGH,original,flac,16,3,,NOMAD-1035 - Hybrid Minds feat. Charlotte Plank - Lights/Hybrid Minds feat. Charlotte Plank - Lights (Original).flac,NOMAD-1035 - Hybrid Minds feat. Charlotte Plank - Lights/Hybrid Minds feat. Charlotte Plank - Lights (Original).wav ;; NOMAD-1035 - Hybrid Minds feat. Charlotte Plank - Lights/uploaded.flac
NOMAD-1036,Hybrid Minds feat. Brodie,Delete Our Love,HIGH,original,flac,15,3,,NOMAD-1036 - Hybrid Minds feat. Brodie - Delete Our Love/Hybrid Minds feat. Brodie - Delete Our Love (Original).flac,NOMAD-1036 - Hybrid Minds feat. Brodie - Delete Our Love/Hybrid Minds feat. Brodie - Delete Our Love (Original).wav ;; NOMAD-1036 - Hybrid Minds feat. Brodie - Delete Our Love/uploaded.flac
NOMAD-1037,Hybrid Minds feat. Charlotte Haining,Demons,HIGH,original,flac,16,3,,NOMAD-1037 - Hybrid Minds feat. Charlotte Haining - Demons/Hybrid Minds feat. Charlotte Haining - Demons (Original).flac,NOMAD-1037 - Hybrid Minds feat. Charlotte Haining - Demons/Hybrid Minds feat. Charlotte Haining - Demons (Original).wav ;; NOMAD-1037 - Hybrid Minds feat. Charlotte Haining - Demons/uploaded.flac
NOMAD-1038,Hybrid Minds feat. Emily Jones,Inside,HIGH,original,flac,15,3,,NOMAD-1038 - Hybrid Minds feat. Emily Jones - Inside/Hybrid Minds feat. Emily Jones - Inside (Original).flac,NOMAD-1038 - Hybrid Minds feat. Emily Jones - Inside/Hybrid Minds feat. Emily Jones - Inside (Original).wav ;; NOMAD-1038 - Hybrid Minds feat. Emily Jones - Inside/uploaded.flac
NOMAD-1039,Hybrid Minds feat. Venbee,If Love Could Have Saved You,HIGH,original,flac,15,3,,NOMAD-1039 - Hybrid Minds feat. Venbee - If Love Could Have Saved You/Hybrid Minds feat. Venbee - If Love Could Have Saved You (Original).flac,NOMAD-1039 - Hybrid Minds feat. Venbee - If Love Could Have Saved You/Hybrid Minds feat. Venbee - If Love Could Have Saved You (Original).wav ;; NOMAD-1039 - Hybrid Minds feat. Venbee - If Love Could Have Saved You/uploaded.flac
NOMAD-1040,I Can Make a Mess Like Nobody's Business,The Best Happiness Money Can Buy,HIGH,original,flac,15,3,,NOMAD-1040 - I Can Make a Mess Like Nobody's Business - The Best Happiness Money Can Buy/I Can Make a Mess Like Nobody's Business - The Best Happiness Money Can Buy (Original).flac,NOMAD-1040 - I Can Make a Mess Like Nobody's Business - The Best Happiness Money Can Buy/I Can Make a Mess Like Nobody's Business - The Best Happiness Money Can Buy (Original).wav ;; NOMAD-1040 - I Can Make a Mess Like Nobody's Business - The Best Happiness Money Can Buy/uploaded.flac
NOMAD-1041,The Narcissist Cookbook,the Simplest Words,HIGH,original,flac,15,3,,NOMAD-1041 - The Narcissist Cookbook - the Simplest Words/The Narcissist Cookbook - the Simplest Words (Original).flac,NOMAD-1041 - The Narcissist Cookbook - the Simplest Words/The Narcissist Cookbook - the Simplest Words (Original).wav ;; NOMAD-1041 - The Narcissist Cookbook - the Simplest Words/uploaded.flac
NOMAD-1042,Annie Lennox,The Saddest Song I've Got,HIGH,original,flac,15,3,,NOMAD-1042 - Annie Lennox - The Saddest Song I've Got/Annie Lennox - The Saddest Song I've Got (Original).flac,NOMAD-1042 - Annie Lennox - The Saddest Song I've Got/Annie Lennox - The Saddest Song I've Got (Original).wav ;; NOMAD-1042 - Annie Lennox - The Saddest Song I've Got/uploaded.flac
NOMAD-1043,The Narcissist Cookbook,the library at the very bottom of this place,HIGH,original,flac,15,3,,NOMAD-1043 - The Narcissist Cookbook - the library at the very bottom of this place/The Narcissist Cookbook - the library at the very bottom of this place (Original).flac,NOMAD-1043 - The Narcissist Cookbook - the library at the very bottom of this place/The Narcissist Cookbook - the library at the very bottom of this place (Original).wav ;; NOMAD-1043 - The Narcissist Cookbook - the library at the very bottom of this place/uploaded.flac
NOMAD-1044,Coiled Menace,Clandestine Beatdown,HIGH,original,flac,15,3,,NOMAD-1044 - Coiled Menace - Clandestine Beatdown/Coiled Menace - Clandestine Beatdown (Original).flac,NOMAD-1044 - Coiled Menace - Clandestine Beatdown/Coiled Menace - Clandestine Beatdown (Original).wav ;; NOMAD-1044 - Coiled Menace - Clandestine Beatdown/uploaded.flac
NOMAD-1045,Title Fight,Liar’s Love,HIGH,original,flac,15,3,,NOMAD-1045 - Title Fight - Liar’s Love/Title Fight - Liar’s Love (Original).flac,NOMAD-1045 - Title Fight - Liar’s Love/Title Fight - Liar’s Love (Original).wav ;; NOMAD-1045 - Title Fight - Liar’s Love/uploaded.flac
NOMAD-1046,Ray Price,Just Someone I Used To Know,HIGH,original,flac,15,3,,NOMAD-1046 - Ray Price - Just Someone I Used To Know/Ray Price - Just Someone I Used To Know (Original).flac,NOMAD-1046 - Ray Price - Just Someone I Used To Know/Ray Price - Just Someone I Used To Know (Original).wav ;; NOMAD-1046 - Ray Price - Just Someone I Used To Know/uploaded.flac
NOMAD-1047,Notorious B.I.G. ft. Bone Thugs,Notorious Thugs,HIGH,original,flac,16,2,,NOMAD-1047 - Notorious B.I.G. ft. Bone Thugs - Notorious Thugs/Notorious B.I.G. ft. Bone Thugs - Notorious Thugs (Original).flac,NOMAD-1047 - Notorious B.I.G. ft. Bone Thugs - Notorious Thugs/Notorious B.I.G. ft. Bone Thugs - Notorious Thugs (Original).wav
NOMAD-1048,Notorious B.I.G. ft. Bone Thugs,Notorious Thugs (Shortened),HIGH,original,flac,13,2,,NOMAD-1048 - Notorious B.I.G. ft. Bone Thugs - Notorious Thugs (Shortened)/Notorious B.I.G. ft. Bone Thugs - Notorious Thugs (Shortened) (Original).flac,NOMAD-1048 - Notorious B.I.G. ft. Bone Thugs - Notorious Thugs (Shortened)/Notorious B.I.G. ft. Bone Thugs - Notorious Thugs (Shortened) (Original).wav
NOMAD-1049,Perry Como,Seattle,HIGH,original,flac,15,3,,NOMAD-1049 - Perry Como - Seattle/Perry Como - Seattle (Original).flac,NOMAD-1049 - Perry Como - Seattle/Perry Como - Seattle (Original).wav ;; NOMAD-1049 - Perry Como - Seattle/uploaded.flac
NOMAD-1050,Frank Sinatra,Bein' Green,HIGH,original,flac,15,3,,NOMAD-1050 - Frank Sinatra - Bein' Green/Frank Sinatra - Bein' Green (Original).flac,NOMAD-1050 - Frank Sinatra - Bein' Green/Frank Sinatra - Bein' Green (Original).wav ;; NOMAD-1050 - Frank Sinatra - Bein' Green/uploaded.flac
NOMAD-1051,Wolfgang Petry,Co-Co (Ho Chi Kaka Ho),HIGH,original,flac,15,3,,NOMAD-1051 - Wolfgang Petry - Co-Co (Ho Chi Kaka Ho)/Perry Como - Co-Co (Ho Chi Kaka Ho) (Original).flac,NOMAD-1051 - Wolfgang Petry - Co-Co (Ho Chi Kaka Ho)/Perry Como - Co-Co (Ho Chi Kaka Ho) (Original).wav ;; NOMAD-1051 - Wolfgang Petry - Co-Co (Ho Chi Kaka Ho)/uploaded.flac
NOMAD-1052,Julie Andrews,How Are Things in Glocca Morra_ (From Finian's Rainbow),HIGH,original,flac,15,3,,NOMAD-1052 - Julie Andrews - How Are Things in Glocca Morra_ (From Finian's Rainbow)/Julie Andrews - How Are Things in Glocca Morra_ (From Finian's Rainbow) (Original).flac,NOMAD-1052 - Julie Andrews - How Are Things in Glocca Morra_ (From Finian's Rainbow)/Julie Andrews - How Are Things in Glocca Morra_ (From Finian's Rainbow) (Original).wav ;; NOMAD-1052 - Julie Andrews - How Are Things in Glocca Morra_ (From Finian's Rainbow)/uploaded.flac
NOMAD-1053,Adeem the Artist,For Judas,HIGH,original,flac,15,3,,NOMAD-1053 - Adeem the Artist - For Judas/Adeem the Artist - For Judas (Original).flac,NOMAD-1053 - Adeem the Artist - For Judas/Adeem the Artist - For Judas (Original).wav ;; NOMAD-1053 - Adeem the Artist - For Judas/uploaded.flac
NOMAD-1054,Linda Feller,Ich führ Buch über jede Träne,HIGH,original,flac,15,3,,NOMAD-1054 - Linda Feller - Ich führ Buch über jede Träne/Linda Feller - Ich führ Buch über jede Träne (Original).flac,NOMAD-1054 - Linda Feller - Ich führ Buch über jede Träne/Linda Feller - Ich führ Buch über jede Träne (Original).wav ;; NOMAD-1054 - Linda Feller - Ich führ Buch über jede Träne/uploaded.flac
NOMAD-1055,Whey Jennings,Jekyll & Hyde,HIGH,original,flac,15,3,,NOMAD-1055 - Whey Jennings - Jekyll & Hyde/Whey Jennings - Jekyll & Hyde (Original).flac,NOMAD-1055 - Whey Jennings - Jekyll & Hyde/Whey Jennings - Jekyll & Hyde (Original).wav ;; NOMAD-1055 - Whey Jennings - Jekyll & Hyde/uploaded.flac
NOMAD-1056,Polyphonic Spree,Lithium,HIGH,original,flac,16,2,,NOMAD-1056 - Polyphonic Spree - Lithium/Polyphonic Spree - Lithium (Original).flac,NOMAD-1056 - Polyphonic Spree - Lithium/Polyphonic Spree - Lithium (Original).wav
NOMAD-1057,James Vickery,Until Morning,HIGH,original,flac,14,2,,NOMAD-1057 - James Vickery - Until Morning/James Vickery - Until Morning (Original).flac,NOMAD-1057 - James Vickery - Until Morning/James Vickery - Until Morning (Original).wav
NOMAD-1058,King Gizzard & The Lizard Wizard,Gila Monster,HIGH,original,flac,14,2,,NOMAD-1058 - King Gizzard & The Lizard Wizard - Gila Monster/King Gizzard & The Lizard Wizard - Gila Monster (Original).flac,NOMAD-1058 - King Gizzard & The Lizard Wizard - Gila Monster/King Gizzard & The Lizard Wizard - Gila Monster (Original).wav
NOMAD-1059,Nxdia,OUCH!,HIGH,original,flac,14,2,,NOMAD-1059 - Nxdia - OUCH!/Nxdia - OUCH! (Original).flac,NOMAD-1059 - Nxdia - OUCH!/Nxdia - OUCH! (Original).wav
NOMAD-1060,MIKA,Grace Kelly,HIGH,original,flac,15,3,,NOMAD-1060 - MIKA - Grace Kelly/MIKA - Grace Kelly (Original).flac,NOMAD-1060 - MIKA - Grace Kelly/MIKA - Grace Kelly (Original).wav ;; NOMAD-1060 - MIKA - Grace Kelly/uploaded.flac
NOMAD-1061,Nate Vickers,The Kill (30 Seconds To Mars),HIGH,original,flac,14,2,,NOMAD-1061 - Nate Vickers - The Kill (30 Seconds To Mars)/Nate Vickers - The Kill (30 Seconds To Mars) (Original).flac,NOMAD-1061 - Nate Vickers - The Kill (30 Seconds To Mars)/Nate Vickers - The Kill (30 Seconds To Mars) (Original).wav
NOMAD-1062,James Vickery,Pressure (with SG Lewis),HIGH,original,flac,14,2,,NOMAD-1062 - James Vickery - Pressure (with SG Lewis)/James Vickery - Pressure (with SG Lewis) (Original).flac,NOMAD-1062 - James Vickery - Pressure (with SG Lewis)/James Vickery - Pressure (with SG Lewis) (Original).wav
NOMAD-1063,Jay and the Americans,Come a Little Bit Closer (Spanish Version),HIGH,original,flac,14,2,,NOMAD-1063 - Jay and the Americans - Come a Little Bit Closer (Spanish Version)/Jay and the Americans - Come a Little Bit Closer (Spanish Version) (Original).flac,NOMAD-1063 - Jay and the Americans - Come a Little Bit Closer (Spanish Version)/Jay and the Americans - Come a Little Bit Closer (Spanish Version) (Original).wav
NOMAD-1064,James Vickery,All In (Visualiser),HIGH,original,flac,14,2,,NOMAD-1064 - James Vickery - All In (Visualiser)/James Vickery - All In (Visualiser) (Original).flac,NOMAD-1064 - James Vickery - All In (Visualiser)/James Vickery - All In (Visualiser) (Original).wav
NOMAD-1065,The Format,Let's Make This Moment A Crime,HIGH,original,flac,15,2,,NOMAD-1065 - The Format - Let's Make This Moment A Crime/The Format - Let's Make This Moment A Crime (Original).flac,NOMAD-1065 - The Format - Let's Make This Moment A Crime/The Format - Let's Make This Moment A Crime (Original).wav
NOMAD-1066,Bear Ghost,Rivers Is a Vampire,HIGH,original,flac,20,3,,NOMAD-1066 - Bear Ghost - Rivers Is a Vampire/Bear Ghost - Rivers Is a Vampire (Original).flac,NOMAD-1066 - Bear Ghost - Rivers Is a Vampire/Bear Ghost - Rivers Is a Vampire (Original).wav ;; NOMAD-1066 - Bear Ghost - Rivers Is a Vampire/05 - Rivers Is a Vampire ( Instrumental ).flac
NOMAD-1067,Reneé Rapp,Colorado,HIGH,original,flac,14,2,,NOMAD-1067 - Reneé Rapp - Colorado/Reneé Rapp - Colorado (Original).flac,NOMAD-1067 - Reneé Rapp - Colorado/Reneé Rapp - Colorado (Original).wav
NOMAD-1068,Willow,curious-furious,HIGH,original,flac,14,2,,NOMAD-1068 - Willow - curious-furious/Willow - curious-furious (Original).flac,NOMAD-1068 - Willow - curious-furious/Willow - curious-furious (Original).wav
NOMAD-1069,From First to Last,Waltz Moore,HIGH,original,flac,14,2,,NOMAD-1069 - From First to Last - Waltz Moore/From First to Last - Waltz Moore (Original).flac,NOMAD-1069 - From First to Last - Waltz Moore/From First to Last - Waltz Moore (Original).wav
NOMAD-1070,Lizzy McAlpine,erase me,HIGH,original,flac,14,2,,NOMAD-1070 - Lizzy McAlpine - erase me/Lizzy McAlpine - erase me (Original).flac,NOMAD-1070 - Lizzy McAlpine - erase me/Lizzy McAlpine - erase me (Original).wav
NOMAD-1071,Hole,Mrs. Jones,HIGH,original,flac,15,2,,NOMAD-1071 - Hole - Mrs. Jones/Hole - Mrs. Jones (Original).flac,NOMAD-1071 - Hole - Mrs. Jones/Hole - Mrs. Jones (Original).wav
NOMAD-1072,Coiled Menace,Chemical Eyes,HIGH,original,wav,14,2,,NOMAD-1072 - Coiled Menace - Chemical Eyes/Coiled Menace - Chemical Eyes (Original).wav,NOMAD-1072 - Coiled Menace - Chemical Eyes/Coiled Menace - Chemical Eyes (Original).mp3
NOMAD-1073,Coiled Menace,Honor Among Thieves,HIGH,original,wav,14,2,,NOMAD-1073 - Coiled Menace - Honor Among Thieves/Coiled Menace - Honor Among Thieves (Original).wav,NOMAD-1073 - Coiled Menace - Honor Among Thieves/Coiled Menace - Honor Among Thieves (Original).mp3
NOMAD-1074,The Format,Holy Roller,HIGH,original,flac,16,2,,NOMAD-1074 - The Format - Holy Roller/The Format - Holy Roller (Original).flac,NOMAD-1074 - The Format - Holy Roller/The Format - Holy Roller (Original).wav
NOMAD-1075,The Mello-Kings,"Tonite, Tonite",HIGH,original,flac,14,2,,"NOMAD-1075 - The Mello-Kings - Tonite, Tonite/The Mello-Kings - Tonite, Tonite (Original).flac","NOMAD-1075 - The Mello-Kings - Tonite, Tonite/The Mello-Kings - Tonite, Tonite (Original).wav"
NOMAD-1076,Marty Robbins,Tall Handsome Stranger,HIGH,original,flac,14,2,,NOMAD-1076 - Marty Robbins - Tall Handsome Stranger/Marty Robbins - Tall Handsome Stranger (Original).flac,NOMAD-1076 - Marty Robbins - Tall Handsome Stranger/Marty Robbins - Tall Handsome Stranger (Original).wav
NOMAD-1077,illScarlett,Nothing Special,HIGH,original,flac,14,2,,NOMAD-1077 - illScarlett - Nothing Special/illScarlett - Nothing Special (Original).flac,NOMAD-1077 - illScarlett - Nothing Special/illScarlett - Nothing Special (Original).wav
NOMAD-1078,AJR,Don't Throw Out My Legos,HIGH,original,flac,14,2,,NOMAD-1078 - AJR - Don't Throw Out My Legos/AJR - Don't Throw Out My Legos (Original).flac,NOMAD-1078 - AJR - Don't Throw Out My Legos/AJR - Don't Throw Out My Legos (Original).wav
NOMAD-1079,Bob Marley & the Wailers,Kaya,HIGH,original,flac,14,2,,NOMAD-1079 - Bob Marley & the Wailers - Kaya/Bob Marley & the Wailers - Kaya (Original).flac,NOMAD-1079 - Bob Marley & the Wailers - Kaya/Bob Marley & the Wailers - Kaya (Original).wav
NOMAD-1080,Dominic Fike,White Keys,HIGH,original,flac,14,2,,NOMAD-1080 - Dominic Fike - White Keys/Dominic Fike - White Keys (Original).flac,NOMAD-1080 - Dominic Fike - White Keys/Dominic Fike - White Keys (Original).wav
NOMAD-1081,Maribou State,Spooky (feat. Holly Walker),HIGH,original,wav,14,1,,NOMAD-1081 - Maribou State - Spooky (feat. Holly Walker)/Maribou State - Spooky (feat. Holly Walker) (Original).wav,
NOMAD-1082,Pablo Montero,Que me digan viejo,HIGH,original,flac,14,2,,NOMAD-1082 - Pablo Montero - Que me digan viejo/Pablo Montero - Que me digan viejo (Original).flac,NOMAD-1082 - Pablo Montero - Que me digan viejo/Pablo Montero - Que me digan viejo (Original).wav
NOMAD-1083,Paramore,Thick Skull,HIGH,original,flac,14,2,,NOMAD-1083 - Paramore - Thick Skull/Paramore - Thick Skull (Original).flac,NOMAD-1083 - Paramore - Thick Skull/Paramore - Thick Skull (Original).wav
NOMAD-1084,Camilo Sesto,Te Quiero Así,HIGH,original,flac,14,2,,NOMAD-1084 - Camilo Sesto - Te Quiero Así/Camilo Sesto - Te Quiero Así (Original).flac,NOMAD-1084 - Camilo Sesto - Te Quiero Así/Camilo Sesto - Te Quiero Así (Original).wav
NOMAD-1085,The Amazing Devil,That Unwanted Animal (No BV),HIGH,original,flac,15,3,,NOMAD-1085 - The Amazing Devil - That Unwanted Animal (No BV)/The Amazing Devil - That Unwanted Animal (Original).flac,NOMAD-1085 - The Amazing Devil - That Unwanted Animal (No BV)/The Amazing Devil - That Unwanted Animal (Original).wav ;; NOMAD-1085 - The Amazing Devil - That Unwanted Animal (No BV)/uploaded.flac
NOMAD-1086,Aesma Daeva,"D'Oreste, D'Adjace",HIGH,original,flac,14,2,,"NOMAD-1086 - Aesma Daeva - D'Oreste, D'Adjace/Aesma Daeva - D'Oreste, D'Adjace (Original).flac","NOMAD-1086 - Aesma Daeva - D'Oreste, D'Adjace/Aesma Daeva - D'Oreste, D'Adjace (Original).wav"
NOMAD-1087,Junior Brown,Hang Up And Drive,HIGH,original,flac,14,2,,NOMAD-1087 - Junior Brown - Hang Up And Drive/Junior Brown - Hang Up And Drive (Original).flac,NOMAD-1087 - Junior Brown - Hang Up And Drive/Junior Brown - Hang Up And Drive (Original).wav
NOMAD-1088,All Time Low,For Baltimore,HIGH,original,flac,14,2,,NOMAD-1088 - All Time Low - For Baltimore/All Time Low - For Baltimore (Original).flac,NOMAD-1088 - All Time Low - For Baltimore/All Time Low - For Baltimore (Original).wav
NOMAD-1089,The Summer Set,Heart on the Floor,HIGH,original,flac,14,2,,NOMAD-1089 - The Summer Set - Heart on the Floor/The Summer Set - Heart on the Floor (Original).flac,NOMAD-1089 - The Summer Set - Heart on the Floor/The Summer Set - Heart on the Floor (Original).wav
NOMAD-1090,Red Leather,SINS (with Sueco & WesGhost),HIGH,original,flac,15,2,,NOMAD-1090 - Red Leather - SINS (with Sueco & WesGhost)/Red Leather - SINS (with Sueco & WesGhost) (Original).flac,NOMAD-1090 - Red Leather - SINS (with Sueco & WesGhost)/Red Leather - SINS (with Sueco & WesGhost) (Original).wav
NOMAD-1091,Peggy,DEAR READER,HIGH,original,flac,14,2,,NOMAD-1091 - Peggy - DEAR READER/Peggy - DEAR READER (Original).flac,NOMAD-1091 - Peggy - DEAR READER/Peggy - DEAR READER (Original).wav
NOMAD-1092,Roy Orbison,A Love So Beautiful,HIGH,original,flac,14,2,,NOMAD-1092 - Roy Orbison - A Love So Beautiful/Roy Orbison - A Love So Beautiful (Original).flac,NOMAD-1092 - Roy Orbison - A Love So Beautiful/Roy Orbison - A Love So Beautiful (Original).wav
NOMAD-1093,Roxy Music,For Your Pleasure,HIGH,original,flac,14,2,,NOMAD-1093 - Roxy Music - For Your Pleasure/Roxy Music - For Your Pleasure (Original).flac,NOMAD-1093 - Roxy Music - For Your Pleasure/Roxy Music - For Your Pleasure (Original).wav
NOMAD-1094,Noah Rinker,Wherever I Go,HIGH,original,flac,14,2,,NOMAD-1094 - Noah Rinker - Wherever I Go/Noah Rinker - Wherever I Go (Original).flac,NOMAD-1094 - Noah Rinker - Wherever I Go/Noah Rinker - Wherever I Go (Original).wav
NOMAD-1095,Martine McCutcheon,Maybe This Time (pitch +4),HIGH,original,wav,18,4,,NOMAD-1095 - Martine McCutcheon - Maybe This Time (pitch +4)/Martine McCutcheon - Maybe This Time (Original).wav,NOMAD-1095 - Martine McCutcheon - Maybe This Time (pitch +4)/Martine McCutcheon - Maybe This Time (4 semitones higher pitch).flac ;; NOMAD-1095 - Martine McCutcheon - Maybe This Time (pitch +4)/Martine McCutcheon - Maybe This Time (2 semitones higher pitch).flac ;; NOMAD-1095 - Martine McCutcheon - Maybe This Time (pitch +4)/Martine McCutcheon - Maybe This Time (4 semitones lower pitch).flac
NOMAD-1096,The Ting Tings,Shut Up and Let Me Go,HIGH,original,flac,14,2,,NOMAD-1096 - The Ting Tings - Shut Up and Let Me Go/The Ting Tings - Shut Up and Let Me Go (Original).flac,NOMAD-1096 - The Ting Tings - Shut Up and Let Me Go/The Ting Tings - Shut Up and Let Me Go (Original).wav
NOMAD-1097,The Ting Tings,Great DJ,HIGH,original,flac,14,2,,NOMAD-1097 - The Ting Tings - Great DJ/The Ting Tings - Great DJ (Original).flac,NOMAD-1097 - The Ting Tings - Great DJ/The Ting Tings - Great DJ (Original).wav
NOMAD-1098,The Ting Tings,That's Not My Name,HIGH,original,flac,15,2,,NOMAD-1098 - The Ting Tings - That's Not My Name/The Ting Tings - That's Not My Name (Original).flac,NOMAD-1098 - The Ting Tings - That's Not My Name/The Ting Tings - That's Not My Name (Original).wav
NOMAD-1099,Graham Central Station,Love And Happiness,HIGH,original,flac,14,2,,NOMAD-1099 - Graham Central Station - Love And Happiness/Graham Central Station - Love And Happiness (Original).flac,NOMAD-1099 - Graham Central Station - Love And Happiness/Graham Central Station - Love And Happiness (Original).wav
NOMAD-1100,Graham Central Station,Can You Handle It,HIGH,original,flac,14,2,,NOMAD-1100 - Graham Central Station - Can You Handle It/Graham Central Station - Can You Handle It (Original).flac,NOMAD-1100 - Graham Central Station - Can You Handle It/Graham Central Station - Can You Handle It (Original).wav
NOMAD-1101,Graham Central Station,Hair,HIGH,original,flac,14,2,,NOMAD-1101 - Graham Central Station - Hair/Graham Central Station - Hair (Original).flac,NOMAD-1101 - Graham Central Station - Hair/Graham Central Station - Hair (Original).wav
NOMAD-1102,Darren Hayes,In Your Eyes (pitch +4),HIGH,original,flac,28,4,,NOMAD-1102 - Darren Hayes - In Your Eyes (pitch +4)/other intermediates/Darren Hayes - In Your Eyes (Original Version Edit Plus 6 Semitones).flac,NOMAD-1102 - Darren Hayes - In Your Eyes (pitch +4)/Darren Hayes - In Your Eyes (pitch +4) (Original).wav ;; NOMAD-1102 - Darren Hayes - In Your Eyes (pitch +4)/Darren Hayes - In Your Eyes (Original).wav ;; NOMAD-1102 - Darren Hayes - In Your Eyes (pitch +4)/Darren Hayes - In Your Eyes (Andrew Singing).flac
NOMAD-1103,AJR,Three-Thirty,HIGH,original,flac,15,2,,NOMAD-1103 - AJR - Three-Thirty/AJR - Three-Thirty (Original).flac,NOMAD-1103 - AJR - Three-Thirty/AJR - Three-Thirty (Original).wav
NOMAD-1104,Wolfgang Petry,Drunter Und Drüber,HIGH,original,flac,15,2,,NOMAD-1104 - Wolfgang Petry - Drunter Und Drüber/Wolfgang Petry - Drunter Und Drüber (Original).flac,NOMAD-1104 - Wolfgang Petry - Drunter Und Drüber/Wolfgang Petry - Drunter Und Drüber (Original).wav
NOMAD-1105,Linda Feller,Liebe wie im Rosengarten,HIGH,original,wav,14,2,,NOMAD-1105 - Linda Feller - Liebe wie im Rosengarten/Linda Feller - Liebe wie im Rosengarten (Original).wav,NOMAD-1105 - Linda Feller - Liebe wie im Rosengarten/Linda Feller - Liebe wie im Rosengarten (Original).mp3
NOMAD-1106,Linda Feller,And're Mütter haben auch ein schönes Kind,HIGH,original,flac,14,2,,NOMAD-1106 - Linda Feller - And're Mütter haben auch ein schönes Kind/Linda Feller - And're Mütter haben auch ein schönes Kind (Original).flac,NOMAD-1106 - Linda Feller - And're Mütter haben auch ein schönes Kind/Linda Feller - And're Mütter haben auch ein schönes Kind (Original).wav
NOMAD-1107,Charli XCX,Secret (Shh),HIGH,original,flac,15,2,,NOMAD-1107 - Charli XCX - Secret (Shh)/Charli XCX - Secret (Shh) (Original).flac,NOMAD-1107 - Charli XCX - Secret (Shh)/Charli XCX - Secret (Shh) (Original).wav
NOMAD-1108,TRAITRS,The Lovely Wounded,HIGH,original,flac,14,2,,NOMAD-1108 - TRAITRS - The Lovely Wounded/TRAITRS - The Lovely Wounded (Original).flac,NOMAD-1108 - TRAITRS - The Lovely Wounded/TRAITRS - The Lovely Wounded (Original).wav
NOMAD-1109,Stella Lefty,Cynic (pitch -5),HIGH,original,wav,13,1,,NOMAD-1109 - Stella Lefty - Cynic (pitch -5)/Stella Lefty - Cynic (pitch -5) (Original).wav,
NOMAD-1110,Moron Police,Captain Awkward,HIGH,original,flac,14,2,,NOMAD-1110 - Moron Police - Captain Awkward/Moron Police - Captain Awkward (Original).flac,NOMAD-1110 - Moron Police - Captain Awkward/Moron Police - Captain Awkward (Original).wav
NOMAD-1111,Broods,Bridges,HIGH,original,flac,17,2,,NOMAD-1111 - Broods - Bridges/Broods - Bridges (Original).flac,NOMAD-1111 - Broods - Bridges/Broods - Bridges (Original).wav
NOMAD-1112,Beck,Thinking About You,HIGH,original,flac,14,2,,NOMAD-1112 - Beck - Thinking About You/Beck - Thinking About You (Original).flac,NOMAD-1112 - Beck - Thinking About You/Beck - Thinking About You (Original).wav
NOMAD-1113,piri & tommy,who invited u,HIGH,original,flac,14,2,,NOMAD-1113 - piri & tommy - who invited u/piri & tommy - who invited u (Original).flac,NOMAD-1113 - piri & tommy - who invited u/piri & tommy - who invited u (Original).wav
NOMAD-1114,piri & tommy,dog,HIGH,original,flac,16,2,,NOMAD-1114 - piri & tommy - dog/piri & tommy - dog (Original).flac,NOMAD-1114 - piri & tommy - dog/piri & tommy - dog (Original).wav
NOMAD-1115,Phantom Planet,Raise the Dead,HIGH,original,flac,14,2,,NOMAD-1115 - Phantom Planet - Raise the Dead/Phantom Planet - Raise the Dead (Original).flac,NOMAD-1115 - Phantom Planet - Raise the Dead/Phantom Planet - Raise the Dead (Original).wav
NOMAD-1116,Bear Ghost,Heavy News,HIGH,original,flac,18,2,,NOMAD-1116 - Bear Ghost - Heavy News/Bear Ghost - Heavy News (Original).flac,NOMAD-1116 - Bear Ghost - Heavy News/Bear Ghost - Heavy News (Original).wav
NOMAD-1117,Maury Yeston (Nine_ The Musical),Only With You,HIGH,original,flac,15,2,,NOMAD-1117 - Maury Yeston (Nine_ The Musical) - Only With You/Maury Yeston (Nine_ The Musical) - Only With You (Original).flac,NOMAD-1117 - Maury Yeston (Nine_ The Musical) - Only With You/Maury Yeston (Nine_ The Musical) - Only With You (Original).wav
NOMAD-1118,Public Enemy,Hazy Shade of Criminal,HIGH,original,flac,18,2,,NOMAD-1118 - Public Enemy - Hazy Shade of Criminal/Public Enemy - Hazy Shade of Criminal (Original).flac,NOMAD-1118 - Public Enemy - Hazy Shade of Criminal/Public Enemy - Hazy Shade of Criminal (Original).wav
NOMAD-1119,Ranchside Melodies,Let it Be - The Beatles,HIGH,youtube,wav,14,2,,NOMAD-1119 - Ranchside Melodies - Let it Be - The Beatles/Ranchside Melodies - Let it Be - The Beatles (Youtube Nt4of3oYCC8).wav,NOMAD-1119 - Ranchside Melodies - Let it Be - The Beatles/Ranchside Melodies - Let it Be - The Beatles (Youtube Nt4of3oYCC8).webm
NOMAD-1120,The Main Squeeze,#W W C,HIGH,original,flac,14,2,,NOMAD-1120 - The Main Squeeze - #W W C/The Main Squeeze - #W W C (Original).flac,NOMAD-1120 - The Main Squeeze - #W W C/The Main Squeeze - #W W C (Original).wav
NOMAD-1121,John Prine,The Sins of Memphisto,HIGH,original,flac,15,2,,NOMAD-1121 - John Prine - The Sins of Memphisto/John Prine - The Sins of Memphisto (Original).flac,NOMAD-1121 - John Prine - The Sins of Memphisto/John Prine - The Sins of Memphisto (Original).wav
NOMAD-1122,Mel McDaniel,Let It Roll (Let It Rock),HIGH,original,flac,14,2,,NOMAD-1122 - Mel McDaniel - Let It Roll (Let It Rock)/Mel McDaniel - Let It Roll (Let It Rock) (Original).flac,NOMAD-1122 - Mel McDaniel - Let It Roll (Let It Rock)/Mel McDaniel - Let It Roll (Let It Rock) (Original).wav
NOMAD-1123,Vern Gosdin,Chiseled In Stone,HIGH,original,flac,15,2,,NOMAD-1123 - Vern Gosdin - Chiseled In Stone/Vern Gosdin - Chiseled In Stone (Original).flac,NOMAD-1123 - Vern Gosdin - Chiseled In Stone/Vern Gosdin - Chiseled In Stone (Original).wav
NOMAD-1124,James Taylor,Carolina In My Mind,HIGH,original,flac,14,2,,NOMAD-1124 - James Taylor - Carolina In My Mind/James Taylor - Carolina In My Mind (Original).flac,NOMAD-1124 - James Taylor - Carolina In My Mind/James Taylor - Carolina In My Mind (Original).wav
NOMAD-1125,Our Sins,Down - The Fallen Interlude,HIGH,original,flac,14,2,,NOMAD-1125 - Our Sins - Down - The Fallen Interlude/Our Sins - Down - The Fallen Interlude (Original).flac,NOMAD-1125 - Our Sins - Down - The Fallen Interlude/Our Sins - Down - The Fallen Interlude (Original).wav
NOMAD-1126,American Head Charge,Just So You Know,HIGH,original,flac,14,2,,NOMAD-1126 - American Head Charge - Just So You Know/American Head Charge - Just So You Know (Original).flac,NOMAD-1126 - American Head Charge - Just So You Know/American Head Charge - Just So You Know (Original).wav
NOMAD-1127,Newgrounds Death Rugby,Hinamizawa,HIGH,original,flac,14,2,,NOMAD-1127 - Newgrounds Death Rugby - Hinamizawa/Newgrounds Death Rugby - Hinamizawa (Original).flac,NOMAD-1127 - Newgrounds Death Rugby - Hinamizawa/Newgrounds Death Rugby - Hinamizawa (Original).wav
NOMAD-1128,Hole,Pretty On The Inside,HIGH,original,flac,14,2,,NOMAD-1128 - Hole - Pretty On The Inside/Hole - Pretty On The Inside (Original).flac,NOMAD-1128 - Hole - Pretty On The Inside/Hole - Pretty On The Inside (Original).wav
NOMAD-1129,Coil,Ostia (The Death of Pasolini),HIGH,original,flac,14,2,,NOMAD-1129 - Coil - Ostia (The Death of Pasolini)/Coil - Ostia (The Death of Pasolini) (Original).flac,NOMAD-1129 - Coil - Ostia (The Death of Pasolini)/Coil - Ostia (The Death of Pasolini) (Original).wav
NOMAD-1130,Academia de Musica Guzmán Records,La Llorona (Cover),HIGH,youtube,wav,13,1,,NOMAD-1130 - Academia de Musica Guzmán Records - La Llorona (Cover)/Academia de Musica Guzmán Records - La Llorona (Cover) (Youtube 7VQe2MXJxl8).wav,
NOMAD-1131,American Head Charge,Downstream,HIGH,original,flac,14,2,,NOMAD-1131 - American Head Charge - Downstream/American Head Charge - Downstream (Original).flac,NOMAD-1131 - American Head Charge - Downstream/American Head Charge - Downstream (Original).wav
NOMAD-1132,Samantha Leah,WILD WOMAN,HIGH,original,flac,20,2,,NOMAD-1132 - Samantha Leah - WILD WOMAN/Samantha Leah - WILD WOMAN (Original).flac,NOMAD-1132 - Samantha Leah - WILD WOMAN/Samantha Leah - WILD WOMAN (Original).wav
NOMAD-1133,Panchiko,Laputa,HIGH,youtube,wav,14,2,,NOMAD-1133 - Panchiko - Laputa/Panchiko - Laputa (Youtube BQRkv-MZwJ8).wav,NOMAD-1133 - Panchiko - Laputa/Panchiko - Laputa (Youtube BQRkv-MZwJ8).webm
NOMAD-1134,Junior Brown,Long Walk Back to San Antone,HIGH,original,flac,14,2,,NOMAD-1134 - Junior Brown - Long Walk Back to San Antone/Junior Brown - Long Walk Back to San Antone (Original).flac,NOMAD-1134 - Junior Brown - Long Walk Back to San Antone/Junior Brown - Long Walk Back to San Antone (Original).wav
NOMAD-1135,Bonny Doon,San Francisco,HIGH,original,flac,14,2,,NOMAD-1135 - Bonny Doon - San Francisco/Bonny Doon - San Francisco (Original).flac,NOMAD-1135 - Bonny Doon - San Francisco/Bonny Doon - San Francisco (Original).wav
NOMAD-1136,Graham Central Station,People,HIGH,original,flac,17,2,,NOMAD-1136 - Graham Central Station - People/Graham Central Station - People (Original).flac,NOMAD-1136 - Graham Central Station - People/Graham Central Station - People (Original).wav
NOMAD-1137,Elijah Woods,Stay Home,HIGH,original,flac,15,2,,NOMAD-1137 - Elijah Woods - Stay Home/Elijah Woods - Stay Home (Original).flac,NOMAD-1137 - Elijah Woods - Stay Home/Elijah Woods - Stay Home (Original).wav
NOMAD-1138,Benny Schnier,Bin wieder frei,HIGH,original,wav,15,2,,NOMAD-1138 - Benny Schnier - Bin wieder frei/Benny Schnier - Bin wieder frei (Original).wav,NOMAD-1138 - Benny Schnier - Bin wieder frei/Benny Schnier - Bin wieder frei (Original).mp3
NOMAD-1139,Hokus Pick,I'm So Happy,HIGH,original,flac,15,2,,NOMAD-1139 - Hokus Pick - I'm So Happy/Hokus Pick - I'm So Happy (Original).flac,NOMAD-1139 - Hokus Pick - I'm So Happy/Hokus Pick - I'm So Happy (Original).wav
NOMAD-1140,American Head Charge,To Be Me,HIGH,original,flac,15,2,,NOMAD-1140 - American Head Charge - To Be Me/American Head Charge - To Be Me (Original).flac,NOMAD-1140 - American Head Charge - To Be Me/American Head Charge - To Be Me (Original).wav
NOMAD-1141,Korn,Good God,HIGH,original,flac,15,2,,NOMAD-1141 - Korn - Good God/Korn - Good God (Original).flac,NOMAD-1141 - Korn - Good God/Korn - Good God (Original).wav
NOMAD-1142,Flux of Pink Indians,Tube Disaster,HIGH,original,flac,14,2,,NOMAD-1142 - Flux of Pink Indians - Tube Disaster/Flux of Pink Indians - Tube Disaster (Original).flac,NOMAD-1142 - Flux of Pink Indians - Tube Disaster/Flux of Pink Indians - Tube Disaster (Original).wav
NOMAD-1143,Christian Death,Resurrection - Sixth Communion,HIGH,original,flac,14,2,,NOMAD-1143 - Christian Death - Resurrection - Sixth Communion/Christian Death - Resurrection - Sixth Communion (Original).flac,NOMAD-1143 - Christian Death - Resurrection - Sixth Communion/Christian Death - Resurrection - Sixth Communion (Original).wav
NOMAD-1144,AWOLNATION,Run,HIGH,original,flac,15,2,,NOMAD-1144 - AWOLNATION - Run/AWOLNATION - Run (Original).flac,NOMAD-1144 - AWOLNATION - Run/AWOLNATION - Run (Original).wav
NOMAD-1145,Kerrigan-Lowdermilk ft. Michael Arden,Run Away With Me,HIGH,original,flac,22,2,,NOMAD-1145 - Kerrigan-Lowdermilk ft. Michael Arden - Run Away With Me/Kerrigan-Lowdermilk ft. Michael Arden - Run Away With Me (Original).flac,NOMAD-1145 - Kerrigan-Lowdermilk ft. Michael Arden - Run Away With Me/Kerrigan-Lowdermilk ft. Michael Arden - Run Away With Me (Original).wav
NOMAD-1146,Jeremy Jordan,Run Away With Me (Live Sony Hall),HIGH,original,flac,21,2,,NOMAD-1146 - Jeremy Jordan - Run Away With Me (Live Sony Hall)/Jeremy Jordan - Run Away With Me (Live Sony Hall) (Original).flac,NOMAD-1146 - Jeremy Jordan - Run Away With Me (Live Sony Hall)/Jeremy Jordan - Run Away With Me (Live Sony Hall) (Original).wav
NOMAD-1147,benches,Angry Lizard Noise,HIGH,original,flac,13,2,,NOMAD-1147 - benches - Angry Lizard Noise/benches - Angry Lizard Noise (Original).flac,NOMAD-1147 - benches - Angry Lizard Noise/benches - Angry Lizard Noise (Original).wav
NOMAD-1148,Falling in Reverse,Voices in My Head,HIGH,original,flac,16,2,,NOMAD-1148 - Falling in Reverse - Voices in My Head/Falling in Reverse - Voices in My Head (Original).flac,NOMAD-1148 - Falling in Reverse - Voices in My Head/Falling in Reverse - Voices in My Head (Original).wav
NOMAD-1149,The Mountain Goats,Flight 717_ Going To Denmark,HIGH,original,flac,14,2,,NOMAD-1149 - The Mountain Goats - Flight 717_ Going To Denmark/The Mountain Goats - Flight 717_ Going To Denmark (Original).flac,NOMAD-1149 - The Mountain Goats - Flight 717_ Going To Denmark/The Mountain Goats - Flight 717_ Going To Denmark (Original).wav
NOMAD-1150,Five Finger Death Punch,Bad Company,HIGH,original,flac,14,2,,NOMAD-1150 - Five Finger Death Punch - Bad Company/Five Finger Death Punch - Bad Company (Original).flac,NOMAD-1150 - Five Finger Death Punch - Bad Company/Five Finger Death Punch - Bad Company (Original).wav
NOMAD-1151,Korn,The Devil Went Down To Georgia,HIGH,original,flac,15,2,,NOMAD-1151 - Korn - The Devil Went Down To Georgia/Korn - The Devil Went Down To Georgia (Original).flac,NOMAD-1151 - Korn - The Devil Went Down To Georgia/Korn - The Devil Went Down To Georgia (Original).wav
NOMAD-1152,Shinedown,A Symptom of Being Human,HIGH,original,flac,14,2,,NOMAD-1152 - Shinedown - A Symptom of Being Human/Shinedown - A Symptom of Being Human (Original).flac,NOMAD-1152 - Shinedown - A Symptom of Being Human/Shinedown - A Symptom of Being Human (Original).wav
NOMAD-1153,Seether,Goodbye Tonight,HIGH,original,flac,15,2,,NOMAD-1153 - Seether - Goodbye Tonight/Seether - Goodbye Tonight (Original).flac,NOMAD-1153 - Seether - Goodbye Tonight/Seether - Goodbye Tonight (Original).wav
NOMAD-1154,Arcade Fire,Unconditional I (Lookout Kid),HIGH,original,flac,14,2,,NOMAD-1154 - Arcade Fire - Unconditional I (Lookout Kid)/Arcade Fire - Unconditional I (Lookout Kid) (Original).flac,NOMAD-1154 - Arcade Fire - Unconditional I (Lookout Kid)/Arcade Fire - Unconditional I (Lookout Kid) (Original).wav
NOMAD-1155,Ethel Cain,A House In Nebraska,HIGH,original,flac,14,2,,NOMAD-1155 - Ethel Cain - A House In Nebraska/Ethel Cain - A House In Nebraska (Original).flac,NOMAD-1155 - Ethel Cain - A House In Nebraska/Ethel Cain - A House In Nebraska (Original).wav
NOMAD-1156,Houndmouth,Sedona,HIGH,original,flac,14,2,,NOMAD-1156 - Houndmouth - Sedona/Houndmouth - Sedona (Original).flac,NOMAD-1156 - Houndmouth - Sedona/Houndmouth - Sedona (Original).wav
NOMAD-1157,Five Finger Death Punch,The Pride,HIGH,original,flac,14,2,,NOMAD-1157 - Five Finger Death Punch - The Pride/Five Finger Death Punch - The Pride (Original).flac,NOMAD-1157 - Five Finger Death Punch - The Pride/Five Finger Death Punch - The Pride (Original).wav
NOMAD-1158,Volbeat,Still Counting,HIGH,original,flac,14,2,,NOMAD-1158 - Volbeat - Still Counting/Volbeat - Still Counting (Original).flac,NOMAD-1158 - Volbeat - Still Counting/Volbeat - Still Counting (Original).wav
NOMAD-1159,Boz Scaggs,T-Bone Shuffle,HIGH,original,flac,14,2,,NOMAD-1159 - Boz Scaggs - T-Bone Shuffle/Boz Scaggs - T-Bone Shuffle (Original).flac,NOMAD-1159 - Boz Scaggs - T-Bone Shuffle/Boz Scaggs - T-Bone Shuffle (Original).wav
NOMAD-1160,Doug Stone,I'd Be Better Off (In a Pine Box),HIGH,original,flac,14,2,,NOMAD-1160 - Doug Stone - I'd Be Better Off (In a Pine Box)/Doug Stone - I'd Be Better Off (In a Pine Box) (Original).flac,NOMAD-1160 - Doug Stone - I'd Be Better Off (In a Pine Box)/Doug Stone - I'd Be Better Off (In a Pine Box) (Original).wav
NOMAD-1161,Iggy Pop,Five Foot One,HIGH,original,flac,14,2,,NOMAD-1161 - Iggy Pop - Five Foot One/Iggy Pop - Five Foot One (Original).flac,NOMAD-1161 - Iggy Pop - Five Foot One/Iggy Pop - Five Foot One (Original).wav
NOMAD-1162,Arcy Drive,Roll My Stone,HIGH,original,flac,14,2,,NOMAD-1162 - Arcy Drive - Roll My Stone/Arcy Drive - Roll My Stone (Original).flac,NOMAD-1162 - Arcy Drive - Roll My Stone/Arcy Drive - Roll My Stone (Original).wav
NOMAD-1163,Port Isaacs Fishermans Friends,Lamorna (2018),NO_SOURCE,karaoke-sourced,,2,0,source-was-karaoke,,
NOMAD-1164,Attack Attack,The People's Elbow,NO_SOURCE,karaoke-sourced,,8,0,source-was-karaoke,,
NOMAD-1165,Dot Dot Curve,Thisdick,HIGH,original,flac,16,2,,NOMAD-1165 - Dot Dot Curve - Thisdick/Dot Dot Curve - Thisdick (Original).flac,NOMAD-1165 - Dot Dot Curve - Thisdick/Dot Dot Curve - Thisdick (Original).wav
NOMAD-1166,Four Lanes Male Choir,The White Rose,HIGH,original,wav,16,2,,NOMAD-1166 - Four Lanes Male Choir - The White Rose/Four Lanes Male Choir - The White Rose (Original).wav,NOMAD-1166 - Four Lanes Male Choir - The White Rose/Four Lanes Male Choir - The White Rose (Original).mp3
NOMAD-1167,Samm Henshaw,The World Is Mine,HIGH,original,flac,14,2,,NOMAD-1167 - Samm Henshaw - The World Is Mine/Samm Henshaw - The World Is Mine (Original).flac,NOMAD-1167 - Samm Henshaw - The World Is Mine/Samm Henshaw - The World Is Mine (Original).wav
NOMAD-1168,The Wombats,Moving To New York,HIGH,original,flac,14,2,,NOMAD-1168 - The Wombats - Moving To New York/The Wombats - Moving To New York (Original).flac,NOMAD-1168 - The Wombats - Moving To New York/The Wombats - Moving To New York (Original).wav
NOMAD-1169,The Wombats,Lost In The Post,HIGH,original,flac,14,2,,NOMAD-1169 - The Wombats - Lost In The Post/The Wombats - Lost In The Post (Original).flac,NOMAD-1169 - The Wombats - Lost In The Post/The Wombats - Lost In The Post (Original).wav
NOMAD-1170,Juice WRLD,HeMotions,HIGH,original,flac,14,2,,NOMAD-1170 - Juice WRLD - HeMotions/Juice WRLD - HeMotions (Original).flac,NOMAD-1170 - Juice WRLD - HeMotions/Juice WRLD - HeMotions (Original).wav
NOMAD-1171,Jethro Tull,Another Christmas Song,HIGH,flacfetch,flac,15,3,,NOMAD-1171 - Jethro Tull - Another Christmas Song/Jethro Tull - Another Christmas Song (flacfetch).flac,NOMAD-1171 - Jethro Tull - Another Christmas Song/Jethro Tull - Another Christmas Song (flacfetch-Redacted).flac ;; NOMAD-1171 - Jethro Tull - Another Christmas Song/Jethro Tull - Another Christmas Song (flacfetch-Redacted).wav
NOMAD-1172,Poe,Hey Pretty,HIGH,flacfetch,flac,16,2,,NOMAD-1172 - Poe - Hey Pretty/Poe - Hey Pretty (flacfetch-Redacted).flac,NOMAD-1172 - Poe - Hey Pretty/Poe - Hey Pretty (flacfetch-Redacted).wav
NOMAD-1173,BBYDnGR,DOUBLE CUP,HIGH,original,flac,14,2,,NOMAD-1173 - BBYDnGR - DOUBLE CUP/BBYDnGR - DOUBLE CUP (Original).flac,NOMAD-1173 - BBYDnGR - DOUBLE CUP/BBYDnGR - DOUBLE CUP (Original).wav
NOMAD-1174,Eyehategod,Trying to Crack the Hard Dollar,HIGH,flacfetch,flac,15,3,,NOMAD-1174 - Eyehategod - Trying to Crack the Hard Dollar/Eyehategod - Trying to Crack the Hard Dollar (flacfetch).flac,NOMAD-1174 - Eyehategod - Trying to Crack the Hard Dollar/Eyehategod - Trying to Crack the Hard Dollar (flacfetch-Redacted).flac ;; NOMAD-1174 - Eyehategod - Trying to Crack the Hard Dollar/Eyehategod - Trying to Crack the Hard Dollar (flacfetch-Redacted).wav
NOMAD-1175,Eyehategod,High Risk Trigger,HIGH,flacfetch,flac,15,3,,NOMAD-1175 - Eyehategod - High Risk Trigger/Eyehategod - High Risk Trigger (flacfetch).flac,NOMAD-1175 - Eyehategod - High Risk Trigger/Eyehategod - High Risk Trigger (flacfetch-Redacted).flac ;; NOMAD-1175 - Eyehategod - High Risk Trigger/Eyehategod - High Risk Trigger (flacfetch-Redacted).wav
NOMAD-1176,Rudimental,Dancing Is Healing,HIGH,flacfetch,flac,19,4,,NOMAD-1176 - Rudimental - Dancing Is Healing/Rudimental - Dancing Is Healing (flacfetch).flac,NOMAD-1176 - Rudimental - Dancing Is Healing/Rudimental - Dancing Is Healing (flacfetch-Redacted).flac ;; NOMAD-1176 - Rudimental - Dancing Is Healing/Rudimental - Dancing Is Healing (Original).wav ;; NOMAD-1176 - Rudimental - Dancing Is Healing/Rudimental - Dancing Is Healing (flacfetch-Redacted).wav
NOMAD-1177,Days N' Daze,Fuck It!,HIGH,original,flac,16,2,,NOMAD-1177 - Days N' Daze - Fuck It!/Days N' Daze - Fuck It! (Original).flac,NOMAD-1177 - Days N' Daze - Fuck It!/Days N' Daze - Fuck It! (Original).wav
NOMAD-1178,Seether,Tonight,HIGH,flacfetch,flac,15,3,,NOMAD-1178 - Seether - Tonight/Seether - Tonight (flacfetch).flac,NOMAD-1178 - Seether - Tonight/Seether - Tonight (flacfetch-Redacted).flac ;; NOMAD-1178 - Seether - Tonight/Seether - Tonight (flacfetch-Redacted).wav
NOMAD-1179,Father Of Peace,No Complaints,HIGH,flacfetch,wav,17,3,,NOMAD-1179 - Father Of Peace - No Complaints/Father Of Peace - No Complaints (flacfetch-YouTube).wav,NOMAD-1179 - Father Of Peace - No Complaints/Father Of Peace - No Complaints (flacfetch).m4a ;; NOMAD-1179 - Father Of Peace - No Complaints/Father Of Peace - No Complaints (flacfetch-YouTube).m4a
NOMAD-1180,Orla Gartland,"You're Not Special, Babe",HIGH,flacfetch,flac,17,3,,"NOMAD-1180 - Orla Gartland - You're Not Special, Babe/Orla Gartland - You're Not Special, Babe (flacfetch).flac","NOMAD-1180 - Orla Gartland - You're Not Special, Babe/Orla Gartland - You're Not Special, Babe (flacfetch-Redacted).flac ;; NOMAD-1180 - Orla Gartland - You're Not Special, Babe/Orla Gartland - You're Not Special, Babe (flacfetch-Redacted).wav"
NOMAD-1181,Blade of Glass,Loveis(sick)_5,HIGH,original,wav,4,1,,NOMAD-1181 - Blade of Glass - Loveis(sick)_5/Blade of Glass - Loveis(sick)_5 (Original).wav,
NOMAD-1182,Anita O'Day,Honeysuckle Rose,HIGH,original,flac,14,2,,NOMAD-1182 - Anita O'Day - Honeysuckle Rose/Anita O'Day - Honeysuckle Rose (Original).flac,NOMAD-1182 - Anita O'Day - Honeysuckle Rose/Anita O'Day - Honeysuckle Rose (Original).wav
NOMAD-1183,Josh Krajcik,Let Me Hold You,HIGH,original,wav,14,2,,NOMAD-1183 - Josh Krajcik - Let Me Hold You/Josh Krajcik - Let Me Hold You (Original).wav,NOMAD-1183 - Josh Krajcik - Let Me Hold You/Josh Krajcik - Let Me Hold You (Original).webm
NOMAD-1184,Eddie Money,I'll Get By,HIGH,flacfetch,flac,15,3,,NOMAD-1184 - Eddie Money - I'll Get By/Eddie Money - I'll Get By (flacfetch).flac,NOMAD-1184 - Eddie Money - I'll Get By/Eddie Money - I'll Get By (flacfetch-OPS).flac ;; NOMAD-1184 - Eddie Money - I'll Get By/Eddie Money - I'll Get By (flacfetch-OPS).wav
NOMAD-1185,Avril Lavigne,Unwanted,HIGH,original,flac,14,2,,NOMAD-1185 - Avril Lavigne - Unwanted/Avril Lavigne - Unwanted (Original).flac,NOMAD-1185 - Avril Lavigne - Unwanted/Avril Lavigne - Unwanted (Original).wav
NOMAD-1186,Five For Fighting,All I Know,HIGH,flacfetch,flac,15,3,,NOMAD-1186 - Five For Fighting - All I Know/Five For Fighting - All I Know (flacfetch).flac,NOMAD-1186 - Five For Fighting - All I Know/Five For Fighting - All I Know (flacfetch-RED).flac ;; NOMAD-1186 - Five For Fighting - All I Know/Five For Fighting - All I Know (flacfetch-RED).wav
NOMAD-1187,Avril Lavigne,Nobody's Home,NO_SOURCE,karaoke-sourced,,2,0,source-was-karaoke,,
NOMAD-1188,Liz Callaway,The Story Goes On (Baby),NO_SOURCE,karaoke-sourced,,8,0,source-was-karaoke,,
NOMAD-1189,Fiona Apple,Parting Gift,HIGH,flacfetch,flac,15,3,,NOMAD-1189 - Fiona Apple - Parting Gift/Fiona Apple - Parting Gift (flacfetch).flac,NOMAD-1189 - Fiona Apple - Parting Gift/Fiona Apple - Parting Gift (flacfetch-RED).flac ;; NOMAD-1189 - Fiona Apple - Parting Gift/Fiona Apple - Parting Gift (flacfetch-RED).wav
NOMAD-1190,Minutemen,Search,NO_SOURCE,karaoke-sourced,,8,0,source-was-karaoke,,
NOMAD-1191,Eiffel 65,Living in a Bubble,NO_SOURCE,karaoke-sourced,,8,0,source-was-karaoke,,
NOMAD-1192,Avril Lavigne,Mobile,HIGH,flacfetch,flac,15,3,,NOMAD-1192 - Avril Lavigne - Mobile/Avril Lavigne - Mobile (flacfetch).flac,NOMAD-1192 - Avril Lavigne - Mobile/Avril Lavigne - Mobile (flacfetch-RED).flac ;; NOMAD-1192 - Avril Lavigne - Mobile/Avril Lavigne - Mobile (flacfetch-RED).wav
NOMAD-1193,Avril Lavigne,I'm With You,HIGH,flacfetch,flac,15,3,,NOMAD-1193 - Avril Lavigne - I'm With You/Avril Lavigne - I'm With You (flacfetch).flac,NOMAD-1193 - Avril Lavigne - I'm With You/Avril Lavigne - I'm With You (flacfetch-RED).flac ;; NOMAD-1193 - Avril Lavigne - I'm With You/Avril Lavigne - I'm With You (flacfetch-RED).wav
NOMAD-1194,Footloose (Broadway Cast),I Can't Stand Still,NO_SOURCE,karaoke-sourced,,9,0,source-was-karaoke,,
NOMAD-1195,Richard Harris,Requiem,NO_SOURCE,karaoke-sourced,,9,0,source-was-karaoke,,
NOMAD-1196,Avril Lavigne,Anything but Ordinary,NO_SOURCE,karaoke-sourced,,9,0,source-was-karaoke,,
NOMAD-1197,Frank Turner,The Way I Tend to Be,NO_SOURCE,karaoke-sourced,,9,0,source-was-karaoke,,
NOMAD-1198,Avril Lavigne,Things I'll Never Say,NO_SOURCE,karaoke-sourced,,9,0,source-was-karaoke,,
NOMAD-1199,Dale Hawkins,Everglades,NO_SOURCE,karaoke-sourced,,9,0,source-was-karaoke,,
NOMAD-1200,Ayesha Erotica,Emo Boy,NO_SOURCE,karaoke-sourced,,9,0,source-was-karaoke,,
NOMAD-1201,Ayesha Erotica,Make U Cum,NO_SOURCE,karaoke-sourced,,9,0,source-was-karaoke,,
NOMAD-1202,Matt Pless,What a Time to Be Alive,NO_SOURCE,karaoke-sourced,,9,0,source-was-karaoke,,
NOMAD-1203,Toby Keith,Get My Drink On,NO_SOURCE,karaoke-sourced,,9,0,source-was-karaoke,,
NOMAD-1204,Kenny Chesney,Demons,NO_SOURCE,karaoke-sourced,,9,0,source-was-karaoke,,
NOMAD-1205,Nana Grizol,Less Than the Air,NO_SOURCE,karaoke-sourced,,9,0,source-was-karaoke,,
NOMAD-1206,Regina Spektor,Hotel Song,NO_SOURCE,karaoke-sourced,,9,0,source-was-karaoke,,
NOMAD-1207,Việt Nhân,Sầu Thương,NO_SOURCE,karaoke-sourced,,9,0,source-was-karaoke,,
NOMAD-1208,Ludo,Topeka,NO_SOURCE,karaoke-sourced,,9,0,source-was-karaoke,,
NOMAD-1209,The Rasmus,Back in the Picture,NO_SOURCE,karaoke-sourced,,9,0,source-was-karaoke,,
NOMAD-1210,John Prine,How Lucky (Colbert Report Version),NO_SOURCE,karaoke-sourced,,9,0,source-was-karaoke,,
NOMAD-1211,Keane,Nothing In My Way,NO_SOURCE,karaoke-sourced,,9,0,source-was-karaoke,,
NOMAD-1212,The Holly Springs Disaster,I Feel Like I'm Taking Crazy Pills,NO_SOURCE,karaoke-sourced,,9,0,source-was-karaoke,,
NOMAD-1213,These Silhouettes,Captivated,NO_SOURCE,karaoke-sourced,,9,0,source-was-karaoke,,
NOMAD-1214,Keane,Is It Any Wonder_,NO_SOURCE,karaoke-sourced,,9,0,source-was-karaoke,,
NOMAD-1215,lil happy lil sad,Magical,NO_SOURCE,karaoke-sourced,,9,0,source-was-karaoke,,
NOMAD-1216,Wolfgang Wallace,Comatose,NO_SOURCE,karaoke-sourced,,9,0,source-was-karaoke,,
NOMAD-1217,Bruce Springsteen,Streets of Minneapolis,NO_SOURCE,karaoke-sourced,,9,0,source-was-karaoke,,
NOMAD-1218,Mark Mallman,Minneapolis,NO_SOURCE,karaoke-sourced,,9,0,source-was-karaoke,,
NOMAD-1219,Bug Hunter,The Hook,NO_SOURCE,karaoke-sourced,,9,0,source-was-karaoke,,
NOMAD-1220,Anakelly from Timeless,Under The Milky Way,NO_SOURCE,karaoke-sourced,,9,0,source-was-karaoke,,
NOMAD-1221,China Styles,War Cry,NO_SOURCE,karaoke-sourced,,9,0,source-was-karaoke,,
NOMAD-1222,Willie Nelson,Valentine,NO_SOURCE,karaoke-sourced,,9,0,source-was-karaoke,,
NOMAD-1223,Lissom,Savagery,NO_SOURCE,karaoke-sourced,,9,0,source-was-karaoke,,
NOMAD-1224,Linda Feller,Keiner lügt so schlecht wie Du,NO_SOURCE,karaoke-sourced,,9,0,source-was-karaoke,,
NOMAD-1225,HE PRIMALS,Sinister,NO_SOURCE,karaoke-sourced,,9,0,source-was-karaoke,,
NOMAD-1226,Elizabeth Moen,Songbird,NO_SOURCE,karaoke-sourced,,9,0,source-was-karaoke,,
NOMAD-1227,"Crosby, Stills, Nash & Young",Almost Cut My Hair,NO_SOURCE,karaoke-sourced,,9,0,source-was-karaoke,,
NOMAD-1228,Nether Hour,The Hit,NO_SOURCE,karaoke-sourced,,9,0,source-was-karaoke,,
NOMAD-1229,Doc Watson,Deep River Blues,NO_SOURCE,karaoke-sourced,,9,0,source-was-karaoke,,
NOMAD-1230,"Kelly Price ft. Ronald Isley, R. Kelly",Friend Of Mine (Remix),NO_SOURCE,karaoke-sourced,,9,0,source-was-karaoke,,
NOMAD-1231,The Mountain Goats,Going to Maine,NO_SOURCE,karaoke-sourced,,9,0,source-was-karaoke,,
NOMAD-1232,Childish Gambino,Saturday,NO_SOURCE,karaoke-sourced,,9,0,source-was-karaoke,,
NOMAD-1233,SteelDrivers,Where Rainbows Never Die,NO_SOURCE,karaoke-sourced,,9,0,source-was-karaoke,,
NOMAD-1234,YONAKA,Rockstar,NO_SOURCE,karaoke-sourced,,9,0,source-was-karaoke,,
NOMAD-1235,Travis Scott,sweet sweet,NO_SOURCE,karaoke-sourced,,9,0,source-was-karaoke,,
NOMAD-1236,Jasmine Thompson,You Are My Sunshine,NO_SOURCE,karaoke-sourced,,9,0,source-was-karaoke,,
NOMAD-1237,Nick Lowe,True Love Travels on a Gravel Road,NO_SOURCE,karaoke-sourced,,9,0,source-was-karaoke,,
NOMAD-1238,Kenny Wayne Shepherd,Everything Is Broken,NO_SOURCE,karaoke-sourced,,9,0,source-was-karaoke,,
NOMAD-1239,Set it off,Wolf in sheep's clothing,NO_SOURCE,karaoke-sourced,,9,0,source-was-karaoke,,
NOMAD-1240,Joe Nichols,Sunny and 75,NO_SOURCE,karaoke-sourced,,9,0,source-was-karaoke,,
NOMAD-1241,The Something Specials,Aces,NO_SOURCE,karaoke-sourced,,9,0,source-was-karaoke,,
NOMAD-1242,The Sword,Cloak Of Feathers,NO_SOURCE,karaoke-sourced,,9,0,source-was-karaoke,,
NOMAD-1243,Over The Garden Wall (The Blasting Company),Patient Is The Night,NO_SOURCE,karaoke-sourced,,9,0,source-was-karaoke,,
NOMAD-1244,Pigeon Pit,Josephine County Blues,NO_SOURCE,karaoke-sourced,,9,0,source-was-karaoke,,
NOMAD-1245,Super Cassette,Invincibility Star,NO_SOURCE,karaoke-sourced,,9,0,source-was-karaoke,,
NOMAD-1246,novo amor,Vantablack,NO_SOURCE,karaoke-sourced,,9,0,source-was-karaoke,,
NOMAD-1248,Eyehategod,Medicine noose,NO_SOURCE,karaoke-sourced,,9,0,source-was-karaoke,,
NOMAD-1249,Eyehategod,Agitation! Propaganda!,NO_SOURCE,karaoke-sourced,,9,0,source-was-karaoke,,
NOMAD-1250,Eyehategod,Shoplift,NO_SOURCE,karaoke-sourced,,9,0,source-was-karaoke,,
NOMAD-1251,Phil Collins & Amy Keys,Separate Lives (Live In Paris 2004),NO_SOURCE,karaoke-sourced,,9,0,source-was-karaoke,,
NOMAD-1252,Yarbrough And Peoples,Guilty,NO_SOURCE,karaoke-sourced,,9,0,source-was-karaoke,,
NOMAD-1253,Social Distortion,1945 (13th Floor Version),NO_SOURCE,karaoke-sourced,,8,0,source-was-karaoke,,
NOMAD-1254,"Dawid Podsiadło, P.T. Adamczyk",Phantom Liberty,NO_SOURCE,karaoke-sourced,,9,0,source-was-karaoke,,
NOMAD-1255,Cage The elephant,Ain't no rest for the wicked,HIGH,youtube,webm,10,1,,NOMAD-1255 - Cage The elephant - Ain't no rest for the wicked/Cage The elephant - Ain't no rest for the wicked (YouTube).webm,
NOMAD-1256,Pitchshifter,Genius,HIGH,youtube,webm,10,1,,NOMAD-1256 - Pitchshifter - Genius/Pitchshifter - Genius (YouTube).webm,
NOMAD-1257,Eyehategod,Blank,NO_SOURCE,karaoke-sourced,,9,0,source-was-karaoke,,
NOMAD-1258,Jack Kays,The Rug,HIGH,flacfetch,flac,10,1,,NOMAD-1258 - Jack Kays - The Rug/Jack Kays - The Rug (flacfetch).flac,
NOMAD-1259,Steve Taylor,Jim Morrison's Grave,HIGH,flacfetch,flac,10,1,,NOMAD-1259 - Steve Taylor - Jim Morrison's Grave/Steve Taylor - Jim Morrison's Grave (flacfetch).flac,
NOMAD-1260,Eyehategod,Jack ass in the will of god,HIGH,youtube,webm,10,1,,NOMAD-1260 - Eyehategod - Jack ass in the will of god/Eyehategod - Jack ass in the will of god (YouTube).webm,
NOMAD-1261,Pierce The Veil,She Makes Dirty Words Sound Pretty,HIGH,youtube,webm,10,1,,NOMAD-1261 - Pierce The Veil - She Makes Dirty Words Sound Pretty/Pierce The Veil - She Makes Dirty Words Sound Pretty (YouTube).webm,
NOMAD-1262,Japanese Breakfast,Till Death,HIGH,youtube,webm,9,1,,NOMAD-1262 - Japanese Breakfast - Till Death/Japanese Breakfast - Till Death (YouTube).webm,
NOMAD-1263,Hollow Coves,Blessings,HIGH,uploaded,mp3,10,1,,NOMAD-1263 - Hollow Coves - Blessings/Hollow Coves - Blessings (uploaded).mp3,
NOMAD-1264,The Swirling Eddies,Pyro Sets a Wildfire,NO_SOURCE,karaoke-sourced,,9,0,source-was-karaoke,,
NOMAD-1265,The Mountain Goats,Source Decay,HIGH,flacfetch,flac,10,1,,NOMAD-1265 - The Mountain Goats - Source Decay/The Mountain Goats - Source Decay (flacfetch).flac,
NOMAD-1266,Hot Mulligan,"Pop Shuvit (Hall of Meat, Duh)",HIGH,flacfetch,flac,10,1,,"NOMAD-1266 - Hot Mulligan - Pop Shuvit (Hall of Meat, Duh)/Hot Mulligan - Pop Shuvit (Hall of Meat, Duh) (flacfetch).flac",
NOMAD-1267,Quail,What You Got,HIGH,flacfetch,webm,10,1,,NOMAD-1267 - Quail - What You Got/Quail - What You Got (flacfetch).webm,
NOMAD-1268,ASTN,Happier Than Ever,HIGH,flacfetch,webm,10,1,,NOMAD-1268 - ASTN - Happier Than Ever/ASTN - Happier Than Ever (flacfetch).webm,
NOMAD-1269,Sawyer Hill,Masochistic Lover,HIGH,flacfetch,flac,10,1,,NOMAD-1269 - Sawyer Hill - Masochistic Lover/Sawyer Hill - Masochistic Lover (flacfetch).flac,
NOMAD-1270,Pony Bradshaw,10x10,HIGH,flacfetch,flac,10,1,,NOMAD-1270 - Pony Bradshaw - 10x10/Pony Bradshaw - 10x10 (flacfetch).flac,
NOMAD-1271,Hot Mulligan,"Pop Shuvit (Hall of Meat, Duh) (Acoustic)",HIGH,flacfetch,flac,10,1,,"NOMAD-1271 - Hot Mulligan - Pop Shuvit (Hall of Meat, Duh) (Acoustic)/Hot Mulligan - Pop Shuvit (Hall of Meat, Duh) (Acoustic) (flacfetch).flac",
NOMAD-1272,Maximo Park,By the Monument,HIGH,flacfetch,flac,10,1,,NOMAD-1272 - Maximo Park - By the Monument/Maximo Park - By the Monument (flacfetch).flac,
NOMAD-1273,Maximo Park,Our Velocity,HIGH,flacfetch,flac,10,1,,NOMAD-1273 - Maximo Park - Our Velocity/Maximo Park - Our Velocity (flacfetch).flac,
NOMAD-1274,Pony Bradshaw,Jehovah,HIGH,flacfetch,flac,10,1,,NOMAD-1274 - Pony Bradshaw - Jehovah/Pony Bradshaw - Jehovah (flacfetch).flac,
NOMAD-1275,Michel Delpech,Le Chasseur,HIGH,youtube,webm,10,1,,NOMAD-1275 - Michel Delpech - Le Chasseur/Michel Delpech - Le Chasseur (YouTube).webm,
NOMAD-1276,Keane,Crystal Ball,HIGH,flacfetch,flac,10,1,,NOMAD-1276 - Keane - Crystal Ball/Keane - Crystal Ball (flacfetch).flac,
NOMAD-1277,Coldplay,Parachutes,HIGH,flacfetch,flac,10,1,,NOMAD-1277 - Coldplay - Parachutes/Coldplay - Parachutes (flacfetch).flac,
NOMAD-1278,Regina Spektor,Fidelity,HIGH,flacfetch,flac,10,1,,NOMAD-1278 - Regina Spektor - Fidelity/Regina Spektor - Fidelity (flacfetch).flac,
NOMAD-1279,Maximo Park,Apply Some Pressure,HIGH,flacfetch,flac,10,1,,NOMAD-1279 - Maximo Park - Apply Some Pressure/Maximo Park - Apply Some Pressure (flacfetch).flac,
NOMAD-1280,Maximo Park,Graffiti,HIGH,flacfetch,flac,10,1,,NOMAD-1280 - Maximo Park - Graffiti/Maximo Park - Graffiti (flacfetch).flac,
NOMAD-1281,Maximo Park,Signal and Sign,HIGH,flacfetch,flac,10,1,,NOMAD-1281 - Maximo Park - Signal and Sign/Maximo Park - Signal and Sign (flacfetch).flac,
NOMAD-1282,Keane,Put It Behind You,HIGH,flacfetch,flac,10,1,,NOMAD-1282 - Keane - Put It Behind You/Keane - Put It Behind You (flacfetch).flac,
NOMAD-1283,Maximo Park,Postcard of a Painting,HIGH,flacfetch,flac,10,1,,NOMAD-1283 - Maximo Park - Postcard of a Painting/Maximo Park - Postcard of a Painting (flacfetch).flac,
NOMAD-1284,Sugar ray,American pig,HIGH,flacfetch,flac,10,1,,NOMAD-1284 - Sugar ray - American pig/Sugar ray - American pig (flacfetch).flac,
NOMAD-1285,Pigs pigs pigs pigs pigs pigs pigs,Detroit,HIGH,flacfetch,flac,10,1,,NOMAD-1285 - Pigs pigs pigs pigs pigs pigs pigs - Detroit/Pigs pigs pigs pigs pigs pigs pigs - Detroit (flacfetch).flac,
NOMAD-1286,Maxïmo Park,Limassol,HIGH,flacfetch,flac,10,1,,NOMAD-1286 - Maxïmo Park - Limassol/Maxïmo Park - Limassol (flacfetch).flac,
NOMAD-1287,IceKnot,明尼苏达一万湖在唱,HIGH,youtube,webm,10,1,,NOMAD-1287 - IceKnot - 明尼苏达一万湖在唱/IceKnot - 明尼苏达一万湖在唱 (YouTube).webm,
NOMAD-1288,Maximo Park,Going Missing,HIGH,flacfetch,flac,10,1,,NOMAD-1288 - Maximo Park - Going Missing/Maximo Park - Going Missing (flacfetch).flac,
NOMAD-1289,Constantines,On To You,HIGH,flacfetch,flac,10,1,,NOMAD-1289 - Constantines - On To You/Constantines - On To You (flacfetch).flac,
NOMAD-1290,Maximo Park,I Want You To Stay,HIGH,flacfetch,flac,10,1,,NOMAD-1290 - Maximo Park - I Want You To Stay/Maximo Park - I Want You To Stay (flacfetch).flac,
NOMAD-1291,Lucinda Williams,Ventura,HIGH,flacfetch,flac,10,1,,NOMAD-1291 - Lucinda Williams - Ventura/Lucinda Williams - Ventura (flacfetch).flac,
NOMAD-1292,ARCANGEL,TE ESPERARÉ,HIGH,flacfetch,flac,10,1,,NOMAD-1292 - ARCANGEL - TE ESPERARÉ/ARCANGEL - TE ESPERARÉ (flacfetch).flac,
NOMAD-1293,Transplants,California Babylon,HIGH,flacfetch,flac,10,1,,NOMAD-1293 - Transplants - California Babylon/Transplants - California Babylon (flacfetch).flac,
NOMAD-1294,Maxïmo Park,The Night I Lost My Head,HIGH,flacfetch,flac,10,1,,NOMAD-1294 - Maxïmo Park - The Night I Lost My Head/Maxïmo Park - The Night I Lost My Head (flacfetch).flac,
NOMAD-1295,Queen Anne,Let's Dance,HIGH,flacfetch,flac,19,1,,NOMAD-1295 - Fox Stevenson - Victory Over Truth/Fox Stevenson - Victory Over Truth (flacfetch).flac,
NOMAD-1296,Disembodied,Bloodshed Rain,HIGH,flacfetch,flac,10,1,,NOMAD-1296 - Disembodied - Bloodshed Rain/Disembodied - Bloodshed Rain (flacfetch).flac,
NOMAD-1297,Queen Anne,Let's Dance,HIGH,flacfetch,webm,10,1,,NOMAD-1297 - Queen Anne - Let's Dance/Queen Anne - Let's Dance (flacfetch).webm,
NOMAD-1298,blankstate,lovely1,HIGH,flacfetch,webm,10,1,,NOMAD-1298 - blankstate - lovely1/blankstate - lovely1 (flacfetch).webm,
NOMAD-1299,kittie,Eyes Wide Open,HIGH,flacfetch,flac,10,1,,NOMAD-1299 - kittie - Eyes Wide Open/kittie - Eyes Wide Open (flacfetch).flac,
NOMAD-1300,Fox Stevenson,Still Here,HIGH,flacfetch,flac,10,1,,NOMAD-1300 - Fox Stevenson - Still Here/Fox Stevenson - Still Here (flacfetch).flac,
NOMAD-1301,Fox Stevenson,Dreamland,HIGH,flacfetch,flac,10,1,,NOMAD-1301 - Fox Stevenson - Dreamland/Fox Stevenson - Dreamland (flacfetch).flac,
NOMAD-1302,Fox Stevenson,All Eyes On Me,HIGH,flacfetch,flac,10,1,,NOMAD-1302 - Fox Stevenson - All Eyes On Me/Fox Stevenson - All Eyes On Me (flacfetch).flac,
NOMAD-1303,Fox Stevenson,Don't Care Crown,HIGH,flacfetch,flac,10,1,,NOMAD-1303 - Fox Stevenson - Don't Care Crown/Fox Stevenson - Don't Care Crown (flacfetch).flac,
NOMAD-1304,Fox Stevenson,Out My Head,HIGH,flacfetch,flac,10,1,,NOMAD-1304 - Fox Stevenson - Out My Head/Fox Stevenson - Out My Head (flacfetch).flac,
NOMAD-1305,Hole,Retard Girl,HIGH,flacfetch,flac,10,1,,NOMAD-1305 - Hole - Retard Girl/Hole - Retard Girl (flacfetch).flac,
NOMAD-1306,Fiona Apple,Jonathan,HIGH,flacfetch,flac,10,1,,NOMAD-1306 - Fiona Apple - Jonathan/Fiona Apple - Jonathan (flacfetch).flac,
NOMAD-1307,Little Foot,Death or Glory,HIGH,flacfetch,flac,10,1,,NOMAD-1307 - Little Foot - Death or Glory/Little Foot - Death or Glory (flacfetch).flac,
NOMAD-1308,Slutever,Maggot,HIGH,flacfetch,flac,10,1,,NOMAD-1308 - Slutever - Maggot/Slutever - Maggot (flacfetch).flac,
NOMAD-1309,Regina Spektor,Eet,HIGH,flacfetch,flac,10,1,,NOMAD-1309 - Regina Spektor - Eet/Regina Spektor - Eet (flacfetch).flac,
NOMAD-1310,The Raven Age,Age of the Raven,HIGH,flacfetch,flac,10,1,,NOMAD-1310 - The Raven Age - Age of the Raven/The Raven Age - Age of the Raven (flacfetch).flac,
NOMAD-1311,The Raven Age,My Revenge,HIGH,flacfetch,flac,10,1,,NOMAD-1311 - The Raven Age - My Revenge/The Raven Age - My Revenge (flacfetch).flac,
NOMAD-1312,Burning Sensations,Pablo Picasso,HIGH,flacfetch,flac,10,1,,NOMAD-1312 - Burning Sensations - Pablo Picasso/Burning Sensations - Pablo Picasso (flacfetch).flac,
NOMAD-1313,Roy Black,Ein kleines bisschen Zärtlichkeit,HIGH,flacfetch,webm,10,1,,NOMAD-1313 - Roy Black - Ein kleines bisschen Zärtlichkeit/Roy Black - Ein kleines bisschen Zärtlichkeit (flacfetch).webm,
NOMAD-1314,NCT,Chuyện Người Đắp Chiếu,HIGH,youtube,webm,10,1,,NOMAD-1314 - NCT - Chuyện Người Đắp Chiếu/NCT - Chuyện Người Đắp Chiếu (YouTube).webm,
NOMAD-1315,CÓ LẼ NÀO ( THU CUỐI ) _,Megaz,HIGH,flacfetch,webm,10,1,,NOMAD-1315 - CÓ LẼ NÀO ( THU CUỐI ) _ - Megaz/CÓ LẼ NÀO ( THU CUỐI ) _ - Megaz (flacfetch).webm,
NOMAD-1316,Shane Filan,Beautiful In White,HIGH,flacfetch,flac,10,1,,NOMAD-1316 - Shane Filan - Beautiful In White/Shane Filan - Beautiful In White (flacfetch).flac,
NOMAD-1317,Hoa Minzy,Bac bling,HIGH,flacfetch,flac,10,1,,NOMAD-1317 - Hoa Minzy - Bac bling/Hoa Minzy - Bac bling (flacfetch).flac,
NOMAD-1318,JimmyNguyen,Khoi Thuoc Doi Cho,HIGH,uploaded,mp3,10,1,,NOMAD-1318 - JimmyNguyen - Khoi Thuoc Doi Cho/JimmyNguyen - Khoi Thuoc Doi Cho (uploaded).mp3,
NOMAD-1319,BINZ,HỒN LỠ SA VÀO (ft. TRIPLE D),HIGH,youtube,webm,10,1,,NOMAD-1319 - BINZ - HỒN LỠ SA VÀO (ft. TRIPLE D)/BINZ - HỒN LỠ SA VÀO (ft. TRIPLE D) (YouTube).webm,
NOMAD-1320,ICD,Cuốn sách ngày xưa mẹ tôi thường nói,HIGH,flacfetch,webm,10,1,,NOMAD-1320 - ICD - Cuốn sách ngày xưa mẹ tôi thường nói/ICD - Cuốn sách ngày xưa mẹ tôi thường nói (flacfetch).webm,
NOMAD-1321,Noo phuoc,Noo phuoc,HIGH,youtube,webm,10,1,,NOMAD-1321 - Noo phuoc - Noo phuoc/Noo phuoc - Noo phuoc (YouTube).webm,
NOMAD-1322,Tung Duong,Thiep Hong Sai Ten,HIGH,youtube,webm,10,1,,NOMAD-1322 - Tung Duong - Thiep Hong Sai Ten/Tung Duong - Thiep Hong Sai Ten (YouTube).webm,
NOMAD-1323,Đức Tân,Buồn Làm Chi Em Ơi,HIGH,youtube,webm,10,1,,NOMAD-1323 - Đức Tân - Buồn Làm Chi Em Ơi/Đức Tân - Buồn Làm Chi Em Ơi (YouTube).webm,
NOMAD-1324,The Ataris,All Souls Day,HIGH,flacfetch,flac,10,1,,NOMAD-1324 - The Ataris - All Souls Day/The Ataris - All Souls Day (flacfetch).flac,
NOMAD-1325,While Heaven Wept,Living Sepulchre (Single),HIGH,flacfetch,flac,10,1,,NOMAD-1325 - While Heaven Wept - Living Sepulchre (Single)/While Heaven Wept - Living Sepulchre (Single) (flacfetch).flac,
NOMAD-1326,Gia,Anh đã lừa dối em rồi,HIGH,youtube,webm,10,1,,NOMAD-1326 - Gia - Anh đã lừa dối em rồi/Gia - Anh đã lừa dối em rồi (YouTube).webm,
NOMAD-1327,tram cam xuc,co ai hen ho cung em chua,HIGH,youtube,webm,10,1,,NOMAD-1327 - tram cam xuc - co ai hen ho cung em chua/tram cam xuc - co ai hen ho cung em chua (YouTube).webm,
NOMAD-1328,The Ataris,All Souls Day,HIGH,flacfetch,flac,10,1,,NOMAD-1328 - The Ataris - All Souls Day/The Ataris - All Souls Day (flacfetch).flac,
NOMAD-1329,Mermaid Melody,Princess Serena,HIGH,youtube,webm,10,1,,NOMAD-1329 - Mermaid Melody - Princess Serena/Mermaid Melody - Princess Serena (YouTube).webm,
NOMAD-1330,Dr Slump,Wai Wai Koushinkyoku,HIGH,youtube,webm,10,1,,NOMAD-1330 - Dr Slump - Wai Wai Koushinkyoku/Dr Slump - Wai Wai Koushinkyoku (YouTube).webm,
NOMAD-1331,Wonderful Precure,FUN ☆FUN☆Wonderful Days,HIGH,youtube,webm,10,1,,NOMAD-1331 - Wonderful Precure - FUN ☆FUN☆Wonderful Days/Wonderful Precure - FUN ☆FUN☆Wonderful Days (YouTube).webm,
NOMAD-1332,Home Is Where,Long Distance Conjoined Twins,HIGH,flacfetch,flac,10,1,,NOMAD-1332 - Home Is Where - Long Distance Conjoined Twins/Home Is Where - Long Distance Conjoined Twins (flacfetch).flac,
NOMAD-1333,Mermaid Melody,Taiyou no Rakuen ~Promised Land~,HIGH,youtube,webm,10,1,,NOMAD-1333 - Mermaid Melody - Taiyou no Rakuen ~Promised Land~/Mermaid Melody - Taiyou no Rakuen ~Promised Land~ (YouTube).webm,
NOMAD-1334,Sorcie Elle,Far From Evil,HIGH,uploaded,mp3,10,1,,NOMAD-1334 - Sorcie Elle - Far From Evil/Sorcie Elle - Far From Evil (uploaded).mp3,
NOMAD-1335,Đâu Phải Cho Anh (Toan2k8 Remix),karaoke - Phát Lee,NO_SOURCE,karaoke-sourced,,10,0,source-was-karaoke,,
NOMAD-1336,Citizen Soldier,Dead Butterflies,HIGH,flacfetch,flac,5,1,,NOMAD-1336 - Citizen Soldier - Dead Butterflies/Citizen Soldier - Dead Butterflies (flacfetch).flac,
NOMAD-1337,The Raven Age,Winds of Change,HIGH,flacfetch,flac,5,1,,NOMAD-1337 - The Raven Age - Winds of Change/The Raven Age - Winds of Change (flacfetch).flac,
NOMAD-1338,Quay Money,Hardtobelieve,HIGH,uploaded,m4a,5,1,,NOMAD-1338 - Quay Money - Hardtobelieve/Quay Money - Hardtobelieve (uploaded).m4a,
NOMAD-1339,Sorcie Elle,Fever Dream,HIGH,uploaded,wav,5,1,,NOMAD-1339 - Sorcie Elle - Fever Dream/Sorcie Elle - Fever Dream (uploaded).wav,
NOMAD-1340,Marco McDewey,I'm fucking broken extended version,HIGH,uploaded,mp3,5,1,,NOMAD-1340 - Marco McDewey - I'm fucking broken extended version/Marco McDewey - I'm fucking broken extended version (uploaded).mp3,
NOMAD-1341,Taylor Swift,The Fate Of Ophelia,HIGH,flacfetch,flac,5,1,,NOMAD-1341 - Taylor Swift - The Fate Of Ophelia/Taylor Swift - The Fate Of Ophelia (flacfetch).flac,
NOMAD-1342,Tôi làm bạn xem,50 năm về sau ballad,HIGH,youtube,webm,5,1,,NOMAD-1342 - Tôi làm bạn xem - 50 năm về sau ballad/Tôi làm bạn xem - 50 năm về sau ballad (YouTube).webm,
NOMAD-1343,Marco McDewey,Girls ain't got dicks,HIGH,uploaded,mp3,10,1,,NOMAD-1343 - Marco McDewey - Girls ain't got dicks/Marco McDewey - Girls ain't got dicks (uploaded).mp3,
NOMAD-1344,Hard-Fi,Cash Machine,HIGH,flacfetch,flac,10,1,,NOMAD-1344 - Hard-Fi - Cash Machine/Hard-Fi - Cash Machine (flacfetch).flac,
NOMAD-1345,Yung Lean,Red Bottom Sky,HIGH,flacfetch,flac,10,1,,NOMAD-1345 - Yung Lean - Red Bottom Sky/Yung Lean - Red Bottom Sky (flacfetch).flac,
NOMAD-1346,HoangPhuzzz,TD,HIGH,uploaded,mp3,10,1,,NOMAD-1346 - HoangPhuzzz - TD/HoangPhuzzz - TD (uploaded).mp3,
NOMAD-1347,Eli,All at Once,HIGH,flacfetch,flac,10,1,,NOMAD-1347 - Eli - All at Once/Eli - All at Once (flacfetch).flac,
NOMAD-1348,Sorcie Elle,100 Songs,HIGH,uploaded,wav,10,1,,NOMAD-1348 - Sorcie Elle - 100 Songs/Sorcie Elle - 100 Songs (uploaded).wav,
NOMAD-1349,Enscen,Miss you Mom,HIGH,youtube,webm,10,1,,NOMAD-1349 - Enscen - Miss you Mom/Enscen - Miss you Mom (YouTube).webm,
NOMAD-1350,RÔ TI,LẬP ĐÔNG (CA SĨ GIẤU MẶT COVER),HIGH,youtube,webm,9,1,,NOMAD-1350 - RÔ TI - LẬP ĐÔNG (CA SĨ GIẤU MẶT COVER)/RÔ TI - LẬP ĐÔNG (CA SĨ GIẤU MẶT COVER) (YouTube).webm,
NOMAD-1351,Ballad Lines,Change of Plan,HIGH,youtube,webm,10,1,,NOMAD-1351 - Ballad Lines - Change of Plan/Ballad Lines - Change of Plan (YouTube).webm,
NOMAD-1352,Hàm Nghi,Hàm Nghi - Mái Trường Em Yêu,HIGH,uploaded,mp3,10,1,,NOMAD-1352 - Hàm Nghi - Hàm Nghi - Mái Trường Em Yêu/Hàm Nghi - Hàm Nghi - Mái Trường Em Yêu (uploaded).MP3,
NOMAD-1353,Peter Sebastian,Deine Liebe tut mir weh (Thirty-Five-Radio-Mix),HIGH,flacfetch,flac,10,1,,NOMAD-1353 - Peter Sebastian - Deine Liebe tut mir weh (Thirty-Five-Radio-Mix)/Peter Sebastian - Deine Liebe tut mir weh (Thirty-Five-Radio-Mix) (flacfetch).flac,
NOMAD-1354,Peter Sebastian,Deine Liebe tut mir weh,HIGH,flacfetch,flac,10,1,,NOMAD-1354 - Peter Sebastian - Deine Liebe tut mir weh/Peter Sebastian - Deine Liebe tut mir weh (flacfetch).flac,
NOMAD-1355,Hard-Fi,Middle Eastern Holiday,HIGH,flacfetch,flac,10,1,,NOMAD-1355 - Hard-Fi - Middle Eastern Holiday/Hard-Fi - Middle Eastern Holiday (flacfetch).flac,
NOMAD-1356,Hard-Fi,Better Do Better,HIGH,flacfetch,flac,10,1,,NOMAD-1356 - Hard-Fi - Better Do Better/Hard-Fi - Better Do Better (flacfetch).flac,
NOMAD-1357,Shotgun Jimmie,Late Last Year,HIGH,flacfetch,flac,10,1,,NOMAD-1357 - Shotgun Jimmie - Late Last Year/Shotgun Jimmie - Late Last Year (flacfetch).flac,
NOMAD-1358,Naika,Milkman,HIGH,flacfetch,webm,10,1,,NOMAD-1358 - Naika - Milkman/Naika - Milkman (flacfetch).webm,
NOMAD-1359,Freddy Cole,I'm Not Alone,HIGH,flacfetch,flac,10,1,,NOMAD-1359 - Freddy Cole - I'm Not Alone/Freddy Cole - I'm Not Alone (flacfetch).flac,
NOMAD-1360,Ayesha Erotica,Where You At,HIGH,flacfetch,webm,10,1,,NOMAD-1360 - Ayesha Erotica - Where You At/Ayesha Erotica - Where You At (flacfetch).webm,
NOMAD-1361,Paul Williams,You and Me Against The World,HIGH,flacfetch,flac,10,1,,NOMAD-1361 - Paul Williams - You and Me Against The World/Paul Williams - You and Me Against The World (flacfetch).flac,
NOMAD-1362,Scene Queen,Whips & Chains,HIGH,flacfetch,flac,10,1,,NOMAD-1362 - Scene Queen - Whips & Chains/Scene Queen - Whips & Chains (flacfetch).flac,
NOMAD-1363,Tanerélle,Mama Saturn,HIGH,flacfetch,flac,10,1,,NOMAD-1363 - Tanerélle - Mama Saturn/Tanerélle - Mama Saturn (flacfetch).flac,
NOMAD-1364,The Long Faces,Jane,HIGH,flacfetch,flac,10,1,,NOMAD-1364 - The Long Faces - Jane/The Long Faces - Jane (flacfetch).flac,
NOMAD-1365,Parcels,Somethinggreater,HIGH,flacfetch,flac,10,1,,NOMAD-1365 - Parcels - Somethinggreater/Parcels - Somethinggreater (flacfetch).flac,
NOMAD-1366,Carbon Prophets,Runaway,HIGH,flacfetch,webm,10,1,,NOMAD-1366 - Carbon Prophets - Runaway/Carbon Prophets - Runaway (flacfetch).webm,
NOMAD-1367,Söhne Mannheims,Ich Geh Mit Dir,HIGH,flacfetch,flac,10,1,,NOMAD-1367 - Söhne Mannheims - Ich Geh Mit Dir/Söhne Mannheims - Ich Geh Mit Dir (flacfetch).flac,
NOMAD-1368,Wolfgang Petry,Ich geh' mit dir,HIGH,flacfetch,flac,10,1,,NOMAD-1368 - Wolfgang Petry - Ich geh' mit dir/Wolfgang Petry - Ich geh' mit dir (flacfetch).flac,
NOMAD-1369,Eyehategod,I am the gestapo,HIGH,flacfetch,flac,10,1,,NOMAD-1369 - Eyehategod - I am the gestapo/Eyehategod - I am the gestapo (flacfetch).flac,
NOMAD-1370,LPH,In Long An Vung Buoc Niem Tin,HIGH,youtube,webm,10,1,,NOMAD-1370 - LPH - In Long An Vung Buoc Niem Tin/LPH - In Long An Vung Buoc Niem Tin (YouTube).webm,
NOMAD-1371,Luke Bell,Where Ya Been_,HIGH,flacfetch,flac,10,1,,NOMAD-1371 - Luke Bell - Where Ya Been_/Luke Bell - Where Ya Been_ (flacfetch).flac,
NOMAD-1372,tanerelle,good good,HIGH,flacfetch,flac,10,1,,NOMAD-1372 - tanerelle - good good/tanerelle - good good (flacfetch).flac,
NOMAD-1373,"celeste, gotts street park",both sides of the moon,HIGH,flacfetch,flac,10,1,,"NOMAD-1373 - celeste, gotts street park - both sides of the moon/celeste, gotts street park - both sides of the moon (flacfetch).flac",
NOMAD-1374,Ryan Ross,I'm Down,HIGH,flacfetch,webm,10,1,,NOMAD-1374 - Ryan Ross - I'm Down/Ryan Ross - I'm Down (flacfetch).webm,
NOMAD-1375,SeaFlows,NGUOIBINHTHUONG,HIGH,flacfetch,webm,10,1,,NOMAD-1375 - SeaFlows - NGUOIBINHTHUONG/SeaFlows - NGUOIBINHTHUONG (flacfetch).webm,
NOMAD-1376,naika,m&M,HIGH,flacfetch,webm,10,1,,NOMAD-1376 - naika - m&M/naika - m&M (flacfetch).webm,
NOMAD-1377,William Prince,The Spark,HIGH,flacfetch,flac,10,1,,NOMAD-1377 - William Prince - The Spark/William Prince - The Spark (flacfetch).flac,
NOMAD-1378,Sleeping with Sirens,Agree to Disagree,HIGH,flacfetch,flac,10,1,,NOMAD-1378 - Sleeping with Sirens - Agree to Disagree/Sleeping with Sirens - Agree to Disagree (flacfetch).flac,
NOMAD-1379,Leela James,Put It On Me,HIGH,flacfetch,flac,10,1,,NOMAD-1379 - Leela James - Put It On Me/Leela James - Put It On Me (flacfetch).flac,
NOMAD-1380,Blues,Vì em yêu anh,HIGH,youtube,webm,10,1,,NOMAD-1380 - Blues - Vì em yêu anh/Blues - Vì em yêu anh (YouTube).webm,
NOMAD-1381,Ampliphobia,Gary Come Home (Re-recorded),HIGH,youtube,webm,10,1,,NOMAD-1381 - Ampliphobia - Gary Come Home (Re-recorded)/Ampliphobia - Gary Come Home (Re-recorded) (YouTube).webm,
NOMAD-1382,Aikatsu,Signalize,HIGH,flacfetch,flac,10,1,,NOMAD-1382 - Aikatsu - Signalize/Aikatsu - Signalize (flacfetch).flac,
NOMAD-1383,Pacific Gas and Electric,Staggolee,HIGH,flacfetch,flac,10,1,,NOMAD-1383 - Pacific Gas and Electric - Staggolee/Pacific Gas and Electric - Staggolee (flacfetch).flac,
NOMAD-1384,blues,Lý do em ở lại,HIGH,youtube,webm,10,1,,NOMAD-1384 - blues - Lý do em ở lại/blues - Lý do em ở lại (YouTube).webm,
NOMAD-1385,William Prince & Serena Ryder,Sing Me A Song,HIGH,flacfetch,flac,10,1,,NOMAD-1385 - William Prince & Serena Ryder - Sing Me A Song/William Prince & Serena Ryder - Sing Me A Song (flacfetch).flac,
NOMAD-1386,Townes Van Zandt,Buckskin Stallion Blues,HIGH,flacfetch,flac,10,1,,NOMAD-1386 - Townes Van Zandt - Buckskin Stallion Blues/Townes Van Zandt - Buckskin Stallion Blues (flacfetch).flac,
NOMAD-1387,Juanes,Para Tu Amor,HIGH,flacfetch,flac,10,1,,NOMAD-1387 - Juanes - Para Tu Amor/Juanes - Para Tu Amor (flacfetch).flac,
NOMAD-1388,MisterWives,Other Side,HIGH,flacfetch,flac,10,1,,NOMAD-1388 - MisterWives - Other Side/MisterWives - Other Side (flacfetch).flac,
NOMAD-1389,Bathory,Necromansy,HIGH,flacfetch,flac,10,1,,NOMAD-1389 - Bathory - Necromansy/Bathory - Necromansy (flacfetch).flac,
NOMAD-1390,The Toxhards,How Lucky Am I_,HIGH,flacfetch,flac,10,1,,NOMAD-1390 - The Toxhards - How Lucky Am I_/The Toxhards - How Lucky Am I_ (flacfetch).flac,
NOMAD-1391,Reba and Don Henley,Break Each Other's Hearts Again,HIGH,uploaded,mp3,10,1,,NOMAD-1391 - Reba and Don Henley - Break Each Other's Hearts Again/Reba and Don Henley - Break Each Other's Hearts Again (uploaded).mp3,
NOMAD-1392,Shiloh,Operator (A Girl Like Me),HIGH,flacfetch,flac,10,1,,NOMAD-1392 - Shiloh - Operator (A Girl Like Me)/Shiloh - Operator (A Girl Like Me) (flacfetch).flac,
NOMAD-1393,Lovefield,underscores,HIGH,flacfetch,flac,10,1,,NOMAD-1393 - Lovefield - underscores/Lovefield - underscores (flacfetch).flac,
NOMAD-1394,blues,Để mặc gió trôi,HIGH,youtube,webm,10,1,,NOMAD-1394 - blues - Để mặc gió trôi/blues - Để mặc gió trôi (YouTube).webm,
NOMAD-1395,eyehategod,built beneath the lies,HIGH,flacfetch,flac,10,1,,NOMAD-1395 - eyehategod - built beneath the lies/eyehategod - built beneath the lies (flacfetch).flac,
NOMAD-1396,Kurt Cobain,And I Love Her,HIGH,flacfetch,flac,10,1,,NOMAD-1396 - Kurt Cobain - And I Love Her/Kurt Cobain - And I Love Her (flacfetch).flac,
NOMAD-1397,Серебро,Перепутала,HIGH,flacfetch,webm,10,1,,NOMAD-1397 - Серебро - Перепутала/Серебро - Перепутала (flacfetch).webm,
NOMAD-1398,The Format,Give it up,HIGH,flacfetch,flac,10,1,,NOMAD-1398 - The Format - Give it up/The Format - Give it up (flacfetch).flac,
NOMAD-1399,eyehategod,dogs holy life,HIGH,flacfetch,flac,10,1,,NOMAD-1399 - eyehategod - dogs holy life/eyehategod - dogs holy life (flacfetch).flac,
NOMAD-1400,Andy Rehfeldt,Party in the USA (Metal Version),HIGH,flacfetch,webm,10,1,,NOMAD-1400 - Andy Rehfeldt - Party in the USA (Metal Version)/Andy Rehfeldt - Party in the USA (Metal Version) (flacfetch).webm,
NOMAD-1401,Susan Tedeshi,I fell in love,HIGH,flacfetch,webm,10,1,,NOMAD-1401 - Susan Tedeshi - I fell in love/Susan Tedeshi - I fell in love (flacfetch).webm,
NOMAD-1402,The Ants Go Marching,PINKFONG Mother Goose Karaoke,NO_SOURCE,karaoke-sourced,,10,0,source-was-karaoke,,
NOMAD-1403,Dave Hause,Look Alive,HIGH,flacfetch,flac,10,1,,NOMAD-1403 - Dave Hause - Look Alive/Dave Hause - Look Alive (flacfetch).flac,
NOMAD-1404,"Ultrabeat, Scott Brown",Elysium (I Go Crazy),HIGH,flacfetch,flac,10,1,,"NOMAD-1404 - Ultrabeat, Scott Brown - Elysium (I Go Crazy)/Ultrabeat, Scott Brown - Elysium (I Go Crazy) (flacfetch).flac",
NOMAD-1405,Playa Fly,Nobody Needs Nobody,HIGH,flacfetch,webm,10,1,,NOMAD-1405 - Playa Fly - Nobody Needs Nobody/Playa Fly - Nobody Needs Nobody (flacfetch).webm,
NOMAD-1406,the hails,younger,HIGH,flacfetch,flac,10,1,,NOMAD-1406 - the hails - younger/the hails - younger (flacfetch).flac,
NOMAD-1407,Sombr,Canal Street,HIGH,flacfetch,flac,10,1,,NOMAD-1407 - Sombr - Canal Street/Sombr - Canal Street (flacfetch).flac,
NOMAD-1408,naika,claustrophobic,HIGH,flacfetch,flac,10,1,,NOMAD-1408 - naika - claustrophobic/naika - claustrophobic (flacfetch).flac,
NOMAD-1409,Waylon Wyatt,Everything Under The Sun,HIGH,flacfetch,flac,10,1,,NOMAD-1409 - Waylon Wyatt - Everything Under The Sun/Waylon Wyatt - Everything Under The Sun (flacfetch).flac,
NOMAD-1410,The Police,Canary In A Coal mine,HIGH,flacfetch,flac,10,1,,NOMAD-1410 - The Police - Canary In A Coal mine/The Police - Canary In A Coal mine (flacfetch).flac,
NOMAD-1411,Saetia,The Burden of Reflecting,HIGH,flacfetch,flac,10,1,,NOMAD-1411 - Saetia - The Burden of Reflecting/Saetia - The Burden of Reflecting (flacfetch).flac,
NOMAD-1412,Miley Cyrus,GetItRight,HIGH,flacfetch,flac,10,1,,NOMAD-1412 - Miley Cyrus - GetItRight/Miley Cyrus - GetItRight (flacfetch).flac,
NOMAD-1413,pepper,green hell,HIGH,flacfetch,flac,10,1,,NOMAD-1413 - pepper - green hell/pepper - green hell (flacfetch).flac,
NOMAD-1414,three legged fox,not as far,HIGH,flacfetch,flac,10,1,,NOMAD-1414 - three legged fox - not as far/three legged fox - not as far (flacfetch).flac,
NOMAD-1415,Hole,Turpentine,HIGH,flacfetch,flac,10,1,,NOMAD-1415 - Hole - Turpentine/Hole - Turpentine (flacfetch).flac,
NOMAD-1416,Juice WRLD,Syphilis,HIGH,flacfetch,flac,10,1,,NOMAD-1416 - Juice WRLD - Syphilis/Juice WRLD - Syphilis (flacfetch).flac,
NOMAD-1417,Twenty One Pilots,Chlorine,HIGH,flacfetch,flac,10,1,,NOMAD-1417 - Twenty One Pilots - Chlorine/Twenty One Pilots - Chlorine (flacfetch).flac,
NOMAD-1418,AiScReam,Ai♡Scream!,HIGH,youtube,webm,10,1,,NOMAD-1418 - AiScReam - Ai♡Scream!/AiScReam - Ai♡Scream! (YouTube).webm,
NOMAD-1419,mike pinto,bad luck,HIGH,flacfetch,flac,10,1,,NOMAD-1419 - mike pinto - bad luck/mike pinto - bad luck (flacfetch).flac,
NOMAD-1420,placebo,follow the cops back home,HIGH,flacfetch,flac,10,1,,NOMAD-1420 - placebo - follow the cops back home/placebo - follow the cops back home (flacfetch).flac,
NOMAD-1421,Lilith Morris,Money,HIGH,flacfetch,webm,10,1,,NOMAD-1421 - Lilith Morris - Money/Lilith Morris - Money (flacfetch).webm,
NOMAD-1422,Jon Hare,Narcissus (Cannon Fodder),HIGH,original,wav,13,2,,NOMAD-1422 - Jon Hare - Narcissus (Cannon Fodder)/Jon Hare - Narcissus (Cannon Fodder) (Original).wav,NOMAD-1422 - Jon Hare - Narcissus (Cannon Fodder)/Jon Hare - Narcissus (Cannon Fodder) (flacfetch).webm
NOMAD-1423,Biffy Clyro,A Whole Child Ago,HIGH,flacfetch,flac,10,1,,NOMAD-1423 - Biffy Clyro - A Whole Child Ago/Biffy Clyro - A Whole Child Ago (flacfetch).flac,
NOMAD-1424,Sawyer Hill,Sweet Disaster,HIGH,flacfetch,flac,10,1,,NOMAD-1424 - Sawyer Hill - Sweet Disaster/Sawyer Hill - Sweet Disaster (flacfetch).flac,
NOMAD-1425,Arctic Monkeys,Too Much To Ask,HIGH,flacfetch,flac,10,1,,NOMAD-1425 - Arctic Monkeys - Too Much To Ask/Arctic Monkeys - Too Much To Ask (flacfetch).flac,
NOMAD-1426,Alex Turner,Piledriver Waltz,HIGH,flacfetch,flac,10,1,,NOMAD-1426 - Alex Turner - Piledriver Waltz/Alex Turner - Piledriver Waltz (flacfetch).flac,
NOMAD-1427,Alex Turner,It's Hard to Get Around the Wind,HIGH,flacfetch,flac,10,1,,NOMAD-1427 - Alex Turner - It's Hard to Get Around the Wind/Alex Turner - It's Hard to Get Around the Wind (flacfetch).flac,
NOMAD-1428,Manel,Al Mar,HIGH,flacfetch,flac,10,1,,NOMAD-1428 - Manel - Al Mar/Manel - Al Mar (flacfetch).flac,
NOMAD-1429,Manel,"Ai, Dolors",HIGH,flacfetch,flac,10,1,,"NOMAD-1429 - Manel - Ai, Dolors/Manel - Ai, Dolors (flacfetch).flac",
NOMAD-1430,Merci Raines,Marie Laveau,HIGH,youtube,webm,10,1,,NOMAD-1430 - Merci Raines - Marie Laveau/Merci Raines - Marie Laveau (YouTube).webm,
NOMAD-1431,Black Guy Fawkes,Trying Times,HIGH,flacfetch,webm,10,1,,NOMAD-1431 - Black Guy Fawkes - Trying Times/Black Guy Fawkes - Trying Times (flacfetch).webm,
NOMAD-1432,Lin-Manuel Miranda,Alexander Hamilton,HIGH,flacfetch,flac,10,1,,NOMAD-1432 - Lin-Manuel Miranda - Alexander Hamilton/Lin-Manuel Miranda - Alexander Hamilton (flacfetch).flac,
NOMAD-1433,Smithereens,Blues before and after,HIGH,flacfetch,flac,10,1,,NOMAD-1433 - Smithereens - Blues before and after/Smithereens - Blues before and after (flacfetch).flac,
NOMAD-1434,Planet Patrol,Play at your Own Risk,HIGH,flacfetch,flac,10,1,,NOMAD-1434 - Planet Patrol - Play at your Own Risk/Planet Patrol - Play at your Own Risk (flacfetch).flac,
NOMAD-1435,Mirah,Gone Sugaring,HIGH,flacfetch,flac,10,1,,NOMAD-1435 - Mirah - Gone Sugaring/Mirah - Gone Sugaring (flacfetch).flac,
NOMAD-1436,Shauna Dean Cokeland,Moving in Place,HIGH,flacfetch,flac,10,1,,NOMAD-1436 - Shauna Dean Cokeland - Moving in Place/Shauna Dean Cokeland - Moving in Place (flacfetch).flac,
NOMAD-1437,Seal,Soul Medley,HIGH,flacfetch,flac,10,1,,NOMAD-1437 - Seal - Soul Medley/Seal - Soul Medley (flacfetch).flac,
NOMAD-1438,Paul Gertner-Gaertner,Seventy-Two,HIGH,youtube,m4a,10,1,,NOMAD-1438 - Paul Gertner-Gaertner - Seventy-Two/Paul Gertner-Gaertner - Seventy-Two (YouTube).m4a,
NOMAD-1439,Atmosphere,The arrival,HIGH,flacfetch,flac,10,1,,NOMAD-1439 - Atmosphere - The arrival/Atmosphere - The arrival (flacfetch).flac,
NOMAD-1440,Atmosphere,My songs,HIGH,flacfetch,flac,10,1,,NOMAD-1440 - Atmosphere - My songs/Atmosphere - My songs (flacfetch).flac,
NOMAD-1441,Atmosphere,Scalp,HIGH,flacfetch,flac,10,1,,NOMAD-1441 - Atmosphere - Scalp/Atmosphere - Scalp (flacfetch).flac,
NOMAD-1442,Atmosphere,Hope,HIGH,flacfetch,flac,10,1,,NOMAD-1442 - Atmosphere - Hope/Atmosphere - Hope (flacfetch).flac,
NOMAD-1443,LCMDF,Take Me To The Mountains,HIGH,flacfetch,flac,10,1,,NOMAD-1443 - LCMDF - Take Me To The Mountains/LCMDF - Take Me To The Mountains (flacfetch).flac,
NOMAD-1444,Hard-Fi,Living For The Weekend,HIGH,flacfetch,flac,10,1,,NOMAD-1444 - Hard-Fi - Living For The Weekend/Hard-Fi - Living For The Weekend (flacfetch).flac,
NOMAD-1445,hard-fi,hard to beat,HIGH,flacfetch,flac,10,1,,NOMAD-1445 - hard-fi - hard to beat/hard-fi - hard to beat (flacfetch).flac,
NOMAD-1446,Nat King Cole,Funny,HIGH,flacfetch,flac,10,1,,NOMAD-1446 - Nat King Cole - Funny/Nat King Cole - Funny (flacfetch).flac,
NOMAD-1447,Mary J Blige,You Gotta Believe,HIGH,flacfetch,flac,10,1,,NOMAD-1447 - Mary J Blige - You Gotta Believe/Mary J Blige - You Gotta Believe (flacfetch).flac,
NOMAD-1448,Olivia Rodrigo,the grudge,HIGH,flacfetch,flac,10,1,,NOMAD-1448 - Olivia Rodrigo - the grudge/Olivia Rodrigo - the grudge (flacfetch).flac,
NOMAD-1449,Bill Henderson,That Old Black Magic,HIGH,flacfetch,webm,10,1,,NOMAD-1449 - Bill Henderson - That Old Black Magic/Bill Henderson - That Old Black Magic (flacfetch).webm,
NOMAD-1450,Johnny Depp (Sweeney Todd),No Place Like London,HIGH,flacfetch,flac,10,1,,NOMAD-1450 - Johnny Depp (Sweeney Todd) - No Place Like London/Johnny Depp (Sweeney Todd) - No Place Like London (flacfetch).flac,
NOMAD-1451,Jessie Reyez,N.Y.F.F,HIGH,flacfetch,flac,10,1,,NOMAD-1451 - Jessie Reyez - N.Y.F.F/Jessie Reyez - N.Y.F.F (flacfetch).flac,
NOMAD-1452,Glen Campbell,A Better Place,HIGH,youtube,webm,10,1,,NOMAD-1452 - Glen Campbell - A Better Place/Glen Campbell - A Better Place (YouTube).webm,
NOMAD-1453,EyeHateGod,Sister Fucker,HIGH,flacfetch,flac,10,1,,NOMAD-1453 - EyeHateGod - Sister Fucker/EyeHateGod - Sister Fucker (flacfetch).flac,
NOMAD-1454,Eyehategod,Kill Your Boss,HIGH,flacfetch,flac,10,1,,NOMAD-1454 - Eyehategod - Kill Your Boss/Eyehategod - Kill Your Boss (flacfetch).flac,
NOMAD-1455,Eyehategod,White Neighbor,HIGH,flacfetch,webm,10,1,,NOMAD-1455 - Eyehategod - White Neighbor/Eyehategod - White Neighbor (flacfetch).webm,
NOMAD-1456,Eyehategod,30$ Bag,HIGH,flacfetch,flac,10,1,,NOMAD-1456 - Eyehategod - 30$ Bag/Eyehategod - 30$ Bag (flacfetch).flac,
NOMAD-1457,Eyehategod,Take as Needed for Pain,HIGH,flacfetch,flac,10,1,,NOMAD-1457 - Eyehategod - Take as Needed for Pain/Eyehategod - Take as Needed for Pain (flacfetch).flac,
NOMAD-1458,INJI,Madeline,HIGH,flacfetch,flac,10,1,,NOMAD-1458 - INJI - Madeline/INJI - Madeline (flacfetch).flac,
NOMAD-1459,The Exponents,Geraldine,HIGH,flacfetch,flac,10,1,,NOMAD-1459 - The Exponents - Geraldine/The Exponents - Geraldine (flacfetch).flac,
NOMAD-1460,Starfish,Royal Jelly,HIGH,youtube,webm,10,1,,NOMAD-1460 - Starfish - Royal Jelly/Starfish - Royal Jelly (YouTube).webm,
NOMAD-1461,Paramore,"Big Man, Little Dignity",HIGH,flacfetch,flac,10,1,,"NOMAD-1461 - Paramore - Big Man, Little Dignity/Paramore - Big Man, Little Dignity (flacfetch).flac",
NOMAD-1462,Supergroove,If I Had My Way,HIGH,flacfetch,flac,10,1,,NOMAD-1462 - Supergroove - If I Had My Way/Supergroove - If I Had My Way (flacfetch).flac,
NOMAD-1463,Hard-Fi,I Shall Overcome,HIGH,flacfetch,flac,10,1,,NOMAD-1463 - Hard-Fi - I Shall Overcome/Hard-Fi - I Shall Overcome (flacfetch).flac,
NOMAD-1464,The Mutton Birds,Giant Friend,HIGH,flacfetch,flac,10,1,,NOMAD-1464 - The Mutton Birds - Giant Friend/The Mutton Birds - Giant Friend (flacfetch).flac,
NOMAD-1465,Garageland,Trashcans,HIGH,flacfetch,flac,10,1,,NOMAD-1465 - Garageland - Trashcans/Garageland - Trashcans (flacfetch).flac,
NOMAD-1466,Stephen Lynch,Denzel,HIGH,flacfetch,flac,10,1,,NOMAD-1466 - Stephen Lynch - Denzel/Stephen Lynch - Denzel (flacfetch).flac,
NOMAD-1467,Jane Bogaert,La vita cos'è,HIGH,youtube,webm,10,1,,NOMAD-1467 - Jane Bogaert - La vita cos'è/Jane Bogaert - La vita cos'è (YouTube).webm,
NOMAD-1468,Ritt Momney,Put Your Records On,HIGH,flacfetch,flac,10,1,,NOMAD-1468 - Ritt Momney - Put Your Records On/Ritt Momney - Put Your Records On (flacfetch).flac,
NOMAD-1469,Zemmar Gilles,Fly Me To The Moon,HIGH,youtube,webm,10,1,,NOMAD-1469 - Zemmar Gilles - Fly Me To The Moon/Zemmar Gilles - Fly Me To The Moon (YouTube).webm,
NOMAD-1470,The Mutton Birds,Pulled Along by Love,HIGH,flacfetch,flac,10,1,,NOMAD-1470 - The Mutton Birds - Pulled Along by Love/The Mutton Birds - Pulled Along by Love (flacfetch).flac,
NOMAD-1471,Zemmar Gilles,Fly Me To The Moon,HIGH,youtube,webm,10,1,,NOMAD-1471 - Zemmar Gilles - Fly Me To The Moon/Zemmar Gilles - Fly Me To The Moon (YouTube).webm,
NOMAD-1472,Hard-Fi,Watch Me Fall Apart,HIGH,flacfetch,flac,10,1,,NOMAD-1472 - Hard-Fi - Watch Me Fall Apart/Hard-Fi - Watch Me Fall Apart (flacfetch).flac,
NOMAD-1473,Hard-Fi,Suburban Knights,HIGH,flacfetch,flac,10,1,,NOMAD-1473 - Hard-Fi - Suburban Knights/Hard-Fi - Suburban Knights (flacfetch).flac,
NOMAD-1474,Keane,Leaving So Soon_,HIGH,flacfetch,flac,10,1,,NOMAD-1474 - Keane - Leaving So Soon_/Keane - Leaving So Soon_ (flacfetch).flac,
NOMAD-1475,Keane,Atlantic,HIGH,flacfetch,flac,10,1,,NOMAD-1475 - Keane - Atlantic/Keane - Atlantic (flacfetch).flac,
NOMAD-1476,Hard-Fi,Gotta Reason,HIGH,flacfetch,flac,10,1,,NOMAD-1476 - Hard-Fi - Gotta Reason/Hard-Fi - Gotta Reason (flacfetch).flac,
NOMAD-1477,Keane,A Bad Dream,HIGH,flacfetch,flac,10,1,,NOMAD-1477 - Keane - A Bad Dream/Keane - A Bad Dream (flacfetch).flac,
NOMAD-1478,Keane,Try Again,HIGH,flacfetch,flac,10,1,,NOMAD-1478 - Keane - Try Again/Keane - Try Again (flacfetch).flac,
NOMAD-1479,Hard-Fi,Feltham Is Singing Out,HIGH,flacfetch,flac,10,1,,NOMAD-1479 - Hard-Fi - Feltham Is Singing Out/Hard-Fi - Feltham Is Singing Out (flacfetch).flac,
NOMAD-1480,Inner Circle,Black Roses,HIGH,flacfetch,flac,10,1,,NOMAD-1480 - Inner Circle - Black Roses/Inner Circle - Black Roses (flacfetch).flac,
NOMAD-1481,Panteon Rococo,La Dosis Perfecta,HIGH,flacfetch,flac,10,1,,NOMAD-1481 - Panteon Rococo - La Dosis Perfecta/Panteon Rococo - La Dosis Perfecta (flacfetch).flac,
NOMAD-1482,Laura Leon,Suavecito Suavecito,HIGH,flacfetch,flac,10,1,,NOMAD-1482 - Laura Leon - Suavecito Suavecito/Laura Leon - Suavecito Suavecito (flacfetch).flac,
NOMAD-1483,TEC,Self Reminder (Live),HIGH,flacfetch,webm,10,1,,NOMAD-1483 - TEC - Self Reminder (Live)/TEC - Self Reminder (Live) (flacfetch).webm,
NOMAD-1484,New Years Day,Malevolence,HIGH,flacfetch,flac,10,1,,NOMAD-1484 - New Years Day - Malevolence/New Years Day - Malevolence (flacfetch).flac,
NOMAD-1485,Kayeandre,Told Em',HIGH,flacfetch,webm,10,1,,NOMAD-1485 - Kayeandre - Told Em'/Kayeandre - Told Em' (flacfetch).webm,
NOMAD-1486,Technimatic feat. Lucy Kitchen,Looking for Diversion,HIGH,flacfetch,flac,10,1,,NOMAD-1486 - Technimatic feat. Lucy Kitchen - Looking for Diversion/Technimatic feat. Lucy Kitchen - Looking for Diversion (flacfetch).flac,
NOMAD-1487,Original Broadway Cast of Hamilton,What'd I mIss_,HIGH,youtube,webm,10,1,,NOMAD-1487 - Original Broadway Cast of Hamilton - What'd I mIss_/Original Broadway Cast of Hamilton - What'd I mIss_ (YouTube).webm,
NOMAD-1488,Barry Manilow,All the Way,HIGH,flacfetch,flac,10,1,,NOMAD-1488 - Barry Manilow - All the Way/Barry Manilow - All the Way (flacfetch).flac,
NOMAD-1489,A Boogie Wit da Hoodie,Still Think About You,HIGH,flacfetch,flac,10,1,,NOMAD-1489 - A Boogie Wit da Hoodie - Still Think About You/A Boogie Wit da Hoodie - Still Think About You (flacfetch).flac,
NOMAD-1490,twenty one pilots,Drag Path,HIGH,flacfetch,flac,10,1,,NOMAD-1490 - twenty one pilots - Drag Path/twenty one pilots - Drag Path (flacfetch).flac,
NOMAD-1491,Nate Ruess,Moment,HIGH,flacfetch,flac,10,1,,NOMAD-1491 - Nate Ruess - Moment/Nate Ruess - Moment (flacfetch).flac,
NOMAD-1492,Pony Bradshaw,Guru,HIGH,flacfetch,flac,10,1,,NOMAD-1492 - Pony Bradshaw - Guru/Pony Bradshaw - Guru (flacfetch).flac,
NOMAD-1493,Bastille,Things We Lost In The Fire,HIGH,flacfetch,flac,9,1,,NOMAD-1493 - Bastille - Things We Lost In The Fire/Bastille - Things We Lost In The Fire (flacfetch).flac,
NOMAD-1494,Hailey Whitters,Gone Country,HIGH,uploaded,m4a,10,1,,NOMAD-1494 - Hailey Whitters - Gone Country/Hailey Whitters - Gone Country (uploaded).m4a,
NOMAD-1495,Hannah Marie Kelley,Long Haired Country Girl,HIGH,flacfetch,webm,10,1,,NOMAD-1495 - Hannah Marie Kelley - Long Haired Country Girl/Hannah Marie Kelley - Long Haired Country Girl (flacfetch).webm,
NOMAD-1496,The Decemberists,This Is Why We Fight,HIGH,flacfetch,flac,10,1,,NOMAD-1496 - The Decemberists - This Is Why We Fight/The Decemberists - This Is Why We Fight (flacfetch).flac,
NOMAD-1497,Delroy Wilson,Rain From the Sky,HIGH,flacfetch,webm,10,1,,NOMAD-1497 - Delroy Wilson - Rain From the Sky/Delroy Wilson - Rain From the Sky (flacfetch).webm,
NOMAD-1498,The J. Geils Band,Land of a Thousand Dances,HIGH,flacfetch,webm,10,1,,NOMAD-1498 - The J. Geils Band - Land of a Thousand Dances/The J. Geils Band - Land of a Thousand Dances (flacfetch).webm,
NOMAD-1499,The Kinks,Destroyer,HIGH,flacfetch,webm,10,1,,NOMAD-1499 - The Kinks - Destroyer/The Kinks - Destroyer (flacfetch).webm,
NOMAD-1500,Rush,The Spirit of Radio,HIGH,flacfetch,flac,10,1,,NOMAD-1500 - Rush - The Spirit of Radio/Rush - The Spirit of Radio (flacfetch).flac,
NOMAD-1501,The Wombats,Backfire at the Disco,HIGH,flacfetch,flac,10,1,,NOMAD-1501 - The Wombats - Backfire at the Disco/The Wombats - Backfire at the Disco (flacfetch).flac,
NOMAD-1502,Đinh Mạnh Ninh,Xe Đạp,HIGH,uploaded,mp3,10,1,,NOMAD-1502 - Đinh Mạnh Ninh - Xe Đạp/Đinh Mạnh Ninh - Xe Đạp (uploaded).mp3,
NOMAD-1503,CCCP,Fedeli Alla Linea - Punk Islam,HIGH,flacfetch,flac,10,1,,NOMAD-1503 - CCCP - Fedeli Alla Linea - Punk Islam/CCCP - Fedeli Alla Linea - Punk Islam (flacfetch).flac,
NOMAD-1504,The Fratellis,She's Not Gone Yet but She's Leaving,HIGH,flacfetch,flac,10,1,,NOMAD-1504 - The Fratellis - She's Not Gone Yet but She's Leaving/The Fratellis - She's Not Gone Yet but She's Leaving (flacfetch).flac,
NOMAD-1505,Drop Nineteens,Angel,HIGH,flacfetch,flac,10,1,,NOMAD-1505 - Drop Nineteens - Angel/Drop Nineteens - Angel (flacfetch).flac,
NOMAD-1506,Ernest Tubb,You're a Real Good Friend,HIGH,flacfetch,webm,10,1,,NOMAD-1506 - Ernest Tubb - You're a Real Good Friend/Ernest Tubb - You're a Real Good Friend (flacfetch).webm,
NOMAD-1507,Quang Hà,Dấu Chân Địa Đàng,HIGH,youtube,webm,10,1,,NOMAD-1507 - Quang Hà - Dấu Chân Địa Đàng/Quang Hà - Dấu Chân Địa Đàng (YouTube).webm,
