brand,mode,verdict,orig_s,voc_s,delta_s,src,dest
NOMAD-0004,fresh,ok,221.11,221.10,,NOMAD-0004 - The Hush Sound - Don't Wake Me Up.mp3,NOMAD-0004 - The Hush Sound - Don't Wake Me Up.flac
NOMAD-0001,reuse,ok,257.25,257.25,,03 - Prettier (Filtered Vocals) (MDX v2.1-inst 496).flac,NOMAD-0001 - This Is Me Smiling - Prettier.flac
NOMAD-0002,reuse,ok,169.72,169.72,,leningrad-alkash (Filtered Vocals) (MDX v2.1-inst 496).mp3,NOMAD-0002 - Ленинград - Алкаш.mp3
NOMAD-0003,reuse,ok,203.01,203.06,,Apples Don't Fall Far From The Tree (Filtered Vocals) (MDX v2.1-inst 496).mp3,NOMAD-0003 - Cher - Apples Don't Fall Far From The Tree.mp3
NOMAD-0005,fresh,ok,242.73,242.73,,NOMAD-0005 - ABBA - I Am The City.mp3,NOMAD-0005 - ABBA - I Am The City.flac
NOMAD-0006,reuse,ok,224.11,224.11,,1_18 - Under Attack_(Vocals).mp3,NOMAD-0006 - ABBA - Under Attack.mp3
NOMAD-0007,fresh,ok,192.48,192.48,,NOMAD-0007 - The Hush Sound - A Dark Congregation.mp3,NOMAD-0007 - The Hush Sound - A Dark Congregation.flac
NOMAD-0008,fresh,ok,203.71,203.70,,NOMAD-0008 - The Hush Sound - As You Cry.mp3,NOMAD-0008 - The Hush Sound - As You Cry.flac
NOMAD-0009,fresh,ok,195.96,195.96,,NOMAD-0009 - The Hush Sound - Boys Are Too Refined.mp3,NOMAD-0009 - The Hush Sound - Boys Are Too Refined.flac
NOMAD-0010,fresh,ok,198.37,198.37,,NOMAD-0010 - The Hush Sound - Break the Sky.mp3,NOMAD-0010 - The Hush Sound - Break the Sky.flac
NOMAD-0011,fresh,ok,137.00,136.99,,NOMAD-0011 - The Hush Sound - Carry Me Home.mp3,NOMAD-0011 - The Hush Sound - Carry Me Home.flac
NOMAD-0012,fresh,ok,209.29,209.28,,NOMAD-0012 - The Hush Sound - City Traffic Puzzle.mp3,NOMAD-0012 - The Hush Sound - City Traffic Puzzle.flac
NOMAD-0013,fresh,ok,177.00,176.99,,NOMAD-0013 - The Hush Sound - Crawling Towards The Sun.mp3,NOMAD-0013 - The Hush Sound - Crawling Towards The Sun.flac
NOMAD-0014,fresh,ok,299.00,298.99,,NOMAD-0014 - The Hush Sound - Echo.mp3,NOMAD-0014 - The Hush Sound - Echo.flac
NOMAD-0015,reuse,ok,211.17,211.17,,The Hush Sound - Eileen (Vocals UVR_MDXNET_KARA_2).mp3,NOMAD-0015 - The Hush Sound - Eileen.mp3
NOMAD-0016,fresh,ok,217.86,217.86,,NOMAD-0016 - The Hush Sound - Honey.mp3,NOMAD-0016 - The Hush Sound - Honey.flac
NOMAD-0017,fresh,ok,156.01,156.01,,NOMAD-0017 - The Hush Sound - Hospital Bed Crawl.mp3,NOMAD-0017 - The Hush Sound - Hospital Bed Crawl.flac
NOMAD-0018,fresh,ok,157.87,157.87,,NOMAD-0018 - The Hush Sound - Hourglass.mp3,NOMAD-0018 - The Hush Sound - Hourglass.flac
NOMAD-0019,fresh,ok,190.80,190.79,,NOMAD-0019 - The Hush Sound - Hurricane.mp3,NOMAD-0019 - The Hush Sound - Hurricane.flac
NOMAD-0020,fresh,ok,88.74,88.73,,NOMAD-0020 - The Hush Sound - Intro.mp3,NOMAD-0020 - The Hush Sound - Intro.flac
NOMAD-0021,fresh,ok,172.11,172.10,,NOMAD-0021 - The Hush Sound - Lions Roar.mp3,NOMAD-0021 - The Hush Sound - Lions Roar.flac
NOMAD-0022,fresh,ok,195.96,195.96,,NOMAD-0022 - The Hush Sound - Love You Much Better.mp3,NOMAD-0022 - The Hush Sound - Love You Much Better.flac
NOMAD-0023,fresh,ok,229.12,229.12,,NOMAD-0023 - The Hush Sound - Magnolia.mp3,NOMAD-0023 - The Hush Sound - Magnolia.flac
NOMAD-0024,fresh,ok,201.82,201.81,,NOMAD-0024 - The Hush Sound - Medicine Man.mp3,NOMAD-0024 - The Hush Sound - Medicine Man.flac
NOMAD-0025,fresh,ok,230.13,230.13,,NOMAD-0025 - The Hush Sound - Molasses.mp3,NOMAD-0025 - The Hush Sound - Molasses.flac
NOMAD-0026,fresh,ok,212.13,212.13,,NOMAD-0026 - The Hush Sound - Momentum.mp3,NOMAD-0026 - The Hush Sound - Momentum.flac
NOMAD-0027,fresh,ok,136.00,136.00,,NOMAD-0027 - The Hush Sound - My Apologies.mp3,NOMAD-0027 - The Hush Sound - My Apologies.flac
NOMAD-0028,fresh,ok,175.90,175.90,,NOMAD-0028 - The Hush Sound - Not Your Concern.mp3,NOMAD-0028 - The Hush Sound - Not Your Concern.flac
NOMAD-0029,fresh,ok,207.35,207.34,,NOMAD-0029 - The Hush Sound - Out Through The Curtain.mp3,NOMAD-0029 - The Hush Sound - Out Through The Curtain.flac
NOMAD-0030,fresh,ok,183.23,183.22,,NOMAD-0030 - The Hush Sound - Sweet Tangerine.mp3,NOMAD-0030 - The Hush Sound - Sweet Tangerine.flac
NOMAD-0031,fresh,ok,197.02,197.02,,NOMAD-0031 - The Hush Sound - That's Okay.mp3,NOMAD-0031 - The Hush Sound - That's Okay.flac
NOMAD-0032,fresh,ok,216.00,216.00,,NOMAD-0032 - The Hush Sound - The Artist.mp3,NOMAD-0032 - The Hush Sound - The Artist.flac
NOMAD-0033,fresh,ok,114.00,113.99,,NOMAD-0033 - The Hush Sound - The Market.mp3,NOMAD-0033 - The Hush Sound - The Market.flac
NOMAD-0034,fresh,ok,82.00,81.99,,NOMAD-0034 - The Hush Sound - Tides Change.mp3,NOMAD-0034 - The Hush Sound - Tides Change.flac
NOMAD-0035,fresh,ok,214.00,214.00,,NOMAD-0035 - The Hush Sound - Unsafe Safe.mp3,NOMAD-0035 - The Hush Sound - Unsafe Safe.flac
NOMAD-0036,fresh,ok,197.52,197.52,,NOMAD-0036 - The Hush Sound - We Intertwined.flac,NOMAD-0036 - The Hush Sound - We Intertwined.flac
NOMAD-0037,fresh,ok,137.00,136.99,,NOMAD-0037 - The Hush Sound - Weeping Willow.mp3,NOMAD-0037 - The Hush Sound - Weeping Willow.flac
NOMAD-0038,fresh,ok,211.39,211.39,,NOMAD-0038 - The Hush Sound - Where We Went Wrong.flac,NOMAD-0038 - The Hush Sound - Where We Went Wrong.flac
NOMAD-0039,fresh,ok,154.17,154.17,,NOMAD-0039 - The Hush Sound - Wine Red.mp3,NOMAD-0039 - The Hush Sound - Wine Red.flac
NOMAD-0040,fresh,ok,207.93,207.92,,NOMAD-0040 - The Hush Sound - You Are The Moon.mp3,NOMAD-0040 - The Hush Sound - You Are The Moon.flac
NOMAD-0041,fresh,ok,179.27,179.27,,NOMAD-0041 - The Hush Sound - Lighthouse.mp3,NOMAD-0041 - The Hush Sound - Lighthouse.flac
NOMAD-0042,fresh,ok,221.92,221.91,,NOMAD-0042 - Allie X - GLAM!.mp3,NOMAD-0042 - Allie X - GLAM!.flac
NOMAD-0043,fresh,ok,239.26,239.26,,NOMAD-0043 - Lemaitre - Rocket Girl (feat. Betty Who).mp3,NOMAD-0043 - Lemaitre - Rocket Girl (feat. Betty Who).flac
NOMAD-0044,fresh,ok,238.67,238.66,,NOMAD-0044 - Just Jack - 253.mp3,NOMAD-0044 - Just Jack - 253.flac
NOMAD-0045,fresh,ok,306.89,306.88,,NOMAD-0045 - Just Jack - All Night Cinema.mp3,NOMAD-0045 - Just Jack - All Night Cinema.flac
NOMAD-0046,fresh,ok,224.69,224.69,,NOMAD-0046 - Just Jack - Astronaut.mp3,NOMAD-0046 - Just Jack - Astronaut.flac
NOMAD-0047,fresh,ok,218.64,218.63,,NOMAD-0047 - Just Jack - Blood.mp3,NOMAD-0047 - Just Jack - Blood.flac
NOMAD-0048,fresh,ok,180.69,180.69,,NOMAD-0048 - Just Jack - Disco Friends.mp3,NOMAD-0048 - Just Jack - Disco Friends.flac
NOMAD-0049,fresh,ok,214.01,214.01,,NOMAD-0049 - Just Jack - Doctor Doctor.mp3,NOMAD-0049 - Just Jack - Doctor Doctor.flac
NOMAD-0050,fresh,ok,208.79,208.78,,NOMAD-0050 - Just Jack - Embers.mp3,NOMAD-0050 - Just Jack - Embers.flac
NOMAD-0051,fresh,ok,219.77,219.77,,NOMAD-0051 - Just Jack - Glory Days.mp3,NOMAD-0051 - Just Jack - Glory Days.flac
NOMAD-0052,fresh,ok,235.72,235.71,,NOMAD-0052 - Just Jack - Goth In The Disco.mp3,NOMAD-0052 - Just Jack - Goth In The Disco.flac
NOMAD-0053,fresh,ok,144.84,144.84,,NOMAD-0053 - Just Jack - Hold On.mp3,NOMAD-0053 - Just Jack - Hold On.flac
NOMAD-0054,fresh,ok,256.25,256.25,,NOMAD-0054 - Just Jack - I Talk Too Much.mp3,NOMAD-0054 - Just Jack - I Talk Too Much.flac
NOMAD-0055,fresh,ok,232.44,232.44,,NOMAD-0055 - Just Jack - Life Stories.mp3,NOMAD-0055 - Just Jack - Life Stories.flac
NOMAD-0056,fresh,ok,172.01,172.01,,NOMAD-0056 - Just Jack - Lo And Behold.mp3,NOMAD-0056 - Just Jack - Lo And Behold.flac
NOMAD-0057,fresh,ok,348.65,348.65,,NOMAD-0057 - Just Jack - Lost.mp3,NOMAD-0057 - Just Jack - Lost.flac
NOMAD-0058,fresh,ok,246.65,246.65,,NOMAD-0058 - Just Jack - Mourning Morning.mp3,NOMAD-0058 - Just Jack - Mourning Morning.flac
NOMAD-0059,fresh,ok,267.45,267.45,,NOMAD-0059 - Just Jack - No Time.mp3,NOMAD-0059 - Just Jack - No Time.flac
NOMAD-0060,fresh,ok,199.80,199.79,,NOMAD-0060 - Just Jack - So Wrong.mp3,NOMAD-0060 - Just Jack - So Wrong.flac
NOMAD-0061,fresh,ok,290.02,290.00,,NOMAD-0061 - Just Jack - Spectacular Failures.mp3,NOMAD-0061 - Just Jack - Spectacular Failures.flac
NOMAD-0062,fresh,ok,295.93,295.92,,NOMAD-0062 - Just Jack - Starz in Their Eyes.mp3,NOMAD-0062 - Just Jack - Starz in Their Eyes.flac
NOMAD-0063,fresh,ok,260.96,260.95,,NOMAD-0063 - Just Jack - Symphony of Sirens.mp3,NOMAD-0063 - Just Jack - Symphony of Sirens.flac
NOMAD-0064,fresh,ok,215.71,215.71,,NOMAD-0064 - Just Jack - The Day I Died.mp3,NOMAD-0064 - Just Jack - The Day I Died.flac
NOMAD-0065,fresh,ok,222.56,222.55,,NOMAD-0065 - Just Jack - Writers Block.mp3,NOMAD-0065 - Just Jack - Writers Block.flac
NOMAD-0066,reuse,ok,257.96,257.96,,"7_07 This is How You Spell _Hahaha, We Destroyed the Hopes and Dreams of a Generation of Faux-Romantics_(Vocals).mp3","NOMAD-0066 - Los Campesinos! - This Is How You Spell ""HAHAHA, We Destroyed the Hopes and Dreams of a Generation of Faux-Romantics"".mp3"
NOMAD-0067,reuse,ok,283.89,283.89,,12_12 2007_ The Year Punk Broke (My Heart)_(Vocals).mp3,"NOMAD-0067 - Los Campesinos! - 2007, The Year Punk Broke (My Heart).mp3"
NOMAD-0068,reuse,ok,168.07,168.07,,10_10 ...And We Exhale and Roll Our Eyes in Unison_(Vocals).mp3,NOMAD-0068 - Los Campesinos! - And We Exhale and Roll Our Eyes in Unison.mp3
NOMAD-0069,reuse,ok,213.35,213.35,,2_02 Broken Heartbeats Sounds Like Breakbeats_(Vocals).mp3,NOMAD-0069 - Los Campesinos! - Broken Heartbeats Sounds Like Breakbeats.mp3
NOMAD-0070,reuse,ok,169.73,169.73,,1_01 Death to Los Campesinos!_(Vocals).mp3,NOMAD-0070 - Los Campesinos! - Death to Los Campesinos!.mp3
NOMAD-0071,reuse,ok,200.13,200.13,,3_03 Don't tell Me to Do the Math(s)_(Vocals).mp3,NOMAD-0071 - Los Campesinos! - Don't Tell Me to Do the Math(s).mp3
NOMAD-0072,reuse,ok,161.63,161.63,,4_04 Drop It Doe Eyes_(Vocals).mp3,NOMAD-0072 - Los Campesinos! - Drop It Doe Eyes.mp3
NOMAD-0073,reuse,ok,166.76,166.76,,6_06 Knee Deep At ATP_(Vocals).mp3,NOMAD-0073 - Los Campesinos! - Knee Deep At ATP.mp3
NOMAD-0074,reuse,ok,109.17,109.17,,5_05 My Year In Lists_(Vocals).mp3,NOMAD-0074 - Los Campesinos! - My Year In Lists.mp3
NOMAD-0075,reuse,ok,269.16,269.16,,"11_11 Sweet Dreams, Sweet Cheeks_(Vocals).mp3","NOMAD-0075 - Los Campesinos! - Sweet Dreams, Sweet Cheeks.mp3"
NOMAD-0076,reuse,ok,172.08,172.08,,8_08 We Are All Accelerated Readers_(Vocals).mp3,NOMAD-0076 - Los Campesinos! - We Are All Accelerated Readers.mp3
NOMAD-0077,reuse,ok,405.92,405.92,,9_09 You! Me! Dancing!_(Vocals).mp3,NOMAD-0077 - Los Campesinos! - You! Me! Dancing!.mp3
NOMAD-0078,fresh,ok,295.40,295.39,,NOMAD-0078 - Mew - 156.flac,NOMAD-0078 - Mew - 156.flac
NOMAD-0079,fresh,ok,294.73,294.73,,NOMAD-0079 - Mew - Am I Wry? No.mp3,NOMAD-0079 - Mew - Am I Wry? No.flac
NOMAD-0080,fresh,ok,219.96,219.95,,NOMAD-0080 - Mew - Behind the Drapes.mp3,NOMAD-0080 - Mew - Behind the Drapes.flac
NOMAD-0081,fresh,ok,533.20,533.19,,NOMAD-0081 - Mew - Comforting Sounds.mp3,NOMAD-0081 - Mew - Comforting Sounds.flac
NOMAD-0082,fresh,ok,288.23,288.22,,"NOMAD-0082 - Mew - Eight Flew Over, One was Destroyed.mp3","NOMAD-0082 - Mew - Eight Flew Over, One was Destroyed.flac"
NOMAD-0083,fresh,ok,168.64,168.63,,NOMAD-0083 - Mew - Her Voice is Beyond Her Years.mp3,NOMAD-0083 - Mew - Her Voice is Beyond Her Years.flac
NOMAD-0084,fresh,ok,235.36,235.35,,NOMAD-0084 - Mew - She Came Home for Christmas.mp3,NOMAD-0084 - Mew - She Came Home for Christmas.flac
NOMAD-0085,fresh,ok,284.49,284.48,,NOMAD-0085 - Mew - She Spider.mp3,NOMAD-0085 - Mew - She Spider.flac
NOMAD-0086,fresh,ok,262.67,262.66,,NOMAD-0086 - Mew - Snow Brigade.mp3,NOMAD-0086 - Mew - Snow Brigade.flac
NOMAD-0087,fresh,ok,339.64,339.64,,NOMAD-0087 - Mew - Symmetry.mp3,NOMAD-0087 - Mew - Symmetry.flac
NOMAD-0088,fresh,ok,204.76,204.76,,NOMAD-0088 - of Montreal - Gronlandic Edit.mp3,NOMAD-0088 - of Montreal - Gronlandic Edit.flac
NOMAD-0089,fresh,ok,163.57,163.57,,NOMAD-0089 - Idlewild - (I Am) What I Am Not.mp3,NOMAD-0089 - Idlewild - (I Am) What I Am Not.flac
NOMAD-0090,fresh,ok,142.96,142.96,,NOMAD-0090 - Idlewild - A Modern Way of Letting Go.mp3,NOMAD-0090 - Idlewild - A Modern Way of Letting Go.flac
NOMAD-0091,fresh,ok,159.87,159.86,,NOMAD-0091 - Idlewild - Actually It's Darkness.mp3,NOMAD-0091 - Idlewild - Actually It's Darkness.flac
NOMAD-0092,fresh,ok,274.47,274.46,,NOMAD-0092 - Idlewild - American English.mp3,NOMAD-0092 - Idlewild - American English.flac
NOMAD-0093,fresh,ok,241.37,241.37,,NOMAD-0093 - Idlewild - Century After Century.mp3,NOMAD-0093 - Idlewild - Century After Century.flac
NOMAD-0094,fresh,ok,134.63,134.62,,NOMAD-0094 - Idlewild - I Don't Have The Map.mp3,NOMAD-0094 - Idlewild - I Don't Have The Map.flac
NOMAD-0095,fresh,ok,235.67,235.66,,NOMAD-0095 - Idlewild - I Never Wanted.mp3,NOMAD-0095 - Idlewild - I Never Wanted.flac
NOMAD-0096,fresh,ok,193.04,193.03,,NOMAD-0096 - Idlewild - Idea Track.mp3,NOMAD-0096 - Idlewild - Idea Track.flac
NOMAD-0097,fresh,ok,233.23,233.22,,"NOMAD-0097 - Idlewild - In Remote Part , Scottish Fiction.mp3","NOMAD-0097 - Idlewild - In Remote Part , Scottish Fiction.flac"
NOMAD-0098,fresh,ok,200.43,200.42,,NOMAD-0098 - Idlewild - Let Me Sleep (Next To The Mirror).mp3,NOMAD-0098 - Idlewild - Let Me Sleep (Next To The Mirror).flac
NOMAD-0099,fresh,ok,152.87,152.86,,NOMAD-0099 - Idlewild - Listen To What You've Got.mp3,NOMAD-0099 - Idlewild - Listen To What You've Got.flac
NOMAD-0100,fresh,ok,188.87,188.87,,NOMAD-0100 - Idlewild - Little Discourage.mp3,NOMAD-0100 - Idlewild - Little Discourage.flac
NOMAD-0101,fresh,ok,196.47,196.46,,NOMAD-0101 - Idlewild - Live in a Hiding Place.mp3,NOMAD-0101 - Idlewild - Live in a Hiding Place.flac
NOMAD-0102,fresh,ok,169.97,169.97,,NOMAD-0102 - Idlewild - Mistake Pageant.mp3,NOMAD-0102 - Idlewild - Mistake Pageant.flac
NOMAD-0103,fresh,ok,189.83,189.82,,NOMAD-0103 - Idlewild - Out of Routine.mp3,NOMAD-0103 - Idlewild - Out of Routine.flac
NOMAD-0104,fresh,ok,201.23,201.22,,NOMAD-0104 - Idlewild - Quiet Crown.mp3,NOMAD-0104 - Idlewild - Quiet Crown.flac
NOMAD-0105,fresh,ok,218.96,218.95,,NOMAD-0105 - Idlewild - Roseability.mp3,NOMAD-0105 - Idlewild - Roseability.flac
NOMAD-0106,fresh,ok,257.87,257.86,,NOMAD-0106 - Idlewild - Rusty.mp3,NOMAD-0106 - Idlewild - Rusty.flac
NOMAD-0107,fresh,ok,190.91,190.90,,NOMAD-0107 - Idlewild - Stay the Same.mp3,NOMAD-0107 - Idlewild - Stay the Same.flac
NOMAD-0108,fresh,ok,226.49,226.49,,NOMAD-0108 - Idlewild - Tell Me Ten Words.mp3,NOMAD-0108 - Idlewild - Tell Me Ten Words.flac
NOMAD-0109,fresh,ok,215.44,215.43,,NOMAD-0109 - Idlewild - The Bronze Medal.mp3,NOMAD-0109 - Idlewild - The Bronze Medal.flac
NOMAD-0110,fresh,ok,232.84,232.84,,NOMAD-0110 - Idlewild - These Wooden Ideas.mp3,NOMAD-0110 - Idlewild - These Wooden Ideas.flac
NOMAD-0111,fresh,ok,201.20,201.20,,NOMAD-0111 - Idlewild - You Held the World in Your Arms.mp3,NOMAD-0111 - Idlewild - You Held the World in Your Arms.flac
NOMAD-0112,fresh,ok,223.48,223.48,,NOMAD-0112 - Los Campesinos! - A Heat Rash in the Shape of the Show Me State.mp3,NOMAD-0112 - Los Campesinos! - A Heat Rash in the Shape of the Show Me State.flac
NOMAD-0113,fresh,ok,194.89,194.88,,NOMAD-0113 - Los Campesinos! - All Your Kayfabe Friends.mp3,NOMAD-0113 - Los Campesinos! - All Your Kayfabe Friends.flac
NOMAD-0114,fresh,ok,172.17,172.17,,NOMAD-0114 - Los Campesinos! - Coda A Burn Scar in the Shape of the Sooner State.mp3,NOMAD-0114 - Los Campesinos! - Coda A Burn Scar in the Shape of the Sooner State.flac
NOMAD-0115,fresh,ok,268.13,268.13,,NOMAD-0115 - Los Campesinos! - Documented Minor Emotional Breakdown #1.mp3,NOMAD-0115 - Los Campesinos! - Documented Minor Emotional Breakdown #1.flac
NOMAD-0116,fresh,ok,46.08,46.07,,NOMAD-0116 - Los Campesinos! - Heart Swells:100-1.mp3,NOMAD-0116 - Los Campesinos! - Heart Swells:100-1.flac
NOMAD-0117,fresh,ok,156.76,156.76,,NOMAD-0117 - Los Campesinos! - Heart Swells ／ Pacific Daylight Time.mp3,NOMAD-0117 - Los Campesinos! - Heart Swells ／ Pacific Daylight Time.flac
NOMAD-0118,fresh,ok,278.41,278.41,,"NOMAD-0118 - Los Campesinos! - I Just Sighed, I Just Signed, Just So You Know.mp3","NOMAD-0118 - Los Campesinos! - I Just Sighed, I Just Signed, Just So You Know.flac"
NOMAD-0119,fresh,ok,167.41,167.41,,"NOMAD-0119 - Los Campesinos! - I Warned You, Do Not Make an Enemy of Me.mp3","NOMAD-0119 - Los Campesinos! - I Warned You, Do Not Make an Enemy of Me.flac"
NOMAD-0120,fresh,ok,281.95,281.94,,NOMAD-0120 - Los Campesinos! - In Medias Res.mp3,NOMAD-0120 - Los Campesinos! - In Medias Res.flac
NOMAD-0121,fresh,ok,140.92,140.92,,"NOMAD-0121 - Los Campesinos! - It's Never That Easy Though, Is It (Song For The Other Kurt).mp3","NOMAD-0121 - Los Campesinos! - It's Never That Easy Though, Is It (Song For The Other Kurt).flac"
NOMAD-0122,fresh,ok,194.93,194.93,,NOMAD-0122 - Los Campesinos! - Miserabilia.mp3,NOMAD-0122 - Los Campesinos! - Miserabilia.flac
NOMAD-0123,fresh,ok,122.52,122.51,,NOMAD-0123 - Los Campesinos! - Plan A.mp3,NOMAD-0123 - Los Campesinos! - Plan A.flac
NOMAD-0124,fresh,ok,155.85,155.85,,NOMAD-0124 - Los Campesinos! - Romance is Boring.mp3,NOMAD-0124 - Los Campesinos! - Romance is Boring.flac
NOMAD-0125,fresh,ok,235.24,235.23,,NOMAD-0125 - Los Campesinos! - Straight in at 101.mp3,NOMAD-0125 - Los Campesinos! - Straight in at 101.flac
NOMAD-0126,fresh,ok,112.63,112.62,,NOMAD-0126 - Los Campesinos! - The End Of The Asterisk.mp3,NOMAD-0126 - Los Campesinos! - The End Of The Asterisk.flac
NOMAD-0127,fresh,ok,266.89,266.88,,NOMAD-0127 - Los Campesinos! - The Sea is a Good Place to Think of the Future.mp3,NOMAD-0127 - Los Campesinos! - The Sea is a Good Place to Think of the Future.flac
NOMAD-0128,fresh,ok,174.81,174.80,,NOMAD-0128 - Los Campesinos! - There Are Listed Buildings.mp3,NOMAD-0128 - Los Campesinos! - There Are Listed Buildings.flac
NOMAD-0129,fresh,ok,208.68,208.67,,"NOMAD-0129 - Los Campesinos! - This is a Flag, There is No Wind.mp3","NOMAD-0129 - Los Campesinos! - This is a Flag, There is No Wind.flac"
NOMAD-0130,fresh,ok,252.13,252.13,,NOMAD-0130 - Los Campesinos! - Ways To Make It Through The Wall.mp3,NOMAD-0130 - Los Campesinos! - Ways To Make It Through The Wall.flac
NOMAD-0131,fresh,ok,233.88,233.87,,"NOMAD-0131 - Los Campesinos! - We Are Beautiful, We Are Doomed.mp3","NOMAD-0131 - Los Campesinos! - We Are Beautiful, We Are Doomed.flac"
NOMAD-0132,fresh,ok,269.76,269.76,,NOMAD-0132 - Los Campesinos! - We've Got Your Back.mp3,NOMAD-0132 - Los Campesinos! - We've Got Your Back.flac
NOMAD-0133,fresh,ok,251.55,251.54,,NOMAD-0133 - Los Campesinos! - Who Fell Asleep In.mp3,NOMAD-0133 - Los Campesinos! - Who Fell Asleep In.flac
NOMAD-0134,fresh,ok,308.64,308.64,,NOMAD-0134 - Los Campesinos! - You'll Need Those Fingers For Crossing.mp3,NOMAD-0134 - Los Campesinos! - You'll Need Those Fingers For Crossing.flac
NOMAD-0135,fresh,ok,297.95,297.94,,NOMAD-0135 - Miracles of Modern Science - Bossa Supernova.flac,NOMAD-0135 - Miracles of Modern Science - Bossa Supernova.flac
NOMAD-0136,fresh,ok,205.48,205.47,,NOMAD-0136 - Miracles of Modern Science - Eating Me Alive.flac,NOMAD-0136 - Miracles of Modern Science - Eating Me Alive.flac
NOMAD-0137,fresh,ok,295.16,295.15,,NOMAD-0137 - Miracles of Modern Science - Friend Of The Animals.flac,NOMAD-0137 - Miracles of Modern Science - Friend Of The Animals.flac
NOMAD-0138,fresh,ok,260.93,260.93,,NOMAD-0138 - Miracles of Modern Science - I Found Space.flac,NOMAD-0138 - Miracles of Modern Science - I Found Space.flac
NOMAD-0139,fresh,ok,280.55,280.54,,NOMAD-0139 - Miracles of Modern Science - Luminol.flac,NOMAD-0139 - Miracles of Modern Science - Luminol.flac
NOMAD-0140,fresh,ok,267.53,267.53,,NOMAD-0140 - Miracles of Modern Science - MOMS AWAY!.flac,NOMAD-0140 - Miracles of Modern Science - MOMS AWAY!.flac
NOMAD-0141,fresh,ok,292.09,292.09,,NOMAD-0141 - Miracles of Modern Science - Quantum Of Solace.flac,NOMAD-0141 - Miracles of Modern Science - Quantum Of Solace.flac
NOMAD-0142,fresh,ok,307.51,307.50,,NOMAD-0142 - Miracles of Modern Science - Secret Track.mp3,NOMAD-0142 - Miracles of Modern Science - Secret Track.flac
NOMAD-0143,fresh,ok,316.40,316.40,,NOMAD-0143 - Miracles of Modern Science - Space Chopper.flac,NOMAD-0143 - Miracles of Modern Science - Space Chopper.flac
NOMAD-0144,fresh,ok,213.64,213.64,,NOMAD-0144 - Miracles of Modern Science - Strangerous.flac,NOMAD-0144 - Miracles of Modern Science - Strangerous.flac
NOMAD-0145,fresh,ok,198.92,198.91,,NOMAD-0145 - Miracles of Modern Science - Tensity.flac,NOMAD-0145 - Miracles of Modern Science - Tensity.flac
NOMAD-0146,fresh,ok,73.23,73.22,,NOMAD-0146 - Miracles of Modern Science - The Moon & Australia.flac,NOMAD-0146 - Miracles of Modern Science - The Moon & Australia.flac
NOMAD-0147,fresh,ok,131.29,131.29,,NOMAD-0147 - Nia Archives - (Over)Thinking.flac,NOMAD-0147 - Nia Archives - (Over)Thinking.flac
NOMAD-0148,fresh,ok,218.36,218.36,,NOMAD-0148 - Nia Archives - 18 & Over.flac,NOMAD-0148 - Nia Archives - 18 & Over.flac
NOMAD-0149,fresh,ok,198.62,198.62,,NOMAD-0149 - Nia Archives - Crossroads.flac,NOMAD-0149 - Nia Archives - Crossroads.flac
NOMAD-0150,fresh,ok,138.35,138.35,,NOMAD-0150 - Nia Archives - Don't Kid Urself.flac,NOMAD-0150 - Nia Archives - Don't Kid Urself.flac
NOMAD-0151,fresh,ok,169.21,169.21,,NOMAD-0151 - Nia Archives - Gud Gudbyez.flac,NOMAD-0151 - Nia Archives - Gud Gudbyez.flac
NOMAD-0152,fresh,ok,142.63,142.63,,NOMAD-0152 - Nia Archives - Headz Gone West.flac,NOMAD-0152 - Nia Archives - Headz Gone West.flac
NOMAD-0153,fresh,ok,186.03,186.02,,NOMAD-0153 - Nia Archives - Luv Like.flac,NOMAD-0153 - Nia Archives - Luv Like.flac
NOMAD-0154,fresh,ok,129.22,129.22,,NOMAD-0154 - Nia Archives - Part Of Me.flac,NOMAD-0154 - Nia Archives - Part Of Me.flac
NOMAD-0155,fresh,ok,197.65,197.64,,NOMAD-0155 - Nia Archives - Sober Feels.flac,NOMAD-0155 - Nia Archives - Sober Feels.flac
NOMAD-0156,fresh,ok,138.99,138.98,,NOMAD-0156 - This Is Me Smiling - A Better Way to Fall in Love.flac,NOMAD-0156 - This Is Me Smiling - A Better Way to Fall in Love.flac
NOMAD-0157,fresh,ok,314.61,314.61,,NOMAD-0157 - This Is Me Smiling - Alive in the Chase.flac,NOMAD-0157 - This Is Me Smiling - Alive in the Chase.flac
NOMAD-0158,fresh,ok,129.35,129.34,,NOMAD-0158 - This Is Me Smiling - Ephemera.flac,NOMAD-0158 - This Is Me Smiling - Ephemera.flac
NOMAD-0159,fresh,ok,195.37,195.36,,NOMAD-0159 - This Is Me Smiling - Feelin' the Time Pass By.flac,NOMAD-0159 - This Is Me Smiling - Feelin' the Time Pass By.flac
NOMAD-0160,fresh,ok,247.40,247.39,,NOMAD-0160 - This Is Me Smiling - For When You Don't Hear It Right.flac,NOMAD-0160 - This Is Me Smiling - For When You Don't Hear It Right.flac
NOMAD-0161,fresh,ok,258.32,258.32,,NOMAD-0161 - This Is Me Smiling - Goodbye to Each New Day.flac,NOMAD-0161 - This Is Me Smiling - Goodbye to Each New Day.flac
NOMAD-0162,fresh,ok,140.65,140.65,,NOMAD-0162 - This Is Me Smiling - Matter to Matter.flac,NOMAD-0162 - This Is Me Smiling - Matter to Matter.flac
NOMAD-0163,fresh,ok,185.47,185.46,,NOMAD-0163 - This Is Me Smiling - Mixin' Up Adjectives.flac,NOMAD-0163 - This Is Me Smiling - Mixin' Up Adjectives.flac
NOMAD-0164,fresh,ok,141.49,141.49,,NOMAD-0164 - This Is Me Smiling - Say What You're Gonna Say.flac,NOMAD-0164 - This Is Me Smiling - Say What You're Gonna Say.flac
NOMAD-0165,fresh,ok,214.53,214.53,,NOMAD-0165 - This Is Me Smiling - So Excited to Sleep.flac,NOMAD-0165 - This Is Me Smiling - So Excited to Sleep.flac
NOMAD-0166,fresh,ok,204.32,204.31,,NOMAD-0166 - This Is Me Smiling - Up in All Directions.flac,NOMAD-0166 - This Is Me Smiling - Up in All Directions.flac
NOMAD-0167,fresh,ok,262.10,262.10,,NOMAD-0167 - Bug Hunter - Dear McCracken.wav,NOMAD-0167 - Bug Hunter - Dear McCracken.flac
NOMAD-0168,fresh,ok,235.04,235.04,,NOMAD-0168 - Ken Ashcorp - Burgz.wav,NOMAD-0168 - Ken Ashcorp - Burgz.flac
NOMAD-0169,fresh,ok,268.92,268.92,,NOMAD-0169 - Ken Ashcorp - Absolute Territory.wav,NOMAD-0169 - Ken Ashcorp - Absolute Territory.flac
NOMAD-0170,fresh,ok,355.06,355.05,,NOMAD-0170 - Ken Ashcorp - I'm Your Slave.wav,NOMAD-0170 - Ken Ashcorp - I'm Your Slave.flac
NOMAD-0171,fresh,ok,209.33,209.33,,NOMAD-0171 - Mew - A Dark Design.wav,NOMAD-0171 - Mew - A Dark Design.flac
NOMAD-0172,fresh,ok,220.01,220.01,,NOMAD-0172 - Mew - An Envoy To The Open Fields.wav,NOMAD-0172 - Mew - An Envoy To The Open Fields.flac
NOMAD-0173,fresh,ok,286.75,286.74,,NOMAD-0173 - Mew - Apocalypso.wav,NOMAD-0173 - Mew - Apocalypso.flac
NOMAD-0174,fresh,ok,213.37,213.37,,NOMAD-0174 - Mew - Chinaberry Tree.wav,NOMAD-0174 - Mew - Chinaberry Tree.flac
NOMAD-0175,fresh,ok,75.84,75.83,,NOMAD-0175 - Mew - Fox Cub.wav,NOMAD-0175 - Mew - Fox Cub.flac
NOMAD-0176,fresh,ok,437.68,437.67,,NOMAD-0176 - Mew - Louise Louisa.wav,NOMAD-0176 - Mew - Louise Louisa.flac
NOMAD-0177,fresh,ok,198.48,198.48,,NOMAD-0177 - Mew - Saviours Of Jazz Ballet.wav,NOMAD-0177 - Mew - Saviours Of Jazz Ballet.flac
NOMAD-0178,fresh,ok,193.17,193.16,,NOMAD-0178 - Mew - Special.wav,NOMAD-0178 - Mew - Special.flac
NOMAD-0179,fresh,ok,258.51,258.50,,NOMAD-0179 - Mew - The Seething Rain Weeps For You.wav,NOMAD-0179 - Mew - The Seething Rain Weeps For You.flac
NOMAD-0180,fresh,ok,283.07,283.06,,NOMAD-0180 - Mew - The Zookeeper's Boy.wav,NOMAD-0180 - Mew - The Zookeeper's Boy.flac
NOMAD-0181,fresh,ok,404.97,404.96,,NOMAD-0181 - Mew - White Lips Kissed.wav,NOMAD-0181 - Mew - White Lips Kissed.flac
NOMAD-0182,fresh,ok,230.52,230.52,,NOMAD-0182 - Mew - Why Are You Looking Grave.wav,NOMAD-0182 - Mew - Why Are You Looking Grave.flac
NOMAD-0183,reuse,ok,149.80,149.80,,2_02 - An Oak Tree_(Vocals).mp3,NOMAD-0183 - Get Cape. Wear Cape. Fly - An Oak Tree.mp3
NOMAD-0184,reuse,ok,232.03,232.03,,10_10 - Call Me Ishmael_(Vocals).mp3,NOMAD-0184 - Get Cape. Wear Cape. Fly - Call Me Ishmael.mp3
NOMAD-0185,reuse,ok,236.63,236.63,,7_07 - Get Cape. Wear Cape. Fly_(Vocals).mp3,NOMAD-0185 - Get Cape. Wear Cape. Fly - Get Cape. Wear Cape. Fly.mp3
NOMAD-0186,reuse,ok,226.80,226.80,,8_08 - Glasshouses_(Vocals).mp3,NOMAD-0186 - Get Cape. Wear Cape. Fly - Glasshouses.mp3
NOMAD-0187,reuse,ok,204.73,204.73,,4_04 - I-Spy_(Vocals).mp3,NOMAD-0187 - Get Cape. Wear Cape. Fly - I-Spy.mp3
NOMAD-0188,reuse,ok,193.77,193.77,,11_11 - If I Had £1 For Every Stale Song Title I'd Be 30 Short Of Getting Out Of This Mess_(Vocals).mp3,NOMAD-0188 - Get Cape. Wear Cape. Fly - If I Had £1 For Every Stale Song Title I'd Be 30 Short Of Getting Out Of This Mess.mp3
NOMAD-0189,reuse,ok,124.36,124.36,,1_01 - Once More With Feeling_(Vocals).mp3,NOMAD-0189 - Get Cape. Wear Cape. Fly - Once More With Feeling.mp3
NOMAD-0190,reuse,ok,207.73,207.73,,3_03 - The Chronicles Of A Bohemian Teenager (Part Two)_(Vocals).mp3,NOMAD-0190 - Get Cape. Wear Cape. Fly - The Chronicles Of A Bohemian Teenager (Part Two).mp3
NOMAD-0191,reuse,ok,246.23,246.23,,12_12 - The Chronicles Of A Bohemian Teenager (Part One)_(Vocals).mp3,NOMAD-0191 - Get Cape. Wear Cape. Fly - The Chronicles Of A Bohemian Teenager (Part One).mp3
NOMAD-0192,reuse,ok,174.80,174.80,,5_05 - The Lighthousekeeper_(Vocals).mp3,NOMAD-0192 - Get Cape. Wear Cape. Fly - The Lighthousekeeper.mp3
NOMAD-0193,reuse,ok,153.64,153.64,,6_06 - War Of The Worlds_(Vocals).mp3,NOMAD-0193 - Get Cape. Wear Cape. Fly - War Of The Worlds.mp3
NOMAD-0194,reuse,ok,230.64,230.64,,9_09 - Whitewash Is Brainwash_(Vocals).mp3,NOMAD-0194 - Get Cape. Wear Cape. Fly - Whitewash Is Brainwash.mp3
NOMAD-0195,reuse,ok,297.09,297.09,,1_Hi Im Case - Smoke Damage_(Vocals)_MDXKaraoke2.mp3,NOMAD-0195 - Hi I'm Case - Smoke Damage (Youtube version).mp3
NOMAD-0196,reuse,ok,323.57,323.57,,1_Ken Ashcorp - Wear_(Vocals).mp3,NOMAD-0196 - Ken Ashcorp - Wear.mp3
NOMAD-0198,reuse,ok,240.00,240.00,,2OvV_PaqoPk-Neil-Diamond-The-Look-Of-Love_(Vocals)_UVR_MDXNET_KARA_2.wav,NOMAD-0198 - Neil Diamond - The Look Of Love.wav
NOMAD-0204,fresh,ok,143.82,143.81,,NOMAD-0204 - Gnarls Barkley - Crazy (Short Version).wav,NOMAD-0204 - Gnarls Barkley - Crazy (Short Version).flac
NOMAD-0206,fresh,ok,142.54,142.53,,NOMAD-0206 - Kenny Loggins - Footloose (Short Version).wav,NOMAD-0206 - Kenny Loggins - Footloose (Short Version).flac
NOMAD-0207,fresh,ok,148.61,148.60,,NOMAD-0207 - Kings Of Leon - Sex on Fire (Short Version).wav,NOMAD-0207 - Kings Of Leon - Sex on Fire (Short Version).flac
NOMAD-0212,fresh,ok,143.27,143.26,,"NOMAD-0212 - Shakira - Whenever, Wherever (Short Version).wav","NOMAD-0212 - Shakira - Whenever, Wherever (Short Version).flac"
NOMAD-0215,fresh,ok,145.57,145.56,,NOMAD-0215 - The Killers - Mr. Brightside (Short Version).wav,NOMAD-0215 - The Killers - Mr. Brightside (Short Version).flac
NOMAD-0219,reuse,ok,214.81,214.81,,kgoyd5ST6bE-Christina-Sturmer-Nie-Genug-offizielles-Video_(Vocals)_UVR_MDXNET_KARA_2.wav,NOMAD-0219 - Christina Stürmer - Nie Genug.wav
NOMAD-0220,reuse,ok,165.19,165.19,,James Brown - It's A Man's Man's Man's World-H77fRz1rybs_(Vocals)_UVR_MDXNET_KARA_2.wav,NOMAD-0220 - James Brown - It's a Man's World (Short Version).wav
NOMAD-0221,reuse,ok,116.08,116.08,,F569_t2jCio-Jerry-Lee-Lewis-Great-Balls-Of-Fire-1957-4K_(Vocals)_UVR_MDXNET_KARA_2.wav,NOMAD-0221 - Jerry Lee Lewis - Great Balls Of Fire (Short Version).wav
NOMAD-0222,reuse,ok,229.04,229.04,,gPxcNl-iCUs-Toxic-The-Voice-Performance_(Vocals)_UVR_MDXNET_KARA_2.wav,NOMAD-0222 - Melanie Martinez - Toxic (Short Version).wav
NOMAD-0223,reuse,ok,234.29,234.29,,1x2KbVmDiCU-Bring-Me-Some-Water-Melissa-Etheridge_(Vocals)_UVR_MDXNET_KARA_2.wav,NOMAD-0223 - Melissa Etheridge - Bring Me Some Water (Short Version).wav
NOMAD-0224,reuse,ok,163.42,163.42,,nz8Nb980L9s-Crazy-Little-Thing-Called-Love_(Vocals)_UVR_MDXNET_KARA_2.wav,NOMAD-0224 - Queen - Crazy Little Thing Called Love (Short Version).wav
NOMAD-0225,reuse,ok,327.38,327.38,,Gciy9oG5678-Proud-Mary_(Vocals)_UVR_MDXNET_KARA_2.wav,NOMAD-0225 - Tina Turner - Proud Mary (Short Version).wav
NOMAD-0226,reuse,ok,333.25,333.25,,8Afffdv5Tfg-The-Best_(Vocals)_UVR_MDXNET_KARA_2.wav,NOMAD-0226 - Tina Turner - The Best (Short Version).wav
NOMAD-0227,reuse,ok,174.06,174.06,,8zWPROdFK4Q-Help-Yourself_(Vocals)_UVR_MDXNET_KARA_2.wav,NOMAD-0227 - Tom Jones - Help Yourself (Short Version).wav
NOMAD-0228,reuse,ok,210.67,210.67,,RVfkoQLYbro-Tom-Jones-Sexbomb-Remastered_(Vocals)_UVR_MDXNET_KARA_2.wav,NOMAD-0228 - Tom Jones - Sex Bomb (Short Version).wav
NOMAD-0229,reuse,ok,187.06,187.06,,lHZtcC67yrY-Andreas-Gabalier-Hulapalu_(Vocals)_UVR_MDXNET_KARA_2.wav,NOMAD-0229 - Andreas Gabalier - Hulapalu (Short Version).wav
NOMAD-0230,fresh,ok,139.40,139.40,,NOMAD-0230 - Christina Stürmer - Nie Genug (Short Version).wav,NOMAD-0230 - Christina Stürmer - Nie Genug (Short Version).flac
NOMAD-0231,fresh,ok,192.01,192.00,,NOMAD-0231 - Die Draufgänger - Cordula Grün (Short Version).wav,NOMAD-0231 - Die Draufgänger - Cordula Grün (Short Version).flac
NOMAD-0232,reuse,ok,150.40,150.40,,Jimi Jamison - I'm Always Here (Short)_(Vocals)_UVR_MDXNET_KARA_2.wav,NOMAD-0232 - Jimi Jamison - I'm Always Here (Short Version).wav
NOMAD-0233,reuse,ok,180.05,180.05,,XqX0720VTRY-Ein-Bett-im-Kornfeld-Jurgen-Drews-Das-Original_(Vocals)_UVR_MDXNET_KARA_2.wav,NOMAD-0233 - Jürgen Drews - Ein Bett im Kornfeld.wav
NOMAD-0235,fresh,ok,133.76,133.76,,NOMAD-0235 - STS - Kalt Und Kälter (Short Version).wav,NOMAD-0235 - STS - Kalt Und Kälter (Short Version).flac
NOMAD-0236,reuse,ok,236.10,236.10,,hqMSrwbnw9M-Kalt-und-kalter_(Vocals)_UVR_MDXNET_KARA_2.wav,NOMAD-0236 - STS - Kalt Und Kälter.wav
NOMAD-0237,reuse,ok,218.52,218.52,,VxM-OPwuSUo-Udo-Jurgens-Aber-bitte-mit-Sahne-Official-Lyric-Video_(Vocals)_UVR_MDXNET_KARA_2.wav,NOMAD-0237 - Udo Jürgens - Aber bitte mit Sahne.wav
NOMAD-0238,fresh,ok,125.12,125.12,,NOMAD-0238 - Udo Jürgens - Aber bitte mit Sahne (Short Version).wav,NOMAD-0238 - Udo Jürgens - Aber bitte mit Sahne (Short Version).flac
NOMAD-0239,reuse,ok,144.08,144.08,,Bryan Adams - Summer Of '69_(Vocals)_UVR_MDXNET_KARA_2.wav,NOMAD-0239 - Bryan Adams - Summer of '69 (Short Version).wav
NOMAD-0240,fresh,ok,158.28,158.27,,NOMAD-0240 - Dylan Emmet - Lose This.wav,NOMAD-0240 - Dylan Emmet - Lose This.flac
NOMAD-0241,fresh,ok,153.62,153.60,,NOMAD-0241 - Loosey LaDuca - Let Loose.webm,NOMAD-0241 - Loosey LaDuca - Let Loose.flac
NOMAD-0242,reuse,ok,296.61,296.61,,9rfB5YIMD-M-People-Who-Died_(Vocals)_UVR_MDXNET_KARA_2.wav,NOMAD-0242 - Against Me - People Who Died.wav
NOMAD-0243,reuse,ok,155.64,155.64,,oHOde7V3WAs-Thunderbird-Will-Do-Just-Fine_(Vocals)_UVR_MDXNET_KARA_2.wav,NOMAD-0243 - Eleven Hundred Springs - Thunderbird Will Do Just Fine.wav
NOMAD-0244,reuse,ok,261.90,261.90,,1_01 - Etherwood - Begin By Letting Go_(Vocals).mp3,NOMAD-0244 - Etherwood - Begin By Letting Go.mp3
NOMAD-0245,reuse,ok,230.16,230.16,,WCri1GOLjYM-She-Burns-Foy-Vance-LYRICS_(Vocals)_UVR_MDXNET_KARA_2.wav,NOMAD-0245 - Foy Vance - She Burns.wav
NOMAD-0246,reuse,ok,242.04,242.04,,SF3KA7RM_Bg-Late-March-Death-March-Frightened-Rabbit_(Vocals)_UVR_MDXNET_KARA_2.wav,NOMAD-0246 - Frightened Rabbit - Late March Death March.wav
NOMAD-0247,reuse,ok,191.56,191.56,,u1NzEg0IkzI-George-Barnett-Stone-Cold-Classic_(Vocals)_UVR_MDXNET_KARA_2.wav,NOMAD-0247 - George Barnett - Stone Cold Classic.wav
NOMAD-0248,reuse,ok,162.19,162.19,,13_13 - Better Things (ft. Kate Nash)_(Vocals).mp3,NOMAD-0248 - Get Cape. Wear Cape. Fly - Better Things (ft. Kate Nash).mp3
NOMAD-0249,reuse,ok,365.05,365.05,,14_14 - Could've Seen It All_(Vocals).mp3,NOMAD-0249 - Get Cape. Wear Cape. Fly - Could've Seen It All.mp3
NOMAD-0250,reuse,ok,164.73,164.73,,11_11 - Find The Time_(Vocals).mp3,NOMAD-0250 - Get Cape. Wear Cape. Fly - Find The Time.mp3
NOMAD-0251,reuse,ok,288.64,288.64,,7_07 - I Could Build You A Tower_(Vocals).mp3,NOMAD-0251 - Get Cape. Wear Cape. Fly - I Could Build You A Tower.mp3
NOMAD-0252,reuse,ok,196.01,196.01,,9_09 - Keep Singing Out_(Vocals).mp3,NOMAD-0252 - Get Cape. Wear Cape. Fly - Keep Singing Out.mp3
NOMAD-0253,reuse,ok,225.11,225.11,,1_01 - Let The Journey Begin_(Vocals).mp3,NOMAD-0253 - Get Cape. Wear Cape. Fly - Let The Journey Begin.mp3
NOMAD-0254,reuse,ok,217.53,217.53,,10_10 - Moving Forward_(Vocals).mp3,NOMAD-0254 - Get Cape. Wear Cape. Fly - Moving Forward.mp3
NOMAD-0255,reuse,ok,185.45,185.45,,4_04 - Postcards From Catalunya_(Vocals).mp3,NOMAD-0255 - Get Cape. Wear Cape. Fly - Postcards From Catalunya.mp3
NOMAD-0256,reuse,ok,182.59,182.59,,5_05 - The Children Are (The Consumers Of) The Future_(Vocals).mp3,NOMAD-0256 - Get Cape. Wear Cape. Fly - The Children Are (The Consumers Of) The Future.mp3
NOMAD-0257,reuse,ok,193.64,193.64,,12_12 - This Could Be All_(Vocals).mp3,NOMAD-0257 - Get Cape. Wear Cape. Fly - This Could Be All.mp3
NOMAD-0258,reuse,ok,168.55,168.55,,2_02 - Waiting For The Monster To Drown_(Vocals).mp3,NOMAD-0258 - Get Cape. Wear Cape. Fly - Waiting For The Monster To Drown.mp3
NOMAD-0259,reuse,ok,198.45,198.45,,6_06 - Window Of Your Mind_(Vocals).mp3,NOMAD-0259 - Get Cape. Wear Cape. Fly - Window Of Your Mind.mp3
NOMAD-0260,reuse,ok,182.12,182.12,,3_03 - Young And Lovestruck_(Vocals).mp3,NOMAD-0260 - Get Cape. Wear Cape. Fly - Young And Lovestruck.mp3
NOMAD-0261,reuse,ok,231.80,231.80,,1MPcQ_Z4L2M-The-Rain_(Vocals)_UVR_MDXNET_KARA_2.wav,NOMAD-0261 - K-Os - The Rain.wav
NOMAD-0262,reuse,ok,267.84,267.84,,-FAu6lwoNIM-Nothing-But-Thieves-Pop-The-Balloon-Official-Lyric-Video_(Vocals)_UVR_MDXNET_KARA_2.wav,NOMAD-0262 - Nothing But Thieves - Pop The Balloon.wav
NOMAD-0263,reuse,ok,291.46,291.46,,YYaGChm8RWw-Robbie-Basho-Blue-Crystal-Fire_(Vocals)_UVR_MDXNET_KARA_2.wav,NOMAD-0263 - Robbie Basho - Blue Crystal Fire.wav
NOMAD-0264,reuse,ok,182.04,182.04,,YPI7kZpmepE-Smino-Lee-Lovie-Official-Visualizer_(Vocals)_UVR_MDXNET_KARA_2.wav,NOMAD-0264 - Smino - Lee and Lovie.wav
NOMAD-0265,reuse,ok,200.81,200.81,,gQQY3i-kwgU-The-Skints-Murderer_(Vocals)_UVR_MDXNET_KARA_2.wav,NOMAD-0265 - The Skints - Murderer.wav
NOMAD-0266,reuse,ok,262.36,262.36,,giK8TF-AjaM-Xan-Griffin-ft-WOLFE-Capricorn-Lyrics-on-screen_(Vocals)_UVR_MDXNET_KARA_2.wav,NOMAD-0266 - Xan Griffin - Capricorn (ft. WOLFE).wav
NOMAD-0267,reuse,ok,314.03,314.03,,929BN_zFFR0-Pulp-Cocaine-Socialism-with-lyrics_(Vocals)_UVR_MDXNET_KARA_2.wav,NOMAD-0267 - Pulp - Cocaine Socialism.wav
NOMAD-0268,reuse,ok,196.32,196.32,,8nHVZhavr64-Play-Some-Ska_(Vocals)_UVR_MDXNET_KARA_2.wav,NOMAD-0268 - Random Hand - Play Some Ska.wav
NOMAD-0269,reuse,ok,194.42,194.42,,6PK7ZW4auI4-Sexyy-Red-Nicki-Minaj-Tay-Keith-Pound-Town-2-Official-Lyric-Video_(Vocals)_UVR_MDXNET_KARA_2.wav,"NOMAD-0269 - Sexyy Red, Nicki Minaj & Tay Keith - Pound Town 2.wav"
NOMAD-0270,reuse,ok,381.34,381.34,,GGlQhUja-Lo-Liquid-Diamonds_(Vocals)_UVR_MDXNET_KARA_2.wav,NOMAD-0270 - Tori Amos - Liquid Diamonds.wav
NOMAD-0271,fresh,ok,251.84,251.83,,NOMAD-0271 - Frightened Rabbit - Music Now.mp3,NOMAD-0271 - Frightened Rabbit - Music Now.flac
NOMAD-0272,fresh,ok,64.25,64.25,,NOMAD-0272 - Frightened Rabbit - Housing (out).mp3,NOMAD-0272 - Frightened Rabbit - Housing (out).flac
NOMAD-0273,fresh,ok,230.91,230.90,,NOMAD-0273 - Frightened Rabbit - The Modern Leper.mp3,NOMAD-0273 - Frightened Rabbit - The Modern Leper.flac
NOMAD-0274,fresh,ok,222.84,222.84,,NOMAD-0274 - Frightened Rabbit - A Lick Of Paint.mp3,NOMAD-0274 - Frightened Rabbit - A Lick Of Paint.flac
NOMAD-0275,fresh,ok,161.67,161.67,,NOMAD-0275 - Frightened Rabbit - The Greys.mp3,NOMAD-0275 - Frightened Rabbit - The Greys.flac
NOMAD-0276,fresh,ok,226.45,226.45,,NOMAD-0276 - Frightened Rabbit - Head Rolls Off.mp3,NOMAD-0276 - Frightened Rabbit - Head Rolls Off.flac
NOMAD-0277,fresh,ok,189.52,189.52,,NOMAD-0277 - Frightened Rabbit - Backyard Skulls.mp3,NOMAD-0277 - Frightened Rabbit - Backyard Skulls.flac
NOMAD-0278,fresh,ok,190.68,190.67,,NOMAD-0278 - Frightened Rabbit - The Wreck.mp3,NOMAD-0278 - Frightened Rabbit - The Wreck.flac
NOMAD-0279,fresh,ok,212.01,212.01,,NOMAD-0279 - Frightened Rabbit - My Backwards Walk.mp3,NOMAD-0279 - Frightened Rabbit - My Backwards Walk.flac
NOMAD-0280,fresh,ok,180.37,180.36,,NOMAD-0280 - Frightened Rabbit - Be Less Rude.mp3,NOMAD-0280 - Frightened Rabbit - Be Less Rude.flac
NOMAD-0281,fresh,ok,202.85,202.85,,NOMAD-0281 - Frightened Rabbit - Die Like A Rich Boy.mp3,NOMAD-0281 - Frightened Rabbit - Die Like A Rich Boy.flac
NOMAD-0282,fresh,ok,277.37,277.37,,NOMAD-0282 - Frightened Rabbit - State Hospital.mp3,NOMAD-0282 - Frightened Rabbit - State Hospital.flac
NOMAD-0283,fresh,ok,378.72,378.71,,NOMAD-0283 - Frightened Rabbit - Skip the Youth.mp3,NOMAD-0283 - Frightened Rabbit - Skip the Youth.flac
NOMAD-0284,fresh,ok,279.08,279.07,,"NOMAD-0284 - Frightened Rabbit - Yes, I Would.mp3","NOMAD-0284 - Frightened Rabbit - Yes, I Would.flac"
NOMAD-0285,fresh,ok,256.25,256.25,,NOMAD-0285 - Frightened Rabbit - Floating in the Forth.mp3,NOMAD-0285 - Frightened Rabbit - Floating in the Forth.flac
NOMAD-0286,fresh,ok,190.09,190.08,,NOMAD-0286 - Frightened Rabbit - Nitrous Gas.mp3,NOMAD-0286 - Frightened Rabbit - Nitrous Gas.flac
NOMAD-0287,fresh,ok,179.72,179.71,,NOMAD-0287 - Frightened Rabbit - Break.mp3,NOMAD-0287 - Frightened Rabbit - Break.flac
NOMAD-0288,fresh,ok,266.41,266.41,,NOMAD-0288 - Frightened Rabbit - Things.mp3,NOMAD-0288 - Frightened Rabbit - Things.flac
NOMAD-0289,fresh,ok,184.03,184.02,,NOMAD-0289 - Frightened Rabbit - Nothing Like You.mp3,NOMAD-0289 - Frightened Rabbit - Nothing Like You.flac
NOMAD-0290,fresh,ok,308.67,308.66,,NOMAD-0290 - Frightened Rabbit - Good Arms vs Bad Arms.mp3,NOMAD-0290 - Frightened Rabbit - Good Arms vs Bad Arms.flac
NOMAD-0291,fresh,ok,253.87,253.87,,NOMAD-0291 - Frightened Rabbit - Foot Shooter.mp3,NOMAD-0291 - Frightened Rabbit - Foot Shooter.flac
NOMAD-0292,fresh,ok,212.75,212.75,,NOMAD-0292 - Frightened Rabbit - The Twist.mp3,NOMAD-0292 - Frightened Rabbit - The Twist.flac
NOMAD-0293,fresh,ok,249.36,249.35,,NOMAD-0293 - Frightened Rabbit - The Loneliness and the Scream.mp3,NOMAD-0293 - Frightened Rabbit - The Loneliness and the Scream.flac
NOMAD-0294,fresh,ok,259.28,259.28,,NOMAD-0294 - Frightened Rabbit - Swim Until You Can't See Land.mp3,NOMAD-0294 - Frightened Rabbit - Swim Until You Can't See Land.flac
NOMAD-0295,fresh,ok,235.24,235.23,,NOMAD-0295 - Frightened Rabbit - An Otherwise Disappointing Life.mp3,NOMAD-0295 - Frightened Rabbit - An Otherwise Disappointing Life.flac
NOMAD-0296,fresh,ok,219.08,219.07,,NOMAD-0296 - Frightened Rabbit - Holy.mp3,NOMAD-0296 - Frightened Rabbit - Holy.flac
NOMAD-0297,fresh,ok,206.95,206.94,,NOMAD-0297 - Frightened Rabbit - Behave!.mp3,NOMAD-0297 - Frightened Rabbit - Behave!.flac
NOMAD-0298,fresh,ok,224.68,224.67,,NOMAD-0298 - Frightened Rabbit - Old Old Fashioned.mp3,NOMAD-0298 - Frightened Rabbit - Old Old Fashioned.flac
NOMAD-0299,fresh,ok,200.47,200.46,,NOMAD-0299 - Frightened Rabbit - Yawns.mp3,NOMAD-0299 - Frightened Rabbit - Yawns.flac
NOMAD-0300,fresh,ok,172.91,172.90,,NOMAD-0300 - Frightened Rabbit - I Feel Better.mp3,NOMAD-0300 - Frightened Rabbit - I Feel Better.flac
NOMAD-0301,fresh,ok,234.33,234.33,,NOMAD-0301 - Frightened Rabbit - Woke Up Hurting.mp3,NOMAD-0301 - Frightened Rabbit - Woke Up Hurting.flac
NOMAD-0302,fresh,ok,248.88,248.87,,NOMAD-0302 - Frightened Rabbit - Dead Now.mp3,NOMAD-0302 - Frightened Rabbit - Dead Now.flac
NOMAD-0303,fresh,ok,278.45,278.44,,NOMAD-0303 - Frightened Rabbit - Poke.mp3,NOMAD-0303 - Frightened Rabbit - Poke.flac
NOMAD-0304,fresh,ok,233.37,233.37,,NOMAD-0304 - Frightened Rabbit - 400 Bones.mp3,NOMAD-0304 - Frightened Rabbit - 400 Bones.flac
NOMAD-0305,fresh,ok,209.83,209.82,,NOMAD-0305 - Frightened Rabbit - Little Drum.mp3,NOMAD-0305 - Frightened Rabbit - Little Drum.flac
NOMAD-0306,fresh,ok,230.27,230.26,,NOMAD-0306 - Frightened Rabbit - Fast Blood.mp3,NOMAD-0306 - Frightened Rabbit - Fast Blood.flac
NOMAD-0307,fresh,ok,468.73,468.72,,NOMAD-0307 - Frightened Rabbit - Square 9.mp3,NOMAD-0307 - Frightened Rabbit - Square 9.flac
NOMAD-0308,fresh,ok,202.99,202.98,,NOMAD-0308 - Frightened Rabbit - I Wish I Was Sober.mp3,NOMAD-0308 - Frightened Rabbit - I Wish I Was Sober.flac
NOMAD-0309,fresh,ok,279.83,279.83,,NOMAD-0309 - Frightened Rabbit - The Oil Slick.mp3,NOMAD-0309 - Frightened Rabbit - The Oil Slick.flac
NOMAD-0310,fresh,ok,232.92,232.91,,NOMAD-0310 - Frightened Rabbit - Still Want To Be Here.mp3,NOMAD-0310 - Frightened Rabbit - Still Want To Be Here.flac
NOMAD-0311,fresh,ok,235.15,235.15,,NOMAD-0311 - Frightened Rabbit - Blood Under The Bridge.mp3,NOMAD-0311 - Frightened Rabbit - Blood Under The Bridge.flac
NOMAD-0312,fresh,ok,246.79,246.78,,NOMAD-0312 - Frightened Rabbit - Death Dream.mp3,NOMAD-0312 - Frightened Rabbit - Death Dream.flac
NOMAD-0313,fresh,ok,198.40,198.40,,NOMAD-0313 - Frightened Rabbit - Wait 'Til The Morning.mp3,NOMAD-0313 - Frightened Rabbit - Wait 'Til The Morning.flac
NOMAD-0314,fresh,ok,253.75,253.74,,NOMAD-0314 - Frightened Rabbit - Not Miserable.mp3,NOMAD-0314 - Frightened Rabbit - Not Miserable.flac
NOMAD-0315,fresh,ok,152.17,152.16,,NOMAD-0315 - Frightened Rabbit - Snake.flac,NOMAD-0315 - Frightened Rabbit - Snake.flac
NOMAD-0316,fresh,ok,293.99,293.99,,NOMAD-0316 - Frightened Rabbit - Acts of Man.mp3,NOMAD-0316 - Frightened Rabbit - Acts of Man.flac
NOMAD-0317,fresh,ok,228.20,228.19,,NOMAD-0317 - Frightened Rabbit - Living in Colour.mp3,NOMAD-0317 - Frightened Rabbit - Living in Colour.flac
NOMAD-0318,fresh,ok,90.84,90.83,,NOMAD-0318 - Frightened Rabbit - Housing (in).mp3,NOMAD-0318 - Frightened Rabbit - Housing (in).flac
NOMAD-0319,fresh,ok,240.00,240.00,,NOMAD-0319 - Frightened Rabbit - The Wrestle.mp3,NOMAD-0319 - Frightened Rabbit - The Wrestle.flac
NOMAD-0320,fresh,ok,208.56,208.56,,NOMAD-0320 - Frightened Rabbit - Go Go Girls.mp3,NOMAD-0320 - Frightened Rabbit - Go Go Girls.flac
NOMAD-0321,fresh,ok,249.92,249.92,,NOMAD-0321 - Frightened Rabbit - December's Traditions.mp3,NOMAD-0321 - Frightened Rabbit - December's Traditions.flac
NOMAD-0322,fresh,ok,300.69,300.69,,NOMAD-0322 - Frightened Rabbit - Lump Street.mp3,NOMAD-0322 - Frightened Rabbit - Lump Street.flac
NOMAD-0323,fresh,ok,335.13,335.13,,NOMAD-0323 - Frightened Rabbit - Keep Yourself Warm.mp3,NOMAD-0323 - Frightened Rabbit - Keep Yourself Warm.flac
NOMAD-0324,fresh,ok,207.56,207.55,,NOMAD-0324 - Frightened Rabbit - The Woodpile.mp3,NOMAD-0324 - Frightened Rabbit - The Woodpile.flac
NOMAD-0325,fresh,ok,201.15,201.14,,NOMAD-0325 - Frightened Rabbit - Get Out.mp3,NOMAD-0325 - Frightened Rabbit - Get Out.flac
NOMAD-0326,reuse,ok,323.27,323.27,,Hs5R4qpmi2Y-Judas-Priest-Living-Bad-Dreams-Painkiller-Sessions-1990-Audio_(Vocals)_UVR_MDXNET_KARA_2.wav,NOMAD-0326 - Judas Priest - Living Bad Dreams.wav
NOMAD-0327,reuse,ok,131.89,131.89,,8Ffx9MoOr-c-The-Spits-Bring-Me-Down_(Vocals)_UVR_MDXNET_KARA_2.wav,NOMAD-0327 - The Spits - Bring Me Down.wav
NOMAD-0328,reuse,ok,305.37,305.37,,cwiTPOzPJu4-Voltaire-Feathery-Wings-With-lyrics_(Vocals)_UVR_MDXNET_KARA_2.wav,NOMAD-0328 - Voltaire - Feathery Wings.wav
NOMAD-0329,reuse,ok,190.04,190.04,,City and Colour - The Death of Me_(Vocals)_UVR_MDXNET_KARA_2.wav,NOMAD-0329 - City and Colour - The Death of Me.wav
NOMAD-0330,reuse,ok,339.08,339.08,,Was (Not Was) - Out Come the Freaks_(Vocals)_UVR_MDXNET_KARA_2.wav,NOMAD-0330 - Was (Not Was) - Out Come the Freaks.wav
NOMAD-0331,reuse,ok,360.88,360.88,,RSJbYWPEaxw-Bon-Jovi-Hallelujah_(Vocals)_UVR_MDXNET_KARA_2.wav,NOMAD-0331 - Bon Jovi - Hallelujah.wav
NOMAD-0332,reuse,ok,170.74,170.74,,xL1MecA2zUg-Je-serai-la_(Vocals)_UVR_MDXNET_KARA_2.wav,NOMAD-0332 - Marilyn Dagenais - Je serai là.wav
NOMAD-0333,fresh,ok,209.18,209.18,,NOMAD-0333 - Marilyn Dagenais - J't'écrirai pas.wav,NOMAD-0333 - Marilyn Dagenais - J't'écrirai pas.flac
NOMAD-0334,fresh,ok,224.57,224.57,,NOMAD-0334 - A Lost People - Big Booty Bitches.wav,NOMAD-0334 - A Lost People - Big Booty Bitches.flac
NOMAD-0335,fresh,ok,234.09,234.08,,NOMAD-0335 - Annika Norlin - Failure.wav,NOMAD-0335 - Annika Norlin - Failure.flac
NOMAD-0336,fresh,ok,435.08,435.07,,NOMAD-0336 - Ascension - Monsters.wav,NOMAD-0336 - Ascension - Monsters.flac
NOMAD-0337,fresh,ok,194.08,194.08,,NOMAD-0337 - Bonnie Prince Billy and Tortoise - Pancho.wav,NOMAD-0337 - Bonnie Prince Billy and Tortoise - Pancho.flac
NOMAD-0338,fresh,ok,248.24,248.24,,NOMAD-0338 - Brandi Carlile - Raise Hell.wav,NOMAD-0338 - Brandi Carlile - Raise Hell.flac
NOMAD-0339,fresh,ok,204.23,204.22,,NOMAD-0339 - Britt Daniel - Let the Distance Bring Us Together.wav,NOMAD-0339 - Britt Daniel - Let the Distance Bring Us Together.flac
NOMAD-0340,fresh,ok,150.15,150.15,,NOMAD-0340 - Cyn - Drinks.wav,NOMAD-0340 - Cyn - Drinks.flac
NOMAD-0341,fresh,ok,117.98,117.98,,NOMAD-0341 - Dan Wriggins - All Used Up.wav,NOMAD-0341 - Dan Wriggins - All Used Up.flac
NOMAD-0342,fresh,ok,200.64,200.63,,NOMAD-0342 - Davey Dynamite & Absent - Solidarity Forever.wav,NOMAD-0342 - Davey Dynamite & Absent - Solidarity Forever.flac
NOMAD-0343,fresh,ok,192.64,192.63,,NOMAD-0343 - Elliott Smith - Strung Out Again.wav,NOMAD-0343 - Elliott Smith - Strung Out Again.flac
NOMAD-0344,fresh,ok,227.37,227.36,,NOMAD-0344 - Emperor X - Sad React.wav,NOMAD-0344 - Emperor X - Sad React.flac
NOMAD-0345,fresh,ok,417.88,417.87,,NOMAD-0345 - Girls - Hellhole Ratrace.wav,NOMAD-0345 - Girls - Hellhole Ratrace.flac
NOMAD-0346,fresh,ok,253.23,253.22,,NOMAD-0346 - Hercules & Love Affair - Iris.wav,NOMAD-0346 - Hercules & Love Affair - Iris.flac
NOMAD-0347,fresh,ok,301.83,301.82,,NOMAD-0347 - Iris DeMent - Easy's Gettin' Harder Every Day.wav,NOMAD-0347 - Iris DeMent - Easy's Gettin' Harder Every Day.flac
NOMAD-0348,fresh,ok,166.60,166.60,,NOMAD-0348 - Iris DeMent - Let the Mystery Be.wav,NOMAD-0348 - Iris DeMent - Let the Mystery Be.flac
NOMAD-0349,fresh,ok,315.37,315.36,,NOMAD-0349 - Iris DeMent - Wasteland of the Free.wav,NOMAD-0349 - Iris DeMent - Wasteland of the Free.flac
NOMAD-0350,fresh,ok,170.79,170.79,,NOMAD-0350 - Joanna Newsom - Inflammatory Writ.wav,NOMAD-0350 - Joanna Newsom - Inflammatory Writ.flac
NOMAD-0351,fresh,ok,263.89,263.89,,NOMAD-0351 - Jukebox The Ghost - Jumpstarted.wav,NOMAD-0351 - Jukebox The Ghost - Jumpstarted.flac
NOMAD-0352,fresh,ok,206.54,206.54,,NOMAD-0352 - Kevin Devine - Splittin’ Up Christmas.wav,NOMAD-0352 - Kevin Devine - Splittin’ Up Christmas.flac
NOMAD-0353,fresh,ok,266.21,266.21,,NOMAD-0353 - Kirin J Callinan - Life Is Life.wav,NOMAD-0353 - Kirin J Callinan - Life Is Life.flac
NOMAD-0354,fresh,ok,232.12,232.12,,NOMAD-0354 - MJ Lenderman - TLC Cagematch.wav,NOMAD-0354 - MJ Lenderman - TLC Cagematch.flac
NOMAD-0355,fresh,ok,229.31,229.30,,NOMAD-0355 - Molly Hatchet - Sailor.wav,NOMAD-0355 - Molly Hatchet - Sailor.flac
NOMAD-0356,fresh,ok,197.53,197.53,,NOMAD-0356 - Necro - Pussy Is My Weakness.wav,NOMAD-0356 - Necro - Pussy Is My Weakness.flac
NOMAD-0357,fresh,ok,363.50,363.49,,NOMAD-0357 - Nevermore - The Heart Collector.wav,NOMAD-0357 - Nevermore - The Heart Collector.flac
NOMAD-0358,fresh,ok,167.73,167.73,,NOMAD-0358 - New Found Glory - Sincerely Me.wav,NOMAD-0358 - New Found Glory - Sincerely Me.flac
NOMAD-0359,fresh,ok,396.93,396.93,,NOMAD-0359 - New Radicals - I Hope I Didn't Just Give Away The Ending.wav,NOMAD-0359 - New Radicals - I Hope I Didn't Just Give Away The Ending.flac
NOMAD-0360,fresh,ok,148.47,148.46,,NOMAD-0360 - No Doubt - Six Feet Under.wav,NOMAD-0360 - No Doubt - Six Feet Under.flac
NOMAD-0361,fresh,ok,240.66,240.65,,NOMAD-0361 - Petey - Dont Tell The Boys.wav,NOMAD-0361 - Petey - Dont Tell The Boys.flac
NOMAD-0362,fresh,ok,189.20,189.19,,NOMAD-0362 - Randy Newman - A Wedding in Cherokee County.wav,NOMAD-0362 - Randy Newman - A Wedding in Cherokee County.flac
NOMAD-0363,fresh,ok,180.04,180.04,,NOMAD-0363 - Reverend Horton Heat - Wiggle Stick.wav,NOMAD-0363 - Reverend Horton Heat - Wiggle Stick.flac
NOMAD-0364,fresh,ok,348.28,348.28,,NOMAD-0364 - Rough Cutt - Dreamin' Again.wav,NOMAD-0364 - Rough Cutt - Dreamin' Again.flac
NOMAD-0365,fresh,ok,298.87,298.86,,NOMAD-0365 - Steve Earle - Christmas in Washington.wav,NOMAD-0365 - Steve Earle - Christmas in Washington.flac
NOMAD-0366,fresh,ok,182.15,182.14,,NOMAD-0366 - The Buttertones - Baby Doll.wav,NOMAD-0366 - The Buttertones - Baby Doll.flac
NOMAD-0367,fresh,ok,236.25,236.24,,NOMAD-0367 - The Buttertones - Eros.wav,NOMAD-0367 - The Buttertones - Eros.flac
NOMAD-0368,fresh,ok,346.33,346.33,,NOMAD-0368 - Whiskey Myers - Broken Window Serenade.wav,NOMAD-0368 - Whiskey Myers - Broken Window Serenade.flac
NOMAD-0369,fresh,ok,189.07,189.06,,NOMAD-0369 - Yoko Kanno - Whats it For.wav,NOMAD-0369 - Yoko Kanno - Whats it For.flac
NOMAD-0370,fresh,ok,278.09,278.08,,NOMAD-0370 - Mac McCaughan & Annie Hayden - Down We Go.wav,NOMAD-0370 - Mac McCaughan & Annie Hayden - Down We Go.flac
NOMAD-0371,fresh,ok,196.09,196.09,,NOMAD-0371 - The Buttertones - You and Your Knife.wav,NOMAD-0371 - The Buttertones - You and Your Knife.flac
NOMAD-0372,fresh,ok,132.97,132.96,,NOMAD-0372 - The Doubleclicks - Really Big Chickens.wav,NOMAD-0372 - The Doubleclicks - Really Big Chickens.flac
NOMAD-0373,fresh,ok,135.93,135.92,,NOMAD-0373 - Tony All - At The Party.wav,NOMAD-0373 - Tony All - At The Party.flac
NOMAD-0374,fresh,ok,205.84,205.83,,NOMAD-0374 - Tony All - Guitar Case.wav,NOMAD-0374 - Tony All - Guitar Case.flac
NOMAD-0375,fresh,ok,206.58,206.57,,NOMAD-0375 - Velvet Pony - LESBIAN PONIES WITH WEAPONS.wav,NOMAD-0375 - Velvet Pony - LESBIAN PONIES WITH WEAPONS.flac
NOMAD-0376,fresh,ok,161.34,161.34,,NOMAD-0376 - Waxahatchee - Noccalula.wav,NOMAD-0376 - Waxahatchee - Noccalula.flac
NOMAD-0377,reuse,ok,245.04,245.04,,AHCSo-7fRKk-I-Know-It-s-Gonna-Happen-Someday-2003-Remaster_(Vocals)_UVR_MDXNET_KARA_2.wav,NOMAD-0377 - David Bowie - I Know It’s Gonna Happen Someday.wav
NOMAD-0378,fresh,ok,168.93,168.93,,NOMAD-0378 - Mary Heather Hickman - Treasure.wav,NOMAD-0378 - Mary Heather Hickman - Treasure.flac
NOMAD-0379,reuse,ok,242.57,242.57,,NA - The Wind Beneath My Wings - Ray Price 1987 (pNCR4TuhXeg)_(Vocals)_UVR_MDXNET_KARA_2.flac,NOMAD-0379 - Ray Price - The Wind Beneath My Wings.flac
NOMAD-0380,reuse,ok,212.36,212.36,,1_NA - The Avett Brothers - Ain't No Man (Audio) (21ystqlD_Rk)_(Vocals).flac,NOMAD-0380 - The Avett Brothers - Ain't No Man.flac
NOMAD-0381,fresh,ok,245.12,245.12,,NOMAD-0381 - Dropout Kings - Scratch & Claw.wav,NOMAD-0381 - Dropout Kings - Scratch & Claw.flac
NOMAD-0382,reuse,ok,234.57,234.57,,Gogol Bordello - Not a Crime (Vocals UVR_MDXNET_KARA_2).flac,NOMAD-0382 - Gogol Bordello - Not a Crime.flac
NOMAD-0383,fresh,ok,209.36,209.35,,NOMAD-0383 - Sparks - Girl from Germany.wav,NOMAD-0383 - Sparks - Girl from Germany.flac
NOMAD-0384,reuse,ok,139.33,139.33,,Sparks - Under the Table with Her (Vocals UVR_MDXNET_KARA_2).flac,NOMAD-0384 - Sparks - Under the Table with Her.flac
NOMAD-0385,reuse,ok,327.63,327.63,,"Streetlight Manifesto - One Foot on the Gas, One Foot in the Grave (Vocals UVR_MDXNET_KARA_2).flac","NOMAD-0385 - Streetlight Manifesto - One Foot on the Gas, One Foot in the Grave.flac"
NOMAD-0386,reuse,ok,234.44,234.44,,The Doors - Not to touch the earth (Vocals UVR_MDXNET_KARA_2).flac,NOMAD-0386 - The Doors - Not to touch the earth.flac
NOMAD-0387,reuse,ok,187.44,187.44,,Weird Al Yankovic - Money for Nothing_Beverly Hillbillies (Vocals UVR_MDXNET_KARA_2).flac,NOMAD-0387 - Weird Al Yankovic - Money for Nothing Beverly Hillbillies.flac
NOMAD-0388,reuse,ok,246.13,246.13,,Adam Sandler - Mr. Bake-O (MDA6Nd3PCbM)_(Vocals)_UVR_MDXNET_KARA_2.flac,NOMAD-0388 - Adam Sandler - Mr. Bake-O.flac
NOMAD-0389,reuse,ok,216.04,216.04,,Eydie Gorme - The Gentleman is a Dope (lnPWr7BFxT4)_(Vocals)_UVR_MDXNET_KARA_2.flac,NOMAD-0389 - Eydie Gormé - The Gentleman is a Dope.flac
NOMAD-0390,reuse,ok,184.43,184.43,,Eydie Gorme - What Did I Have That I Don't Have (ptJz1CNkXZ4)_(Vocals)_UVR_MDXNET_KARA_2.flac,NOMAD-0390 - Eydie Gormé - What Did I Have That I Don't Have.flac
NOMAD-0391,reuse,ok,261.56,261.56,,Rickie Lee Jones - The Ballad Of The Sad Young Men (82qb6nUxmOQ)_(Vocals)_UVR_MDXNET_KARA_2.flac,NOMAD-0391 - Rickie Lee Jones - The Ballad Of The Sad Young Men.flac
NOMAD-0392,reuse,ok,219.43,219.43,,NA - Eddie Cochran - Three Stars (DhtYS-7hFM0)_(Vocals)_UVR_MDXNET_KARA_2.mp3,NOMAD-0392 - Eddie Cochran - Three Stars.mp3
NOMAD-0393,reuse,ok,188.31,188.31,,Lil Durk - Broadway Girls (Vocals UVR_MDXNET_KARA_2).mp3,NOMAD-0393 - Lil Durk - Broadway Girls.mp3
NOMAD-0394,reuse,ok,158.88,158.88,,Luude - Down Under (Vocals UVR_MDXNET_KARA_2).flac,NOMAD-0394 - Luude - Down Under.flac
NOMAD-0395,reuse,ok,194.70,194.70,,Taylor Swift - We Are Never Ever Getting Back Together (Taylor's Version) (Vocals UVR_MDXNET_KARA_2).mp3,NOMAD-0395 - Taylor Swift - We Are Never Ever Getting Back Together (Taylor's Version).mp3
NOMAD-0396,reuse,ok,244.41,244.41,,The Fray - Never Say Never (Vocals UVR_MDXNET_KARA_2).mp3,NOMAD-0396 - The Fray - Never Say Never.mp3
NOMAD-0397,reuse,ok,230.92,230.92,,NA - The Ghost Club： See Below [Official Animated Music Video] (O3bVdre5EiE)_(Vocals)_UVR_MDXNET_KARA_2.mp3,NOMAD-0397 - The Ghost Club - See Below.mp3
NOMAD-0398,fresh,ok,309.50,309.50,,NOMAD-0398 - General Levy - Incredible (50% Volume Vocals).wav,NOMAD-0398 - General Levy - Incredible (50% Volume Vocals).flac
NOMAD-0399,reuse,ok,309.50,309.50,,General Levy - Incredible (Vocals UVR_MDXNET_KARA_2).flac,NOMAD-0399 - General Levy - Incredible.flac
NOMAD-0400,reuse,ok,259.13,259.13,,DEMO VOICE - Chanson pour Papa_(Vocals)_UVR_MDXNET_KARA_2.flac,NOMAD-0400 - Marilyn Dagenais - Chanson pour Papa.flac
NOMAD-0401,reuse,ok,136.60,136.60,,Royal Navy - Heart of Oak_(Vocals)_UVR_MDXNET_KARA_2.flac,NOMAD-0401 - Royal Navy - Heart of Oak.flac
NOMAD-0402,reuse,ok,325.35,325.35,,Tiamat - Cain (Vocals UVR_MDXNET_KARA_2).flac,NOMAD-0402 - Tiamat - Cain.flac
NOMAD-0403,fresh,ok,141.61,141.61,,NOMAD-0403 - Marilyn Dagenais - You Make Me Sing.wav,NOMAD-0403 - Marilyn Dagenais - You Make Me Sing.flac
NOMAD-0404,reuse,ok,242.11,242.11,,Young and Restless - B Girls (Vocals UVR_MDXNET_KARA_2).mp3,NOMAD-0404 - Young and Restless - B Girls.mp3
NOMAD-0405,reuse,ok,251.04,251.04,,Bug Hunter - Pinecones (Vocals UVR_MDXNET_KARA_2).MP3,NOMAD-0405 - Bug Hunter - Pinecones.mp3
NOMAD-0406,reuse,ok,382.03,382.03,,Streetlight Manifesto - With Any Sort of Certainty (Vocals UVR_MDXNET_KARA_2).MP3,NOMAD-0406 - Streetlight Manifesto - With Any Sort of Certainty.mp3
NOMAD-0407,reuse,ok,171.49,171.49,,Marvin Gaye - God is Love (Vocals UVR_MDXNET_KARA_2).MP3,NOMAD-0407 - Marvin Gaye - God is Love.mp3
NOMAD-0408,reuse,ok,218.89,218.89,,Ben&Ben - Maybe the Night (Vocals UVR_MDXNET_KARA_2).mp3,NOMAD-0408 - Ben&Ben - Maybe the Night.mp3
NOMAD-0409,reuse,ok,138.44,138.44,,Blink 182 - Fell In Love (Vocals UVR_MDXNET_KARA_2).MP3,NOMAD-0409 - Blink 182 - Fell In Love.mp3
NOMAD-0410,reuse,ok,186.24,186.24,,Blink 182 - Turpentine (Vocals UVR_MDXNET_KARA_2).MP3,NOMAD-0410 - Blink 182 - Turpentine.mp3
NOMAD-0411,reuse,ok,251.09,251.09,,Bryson Tiller - Right my wrongs (Vocals UVR_MDXNET_KARA_2).mp3,NOMAD-0411 - Bryson Tiller - Right My Wrongs.mp3
NOMAD-0412,reuse,ok,274.58,274.58,,Chris Stapleton - Joy of My Life (Vocals UVR_MDXNET_KARA_2).mp3,NOMAD-0412 - Chris Stapleton - Joy of My Life.mp3
NOMAD-0413,fresh,ok,246.51,246.51,,NOMAD-0413 - Marilyn Dagenais - L'hiver.wav,NOMAD-0413 - Marilyn Dagenais - L'hiver.flac
NOMAD-0414,reuse,ok,303.22,303.22,,Metric - Who Would You Be For Me (Vocals UVR_MDXNET_KARA_2).mp3,NOMAD-0414 - Metric - Who Would You Be For Me.mp3
NOMAD-0415,reuse,ok,279.71,279.71,,Rex Orange County - Happiness (Vocals UVR_MDXNET_KARA_2).mp3,NOMAD-0415 - Rex Orange County - Happiness.mp3
NOMAD-0416,reuse,ok,157.80,157.80,,Sheff G - Weight on Me (Vocals UVR_MDXNET_KARA_2).mp3,NOMAD-0416 - Sheff G - Weight on Me.mp3
NOMAD-0417,reuse,ok,220.65,220.65,,Taylor Swift - I Knew You Were Trouble (Taylor's Version) (Vocals UVR_MDXNET_KARA_2).mp3,NOMAD-0417 - Taylor Swift - I Knew You Were Trouble (Taylor's Version).mp3
NOMAD-0418,reuse,ok,232.20,232.20,,Taylor Swift - You Belong With Me (Taylor's Version) (Vocals UVR_MDXNET_KARA_2).mp3,NOMAD-0418 - Taylor Swift - You Belong With Me (Taylor's Version).mp3
NOMAD-0419,reuse,ok,254.53,254.53,,The 1975 - Robbers (Vocals UVR_MDXNET_KARA_2).MP3,NOMAD-0419 - The 1975 - Robbers.mp3
NOMAD-0420,reuse,ok,238.11,238.11,,Before the Screen Reads Fin (Vocals).wav,NOMAD-0420 - Unknown - Before the Screen Reads Fin.wav
NOMAD-0421,reuse,ok,305.59,305.59,,AC_DC - Gone Shootin' (Vocals UVR_MDXNET_KARA_2).mp3,NOMAD-0421 - ACDC - Gone Shootin'.mp3
NOMAD-0422,reuse,ok,302.56,302.56,,Ozzy Osbourne - You're No Different (Vocals UVR_MDXNET_KARA_2).mp3,NOMAD-0422 - Ozzy Osbourne - You're No Different.mp3
NOMAD-0423,reuse,ok,229.82,229.82,,Alice Cooper - He's Back (The Man Behind The Mask) (Vocals UVR_MDXNET_KARA_2).mp3,NOMAD-0423 - Alice Cooper - He's Back (The Man Behind The Mask).mp3
NOMAD-0424,reuse,ok,288.60,288.60,,Echo and The Bunnymen - New Direction (Vocals UVR_MDXNET_KARA_2).mp3,NOMAD-0424 - Echo and The Bunnymen - New Direction.mp3
NOMAD-0425,reuse,ok,170.86,170.86,,Iggy Pop - Tell Me a Story (Vocals UVR_MDXNET_KARA_2).mp3,NOMAD-0425 - Iggy Pop - Tell Me a Story.mp3
NOMAD-0426,reuse,ok,240.05,240.05,,Left Boy - Security Check (Vocals UVR_MDXNET_KARA_2).mp3,NOMAD-0426 - Left Boy - Security Check.mp3
NOMAD-0427,reuse,ok,171.50,171.50,,The Lemonheads - If I Could Talk I’d Tell You (Vocals UVR_MDXNET_KARA_2).mp3,NOMAD-0427 - The Lemonheads - If I Could Talk I’d Tell You.mp3
NOMAD-0428,reuse,ok,128.89,128.89,,They Might Be Giants - Dinner bell (Vocals UVR_MDXNET_KARA_2).mp3,NOMAD-0428 - They Might Be Giants - Dinner Bell.mp3
NOMAD-0429,reuse,ok,240.03,240.03,,XTC - Scissor Man (Vocals UVR_MDXNET_KARA_2).mp3,NOMAD-0429 - XTC - Scissor Man.mp3
NOMAD-0430,reuse,ok,258.16,258.16,,XTC - The Smartest Monkeys (Vocals UVR_MDXNET_KARA_2).mp3,NOMAD-0430 - XTC - The Smartest Monkeys.mp3
NOMAD-0431,fresh,ok,212.85,212.84,,NOMAD-0431 - Marilyn Dagenais - Un peu de lumière.mp3,NOMAD-0431 - Marilyn Dagenais - Un peu de lumière.flac
NOMAD-0432,reuse,ok,228.84,228.84,,Bad Lip Reading - Black Umbrella (Vocals UVR_MDXNET_KARA_2).MP3,NOMAD-0432 - Bad Lip Reading - Black Umbrella.mp3
NOMAD-0433,reuse,ok,199.04,199.04,,Bruno Mars - The Lazy Song (Vocals UVR_MDXNET_KARA_2).MP3,NOMAD-0433 - Bruno Mars - The Lazy Song (Non-Lazy Parody).mp3
NOMAD-0434,fresh,ok,171.75,171.74,,NOMAD-0434 - Marilyn Dagenais - Si je t'aime.wav,NOMAD-0434 - Marilyn Dagenais - Si je t'aime.flac
NOMAD-0435,reuse,ok,168.72,168.72,,01 - Meat Man_(Vocals)_UVR_MDXNET_KARA_2.wav,NOMAD-0435 - Jerry Lee Lewis - Meat Man.wav
NOMAD-0436,reuse,ok,240.56,240.56,,01 - Birmingham_(Vocals)_UVR_MDXNET_KARA_2.wav,NOMAD-0436 - Shovels & Rope - Birmingham.wav
NOMAD-0437,reuse,ok,174.41,174.41,,5exJ2-ra7hU-Rock-on-Rockall_(Vocals)_UVR_MDXNET_KARA_2.wav,NOMAD-0437 - Wolfe Tones - Rock On Rockall.wav
NOMAD-0438,reuse,ok,162.64,162.64,,James Rado - Where Do I Go (Vocals UVR_MDXNET_KARA_2).MP3,NOMAD-0438 - James Rado - Where Do I Go? (From Hair).mp3
NOMAD-0439,reuse,ok,234.60,234.60,,Andrea Bocelli - Gloria in Excelsis Deo (Vocals UVR_MDXNET_KARA_2).MP3,NOMAD-0439 - Andrea Bocelli - Gloria in Excelsis Deo.mp3
NOMAD-0440,reuse,ok,346.77,346.77,,ABBA - The Day Before You Came (Vocals UVR_MDXNET_KARA_2).MP3,NOMAD-0440 - ABBA - The Day Before You Came.mp3
NOMAD-0441,reuse,ok,201.80,201.80,,Fleet Foxes - He Doesn’t Know Why (Vocals UVR_MDXNET_KARA_2).MP3,NOMAD-0441 - Fleet Foxes - He Doesn’t Know Why.mp3
NOMAD-0442,reuse,ok,153.17,153.17,,The Drifters - Up On The Roof (Vocals UVR_MDXNET_KARA_2).MP3,NOMAD-0442 - The Drifters - Up On The Roof.mp3
NOMAD-0443,reuse,ok,150.89,150.89,,The Seekers - California Dreamin' (Vocals UVR_MDXNET_KARA_2).MP3,NOMAD-0443 - The Seekers - California Dreamin'.mp3
NOMAD-0444,reuse,ok,199.49,199.49,,Fleet Foxes - Silver Dagger (Vocals UVR_MDXNET_KARA_2).MP3,NOMAD-0444 - Fleet Foxes - Silver Dagger.mp3
NOMAD-0445,reuse,ok,197.28,197.28,,She Wants Revenge - Broken Promises For Broken Hearts (Vocals UVR_MDXNET_KARA_2).MP3,NOMAD-0445 - She Wants Revenge - Broken Promises For Broken Hearts.mp3
NOMAD-0446,reuse,ok,276.82,276.82,,Ken Ashcorp - On The Rocks (Vocals UVR_MDXNET_KARA_2).MP3,NOMAD-0446 - Ken Ashcorp - On The Rocks.mp3
NOMAD-0447,reuse,ok,265.96,265.96,,Z-Ro - Mo City Don Freestyle (Vocals UVR_MDXNET_KARA_2).MP3,NOMAD-0447 - Z-Ro - Mo City Don Freestyle.mp3
NOMAD-0448,fresh,ok,209.51,209.51,,NOMAD-0448 - The Time - Cool.wav,NOMAD-0448 - The Time - Cool.flac
NOMAD-0449,reuse,ok,218.72,218.72,,"Urban Cookie Collective - The Key, The Secret (Vocals UVR_MDXNET_KARA_2).MP3","NOMAD-0449 - Urban Cookie Collective - The Key, The Secret.mp3"
NOMAD-0450,fresh,ok,237.47,237.46,,NOMAD-0450 - Melissa Etheridge - Meet Me In The Back.wav,NOMAD-0450 - Melissa Etheridge - Meet Me In The Back.flac
NOMAD-0451,reuse,ok,141.08,141.08,,Garfunkel And Oates - I Get to Do It With You (Vocals UVR_MDXNET_KARA_2).MP3,NOMAD-0451 - Garfunkel And Oates - I Get to Do It With You.mp3
NOMAD-0452,reuse,ok,217.22,217.22,,"A Fine Frenzy - Come On, Come Out (Vocals UVR_MDXNET_KARA_2).MP3","NOMAD-0452 - A Fine Frenzy - Come On, Come Out.mp3"
NOMAD-0453,reuse,ok,273.63,273.63,,A Fine Frenzy - Rangers (Vocals UVR_MDXNET_KARA_2).MP3,NOMAD-0453 - A Fine Frenzy - Rangers.mp3
NOMAD-0454,reuse,ok,114.58,114.58,,Ken Ashcorp - PVP (Vocals UVR_MDXNET_KARA_2).MP3,NOMAD-0454 - Ken Ashcorp - PVP.mp3
NOMAD-0455,reuse,ok,277.46,277.46,,A Fine Frenzy - Almost Lover (Vocals UVR_MDXNET_KARA_2).mp3,NOMAD-0455 - A Fine Frenzy - Almost Lover.mp3
NOMAD-0456,reuse,ok,263.13,263.13,,A Fine Frenzy - You Picked Me (Vocals UVR_MDXNET_KARA_2).mp3,NOMAD-0456 - A Fine Frenzy - You Picked Me.mp3
NOMAD-0457,reuse,ok,187.32,187.32,,Peach PRC - God Is A Freak (Vocals UVR_MDXNET_KARA_2).mp3,NOMAD-0457 - Peach PRC - God Is A Freak.mp3
NOMAD-0458,reuse,ok,191.49,191.49,,"1703792401_1_19. See That Girl (2005, Polydor B0005329-02, Gold CD)_Kim_Vocal_2_(Vocals).flac",NOMAD-0458 - Righteous Brothers - See That Girl.flac
NOMAD-0459,reuse,ok,291.17,291.17,,Blue Eyed Blondes - Maneater (Vocals UVR_MDXNET_KARA_2).mp3,NOMAD-0459 - Blue Eyed Blondes - Maneater.mp3
NOMAD-0460,reuse,ok,134.29,134.29,,piri & tommy - on & on (Vocals UVR_MDXNET_KARA_2).mp3,NOMAD-0460 - piri & tommy - on & on.mp3
NOMAD-0461,reuse,ok,174.08,174.08,,Sudley ft. piri - fumble (Vocals UVR_MDXNET_KARA_2).mp3,NOMAD-0461 - Sudley ft. piri - fumble.mp3
NOMAD-0462,reuse,ok,260.49,260.49,,A Fine Frenzy - Ashes And Wine (Vocals UVR_MDXNET_KARA_2).mp3,NOMAD-0462 - A Fine Frenzy - Ashes And Wine.mp3
NOMAD-0463,reuse,ok,268.43,268.43,,A Fine Frenzy - The Minnow & The Trout (Vocals UVR_MDXNET_KARA_2).mp3,NOMAD-0463 - A Fine Frenzy - The Minnow & The Trout.mp3
NOMAD-0464,reuse,ok,238.41,238.41,,Tame Impala - The Boat I Row (Vocals UVR_MDXNET_KARA_2).mp3,NOMAD-0464 - Tame Impala - The Boat I Row.mp3
NOMAD-0465,reuse,ok,222.45,222.45,,Spinal Tap - Rainy Day Sun (Vocals UVR_MDXNET_KARA_2).mp3,NOMAD-0465 - Spinal Tap - Rainy Day Sun.mp3
NOMAD-0466,reuse,ok,294.89,294.89,,Röyksopp - Running To The Sea (Vocals UVR_MDXNET_KARA_2).mp3,NOMAD-0466 - Röyksopp - Running To The Sea.mp3
NOMAD-0467,reuse,ok,378.57,378.57,,"Röyksopp - Oh, Lover (Vocals UVR_MDXNET_KARA_2).mp3","NOMAD-0467 - Röyksopp - Oh, Lover.mp3"
NOMAD-0468,reuse,ok,286.96,286.96,,Röyksopp - Monument (Vocals UVR_MDXNET_KARA_2).mp3,NOMAD-0468 - Röyksopp - Monument.mp3
NOMAD-0469,reuse,ok,235.81,235.81,,Röyksopp - Only This Moment (Vocals UVR_MDXNET_KARA_2).mp3,NOMAD-0469 - Röyksopp - Only This Moment.mp3
NOMAD-0470,reuse,ok,239.73,239.73,,Röyksopp - The Girl And The Robot (Vocals UVR_MDXNET_KARA_2).mp3,NOMAD-0470 - Röyksopp - The Girl And The Robot.mp3
NOMAD-0471,reuse,ok,312.10,312.10,,Röyksopp - 49 Percent (Vocals UVR_MDXNET_KARA_2).mp3,NOMAD-0471 - Röyksopp - 49 Percent.mp3
NOMAD-0472,reuse,ok,149.36,149.36,,Maisi & piri - head (Vocals UVR_MDXNET_KARA_2).mp3,NOMAD-0472 - Maisi & piri - head.mp3
NOMAD-0473,reuse,ok,185.85,185.85,,Django Django - Default (Vocals UVR_MDXNET_KARA_2).mp3,NOMAD-0473 - Django Django - Default.mp3
NOMAD-0474,reuse,ok,243.67,243.67,,Django Django - Hail Bop (Vocals UVR_MDXNET_KARA_2).mp3,NOMAD-0474 - Django Django - Hail Bop.mp3
NOMAD-0475,reuse,ok,154.40,154.40,,piri & tommy - silver lining (Vocals UVR_MDXNET_KARA_2).mp3,NOMAD-0475 - piri & tommy - silver lining.mp3
NOMAD-0476,reuse,ok,262.11,262.11,,Daniel O'Donnell - Galway Bay (Vocals UVR_MDXNET_KARA_2).mp3,NOMAD-0476 - Daniel O'Donnell - Galway Bay.mp3
NOMAD-0477,reuse,ok,242.71,242.71,,Daniel O'Donnell - I'll Take You Home Again Kathleen (Vocals UVR_MDXNET_KARA_2).mp3,NOMAD-0477 - Daniel O'Donnell - I'll Take You Home Again Kathleen.mp3
NOMAD-0478,reuse,ok,277.60,277.60,,Daniel O'Donnell - Mountains of Mourne (Vocals UVR_MDXNET_KARA_2).mp3,NOMAD-0478 - Daniel O'Donnell - Mountains of Mourne.mp3
NOMAD-0479,reuse,ok,153.00,153.00,,"Daniel O'Donnell - Medley_ It's a Long Way to Tipperary _ Pack up Your Troubles _ If You're Irish, Come into the Parlour (Vocals UVR_MDXNET_KARA_2).mp3","NOMAD-0479 - Daniel O'Donnell - Medley_ It's a Long Way to Tipperary _ Pack up Your Troubles _ If You're Irish, Come into the Parlour.mp3"
NOMAD-0480,reuse,ok,145.13,145.13,,Jackson Singleton - Disguise (Vocals UVR_MDXNET_KARA_2).mp3,NOMAD-0480 - Jackson Singleton - Disguise.mp3
NOMAD-0481,reuse,ok,91.44,91.44,,Ken Ashcorp - Dare You To Love Me (Vocals UVR_MDXNET_KARA_2).mp3,NOMAD-0481 - Ken Ashcorp - Dare You To Love Me.mp3
NOMAD-0482,reuse,ok,253.13,253.13,,A Fine Frenzy - Borrowed Time (Vocals UVR_MDXNET_KARA_2).mp3,NOMAD-0482 - A Fine Frenzy - Borrowed Time.mp3
NOMAD-0483,reuse,ok,252.91,252.91,,A Fine Frenzy - Last Of Days (Vocals UVR_MDXNET_KARA_2).mp3,NOMAD-0483 - A Fine Frenzy - Last Of Days.mp3
NOMAD-0484,reuse,ok,258.16,258.16,,A Fine Frenzy - Hope For The Hopeless (Vocals UVR_MDXNET_KARA_2).mp3,NOMAD-0484 - A Fine Frenzy - Hope For The Hopeless.mp3
NOMAD-0485,reuse,ok,355.20,355.20,,"A Fine Frenzy - Liar, Liar (Vocals UVR_MDXNET_KARA_2).mp3","NOMAD-0485 - A Fine Frenzy - Liar, Liar.mp3"
NOMAD-0486,reuse,ok,224.14,224.14,,A Fine Frenzy - Lifesize (Vocals UVR_MDXNET_KARA_2).mp3,NOMAD-0486 - A Fine Frenzy - Lifesize.mp3
NOMAD-0487,reuse,ok,275.33,275.33,,A Fine Frenzy - Near To You (Vocals UVR_MDXNET_KARA_2).mp3,NOMAD-0487 - A Fine Frenzy - Near To You.mp3
NOMAD-0488,reuse,ok,245.97,245.97,,A Fine Frenzy - Think Of You (Vocals UVR_MDXNET_KARA_2).mp3,NOMAD-0488 - A Fine Frenzy - Think Of You.mp3
NOMAD-0489,reuse,ok,296.57,296.57,,A Fine Frenzy - Whisper (Vocals UVR_MDXNET_KARA_2).mp3,NOMAD-0489 - A Fine Frenzy - Whisper.mp3
NOMAD-0490,reuse,ok,162.05,162.05,,piri & tommy - settle (Vocals UVR_MDXNET_KARA_2).mp3,NOMAD-0490 - piri & tommy - settle.mp3
NOMAD-0491,reuse,ok,223.63,223.63,,piri & tommy - soft spot (Vocals UVR_MDXNET_KARA_2).mp3,NOMAD-0491 - piri & tommy - soft spot.mp3
NOMAD-0492,reuse,ok,194.45,194.45,,piri & tommy - sunlight (Vocals UVR_MDXNET_KARA_2).mp3,NOMAD-0492 - piri & tommy - sunlight.mp3
NOMAD-0493,reuse,ok,195.23,195.23,,piri & tommy - beachin (Vocals UVR_MDXNET_KARA_2).mp3,NOMAD-0493 - piri & tommy - beachin.mp3
NOMAD-0494,reuse,ok,180.92,180.92,,piri & tommy - player 2 (Vocals UVR_MDXNET_KARA_2).mp3,NOMAD-0494 - piri & tommy - player 2.mp3
NOMAD-0495,reuse,ok,156.65,156.65,,piri & tommy - can we (Vocals UVR_MDXNET_KARA_2).mp3,NOMAD-0495 - piri & tommy - can we.mp3
NOMAD-0496,reuse,ok,188.68,188.68,,piri & tommy - easy (Vocals UVR_MDXNET_KARA_2).mp3,NOMAD-0496 - piri & tommy - easy.mp3
NOMAD-0497,reuse,ok,178.52,178.52,,piri & tommy - say it (Vocals UVR_MDXNET_KARA_2).mp3,NOMAD-0497 - piri & tommy - say it.mp3
NOMAD-0498,reuse,ok,186.33,186.33,,piri & tommy - slowly but surely (Vocals UVR_MDXNET_KARA_2).mp3,NOMAD-0498 - piri & tommy - slowly but surely.mp3
NOMAD-0499,reuse,ok,190.04,190.04,,piri & tommy - words (Vocals UVR_MDXNET_KARA_2).mp3,NOMAD-0499 - piri & tommy - words.mp3
NOMAD-0500,reuse,ok,170.61,170.61,,piri & tommy - nice 2 me (Vocals UVR_MDXNET_KARA_2).mp3,NOMAD-0500 - piri & tommy - nice 2 me.mp3
NOMAD-0501,reuse,ok,206.66,206.66,,Tony Bennett & k.d.lang - What A Wonderful World (Vocals UVR_MDXNET_KARA_2).mp3,NOMAD-0501 - Tony Bennett & k.d.lang - What A Wonderful World.mp3
NOMAD-0502,reuse,ok,366.93,366.93,,Ying Yang Twins - Georgia Dome (Vocals UVR_MDXNET_KARA_2).mp3,NOMAD-0502 - Ying Yang Twins - Georgia Dome.mp3
NOMAD-0503,reuse,ok,235.25,235.25,,"Daniel O'Donnell - Medley_ Galway Bay, The Mountains Of Mourne, I'll Take You Home Again Kathleen (Vocals UVR-MDX-NET-Inst_HQ_3).flac","NOMAD-0503 - Daniel O'Donnell - Medley_ Galway Bay, The Mountains Of Mourne, I'll Take You Home Again Kathleen.flac"
NOMAD-0504,reuse,ok,146.33,146.33,,The Beatles - In My Life (Vocals UVR_MDXNET_KARA_2.onnx).mp3,NOMAD-0504 - The Beatles - In My Life.mp3
NOMAD-0505,reuse,ok,183.38,183.38,,Truck Stop - Komm her du bist mein Cowboy (Vocals UVR-MDX-NET-Inst_HQ_3.onnx).mp3,NOMAD-0505 - Truck Stop - Komm her du bist mein Cowboy.mp3
NOMAD-0506,reuse,ok,240.46,240.46,,Linda Feller - Du gabst ihr deinen Namen (Vocals UVR-MDX-NET-Inst_HQ_3.onnx).mp3,NOMAD-0506 - Linda Feller - Du gabst ihr deinen Namen.mp3
NOMAD-0507,reuse,ok,206.12,206.12,,Victoria OB - Yeshua (Vocals UVR_MDXNET_KARA_2.onnx).mp3,NOMAD-0507 - Victoria OB - Yeshua.mp3
NOMAD-0508,reuse,ok,283.03,283.03,,Matthew Morrison - Somewhere Over the Rainbow (Vocals UVR_MDXNET_KARA_2.onnx).mp3,NOMAD-0508 - Matthew Morrison - Somewhere Over the Rainbow.mp3
NOMAD-0509,reuse,ok,240.00,240.00,,fun. - Benson Hedges (Vocals UVR_MDXNET_KARA_2.onnx).mp3,NOMAD-0509 - fun. - Benson Hedges.mp3
NOMAD-0510,reuse,ok,202.89,202.89,,fun. - All the Pretty Girls (Vocals UVR_MDXNET_KARA_2.onnx).mp3,NOMAD-0510 - fun. - All the Pretty Girls.mp3
NOMAD-0511,reuse,ok,246.73,246.73,,fun. - At Least I'm Not as Sad (As I Used to Be) (Vocals UVR_MDXNET_KARA_2.onnx).mp3,NOMAD-0511 - fun. - At Least I'm Not as Sad (As I Used to Be).mp3
NOMAD-0512,reuse,ok,216.39,216.39,,fun. - I Wanna Be the One (Vocals UVR_MDXNET_KARA_2.onnx).mp3,NOMAD-0512 - fun. - I Wanna Be the One.mp3
NOMAD-0513,reuse,ok,219.92,219.92,,fun. - Walking the Dog (Vocals UVR_MDXNET_KARA_2.onnx).mp3,NOMAD-0513 - fun. - Walking the Dog.mp3
NOMAD-0514,reuse,ok,184.89,184.89,,fun. - Light a Roman Candle with Me (Vocals UVR_MDXNET_KARA_2.onnx).mp3,NOMAD-0514 - fun. - Light a Roman Candle with Me.mp3
NOMAD-0515,reuse,ok,257.36,257.36,,fun. - Barlights (Vocals UVR_MDXNET_KARA_2.onnx).mp3,NOMAD-0515 - fun. - Barlights.mp3
NOMAD-0516,reuse,ok,471.27,471.27,,fun. - Take Your Time (Coming Home) (Vocals UVR_MDXNET_KARA_2.onnx).mp3,NOMAD-0516 - fun. - Take Your Time (Coming Home).mp3
NOMAD-0517,reuse,ok,230.23,230.23,,Tom Astor - Sturm Und Drang (Vocals UVR_MDXNET_KARA_2.onnx).mp3,NOMAD-0517 - Tom Astor - Sturm Und Drang.mp3
NOMAD-0518,reuse,ok,133.56,133.56,,Titellied der gleichnamigen Fernsehserie 1962 - Bonanza (Vocals UVR_MDXNET_KARA_2.onnx).mp3,NOMAD-0518 - Titellied der gleichnamigen Fernsehserie 1962 - Bonanza.mp3
NOMAD-0519,reuse,ok,202.14,202.14,,Linda Feller - Billy Bob's Texas (Vocals UVR_MDXNET_KARA_2.onnx).mp3,NOMAD-0519 - Linda Feller - Billy Bob's Texas.mp3
NOMAD-0520,reuse,ok,233.00,233.00,,ABBA - Dancing Queen (Vocals MDX23C-8KFFT-InstVoc_HQ_2).flac,NOMAD-0520 - ABBA - Dancing Queen.flac
NOMAD-0521,reuse,ok,260.42,260.42,,Ken Ashcorp - Touch Fluffy Tail (Vocals MDX23C-8KFFT-InstVoc_HQ_2.ckpt).mp3,NOMAD-0521 - Ken Ashcorp - Touch Fluffy Tail.mp3
NOMAD-0522,reuse,ok,191.68,191.68,,Mavi Phoenix - Pretty Life (Whsprs Cover) (Vocals MDX23C-8KFFT-InstVoc_HQ_2.ckpt).mp3,NOMAD-0522 - Mavi Phoenix - Pretty Life (Whsprs Cover).mp3
NOMAD-0523,reuse,ok,170.96,170.96,,Jimi Hendrix - Remember (Vocals MDX23C-8KFFT-InstVoc_HQ_2.ckpt).mp3,NOMAD-0523 - Jimi Hendrix - Remember.mp3
NOMAD-0524,reuse,ok,199.40,199.40,,Smash Mouth - All Star (Vocals MDX23C-8KFFT-InstVoc_HQ_2.ckpt).mp3,NOMAD-0524 - Smash Mouth - All Star.mp3
NOMAD-0525,reuse,ok,199.40,199.40,,Smash Mouth - All Star (with Shrek) (Vocals MDX23C-8KFFT-InstVoc_HQ_2.ckpt).mp3,NOMAD-0525 - Smash Mouth - All Star (with Shrek).mp3
NOMAD-0526,reuse,ok,218.98,218.98,,The Silent Comedy - Enemies Multiply (Vocals MDX23C-8KFFT-InstVoc_HQ_2.ckpt).mp3,NOMAD-0526 - The Silent Comedy - Enemies Multiply.mp3
NOMAD-0527,reuse,ok,186.00,186.00,,ABBA - Ring Ring (Vocals MDX23C-8KFFT-InstVoc_HQ_2.ckpt).mp3,NOMAD-0527 - ABBA - Ring Ring.mp3
NOMAD-0528,reuse,ok,193.60,193.60,,"ABBA - Another Town, Another Train (Vocals MDX23C-8KFFT-InstVoc_HQ_2.ckpt).mp3","NOMAD-0528 - ABBA - Another Town, Another Train.mp3"
NOMAD-0529,reuse,ok,186.09,186.09,,ABBA - Disillusion (Vocals MDX23C-8KFFT-InstVoc_HQ_2.ckpt).mp3,NOMAD-0529 - ABBA - Disillusion.mp3
NOMAD-0530,reuse,ok,165.64,165.64,,ABBA - People Need Love (Vocals MDX23C-8KFFT-InstVoc_HQ_2.ckpt).mp3,NOMAD-0530 - ABBA - People Need Love.mp3
NOMAD-0531,reuse,ok,212.11,212.11,,"Frank Sinatra - New York, New York (Vocals MDX23C-8KFFT-InstVoc_HQ_2.ckpt).mp3","NOMAD-0531 - Frank Sinatra - New York, New York.mp3"
NOMAD-0533,reuse,ok,155.83,155.83,,ABBA - I Saw It In The Mirror (Vocals MDX23C-8KFFT-InstVoc_HQ_2.ckpt).mp3,NOMAD-0533 - ABBA - I Saw It In The Mirror.mp3
NOMAD-0534,reuse,ok,173.53,173.53,,"ABBA - Nina, Pretty Ballerina (Vocals MDX23C-8KFFT-InstVoc_HQ_2.ckpt).mp3","NOMAD-0534 - ABBA - Nina, Pretty Ballerina.mp3"
NOMAD-0535,reuse,ok,176.13,176.13,,ABBA - Love Isn’t Easy (But It Sure Is Hard Enough) (Vocals MDX23C-8KFFT-InstVoc_HQ_2.ckpt).mp3,NOMAD-0535 - ABBA - Love Isn’t Easy (But It Sure Is Hard Enough).mp3
NOMAD-0536,reuse,ok,172.71,172.71,,ABBA - Me And Bobby And Bobby’s Brother (Vocals MDX23C-8KFFT-InstVoc_HQ_2.ckpt).mp3,NOMAD-0536 - ABBA - Me And Bobby And Bobby’s Brother.mp3
NOMAD-0537,reuse,ok,199.47,199.47,,ABBA - He Is Your Brother (Vocals MDX23C-8KFFT-InstVoc_HQ_2.ckpt).mp3,NOMAD-0537 - ABBA - He Is Your Brother.mp3
NOMAD-0538,reuse,ok,166.20,166.20,,ABBA - She’s My Kind Of Girl (Vocals MDX23C-8KFFT-InstVoc_HQ_2.ckpt).mp3,NOMAD-0538 - ABBA - She’s My Kind Of Girl.mp3
NOMAD-0539,reuse,ok,183.53,183.53,,ABBA - I Am Just A Girl (Vocals MDX23C-8KFFT-InstVoc_HQ_2.ckpt).mp3,NOMAD-0539 - ABBA - I Am Just A Girl.mp3
NOMAD-0540,reuse,ok,194.67,194.67,,ABBA - Rock ’N Roll Band (Vocals MDX23C-8KFFT-InstVoc_HQ_2.ckpt).mp3,NOMAD-0540 - ABBA - Rock ’N Roll Band.mp3
NOMAD-0541,reuse,ok,188.73,188.73,,ABBA - Ring Ring (Bara Du Slog En Signal) (Swedish Version) (Vocals MDX23C-8KFFT-InstVoc_HQ_2.ckpt).mp3,NOMAD-0541 - ABBA - Ring Ring (Bara Du Slog En Signal) (Swedish Version).mp3
NOMAD-0542,reuse,ok,153.40,153.40,,"ABBA - Åh, Vilka Tider (Vocals MDX23C-8KFFT-InstVoc_HQ_2.ckpt).mp3","NOMAD-0542 - ABBA - Åh, Vilka Tider.mp3"
NOMAD-0543,reuse,ok,206.29,206.29,,ABBA - Merry‐Go‐Round (Vocals MDX23C-8KFFT-InstVoc_HQ_2.ckpt).mp3,NOMAD-0543 - ABBA - Merry‐Go‐Round.mp3
NOMAD-0544,reuse,ok,181.84,181.84,,ABBA - Santa Rosa (Vocals MDX23C-8KFFT-InstVoc_HQ_2.ckpt).mp3,NOMAD-0544 - ABBA - Santa Rosa.mp3
NOMAD-0545,reuse,ok,181.87,181.87,,ABBA - Ring Ring (Spanish Version) (Vocals MDX23C-8KFFT-InstVoc_HQ_2.ckpt).mp3,NOMAD-0545 - ABBA - Ring Ring (Spanish Version).mp3
NOMAD-0546,reuse,ok,201.27,201.27,,ABBA - Wer Im Wartesaal Der Liebe Steht (Vocals MDX23C-8KFFT-InstVoc_HQ_2.ckpt).mp3,NOMAD-0546 - ABBA - Wer Im Wartesaal Der Liebe Steht.mp3
NOMAD-0547,reuse,ok,189.00,189.00,,ABBA - Ring Ring (German Version) (Vocals MDX23C-8KFFT-InstVoc_HQ_2.ckpt).mp3,NOMAD-0547 - ABBA - Ring Ring (German Version).mp3
NOMAD-0548,reuse,ok,217.12,217.12,,Fleet Foxes - Montezuma (Vocals MDX23C-8KFFT-InstVoc_HQ_2.ckpt).mp3,NOMAD-0548 - Fleet Foxes - Montezuma.mp3
NOMAD-0549,reuse,ok,192.07,192.07,,"Harald Juhnke - Berlin, Berlin (Vocals MDX23C-8KFFT-InstVoc_HQ_2.ckpt).mp3","NOMAD-0549 - Harald Juhnke - Berlin, Berlin.mp3"
NOMAD-0550,reuse,ok,226.48,226.48,,Shoshana Bean - Strange Thunder (Vocals MDX23C-8KFFT-InstVoc_HQ_2.ckpt).mp3,NOMAD-0550 - Shoshana Bean - Strange Thunder.mp3
NOMAD-0551,reuse,ok,292.57,292.57,,Michael Callen - Crazy World (Vocals MDX23C-8KFFT-InstVoc_HQ_2.ckpt).mp3,NOMAD-0551 - Michael Callen - Crazy World.mp3
NOMAD-0552,reuse,ok,248.29,248.29,,Michael Callen - Wish I Had A Dime (Vocals MDX23C-8KFFT-InstVoc_HQ_2.ckpt).mp3,NOMAD-0552 - Michael Callen - Wish I Had A Dime.mp3
NOMAD-0553,reuse,ok,150.24,150.24,,The Blasters - One Bad Stud (Vocals MDX23C-8KFFT-InstVoc_HQ_2.ckpt).mp3,NOMAD-0553 - The Blasters - One Bad Stud.mp3
NOMAD-0554,reuse,ok,415.40,415.40,,Michael Callen - The Healing Power Of Love (Vocals MDX23C-8KFFT-InstVoc_HQ_2.ckpt).mp3,NOMAD-0554 - Michael Callen - The Healing Power Of Love.mp3
NOMAD-0555,reuse,ok,515.67,515.67,,Meat Loaf - Braver Than We Are (Vocals MDX23C-8KFFT-InstVoc_HQ_2.ckpt).mp3,NOMAD-0555 - Meat Loaf - Braver Than We Are.mp3
NOMAD-0556,reuse,ok,192.07,192.07,,"Harald Juhnke - Berlin, Berlin (Vocals MDX23C-8KFFT-InstVoc_HQ_2.ckpt).mp3","NOMAD-0556 - Harald Juhnke - Berlin, Berlin (Lisa, Milan).mp3"
NOMAD-0557,reuse,ok,208.33,208.33,,Friday - The Ballad Of Skinny Linguine (Vocals MDX23C-8KFFT-InstVoc_HQ_2.ckpt).mp3,NOMAD-0557 - Friday - The Ballad Of Skinny Linguine.mp3
NOMAD-0558,reuse,ok,245.92,245.92,,Emery - The Ponytail Parades (Vocals MDX23C-8KFFT-InstVoc_HQ_2.ckpt).mp3,NOMAD-0558 - Emery - The Ponytail Parades.mp3
NOMAD-0559,reuse,ok,293.40,293.40,,Black Sabbath - Buried Alive (Vocals MDX23C-8KFFT-InstVoc_HQ_2.ckpt).mp3,NOMAD-0559 - Black Sabbath - Buried Alive.mp3
NOMAD-0560,reuse,ok,163.14,163.14,,Aloha from space - Storm Troopin' (Vocals MDX23C-8KFFT-InstVoc_HQ_2.ckpt).mp3,NOMAD-0560 - Aloha from space - Storm Troopin'.mp3
NOMAD-0561,fresh,ok,185.00,185.00,,NOMAD-0561 - NerdOut - Bounty.wav,NOMAD-0561 - NerdOut - Bounty.flac
NOMAD-0562,reuse,ok,158.78,158.78,,Charles Strouse and Lee Adams - Han's Your Man (Vocals MDX23C-8KFFT-InstVoc_HQ_2.ckpt).mp3,NOMAD-0562 - Charles Strouse and Lee Adams - Han's Your Man.mp3
NOMAD-0563,reuse,ok,207.33,207.33,,"Juliane Werding - Man muß Das Leben Eben Nehmen, Wie Das Leben Eben Ist (Vocals MDX23C-8KFFT-InstVoc_HQ_2.ckpt).mp3","NOMAD-0563 - Juliane Werding - Man muß Das Leben Eben Nehmen, Wie Das Leben Eben Ist.mp3"
NOMAD-0564,reuse,ok,216.02,216.02,,Aurelio Voltaire - Butterfly (Vocals MDX23C-8KFFT-InstVoc_HQ_2.ckpt).mp3,NOMAD-0564 - Aurelio Voltaire - Butterfly.mp3
NOMAD-0565,reuse,ok,257.85,257.85,,Blind Guardian - Violent Shadows (Vocals MDX23C-8KFFT-InstVoc_HQ_2.ckpt).mp3,NOMAD-0565 - Blind Guardian - Violent Shadows.mp3
NOMAD-0566,reuse,ok,161.15,161.15,,Jonny Hill & Linda Feller - Zusammenstehn (Duet) (Vocals MDX23C-8KFFT-InstVoc_HQ_2.ckpt).mp3,NOMAD-0566 - Jonny Hill & Linda Feller - Zusammenstehn (Duet).mp3
NOMAD-0567,reuse,ok,198.15,198.15,,Tori Amos - Big Wheel (Vocals MDX23C-8KFFT-InstVoc_HQ_2.ckpt).mp3,NOMAD-0567 - Tori Amos - Big Wheel.mp3
NOMAD-0568,reuse,ok,243.57,243.57,,Chairlift - Bruises (Vocals MDX23C-8KFFT-InstVoc_HQ_2.ckpt).mp3,NOMAD-0568 - Chairlift - Bruises.mp3
NOMAD-0569,reuse,ok,185.68,185.68,,Jonny Hill & Linda Feller - London (Vocals MDX23C-8KFFT-InstVoc_HQ_2.ckpt).mp3,NOMAD-0569 - Jonny Hill & Linda Feller - London.mp3
NOMAD-0570,reuse,ok,155.93,155.93,,Life Languages - The Mover Song (Vocals MDX23C-8KFFT-InstVoc_HQ_2.ckpt).mp3,NOMAD-0570 - Life Languages - The Mover Song.mp3
NOMAD-0571,reuse,ok,142.59,142.59,,Life Languages - The Responder Song (Vocals MDX23C-8KFFT-InstVoc_HQ_2.ckpt).mp3,NOMAD-0571 - Life Languages - The Responder Song.mp3
NOMAD-0572,reuse,ok,160.04,160.04,,Life Languages - The Contemplator Song (Vocals MDX23C-8KFFT-InstVoc_HQ_2.ckpt).mp3,NOMAD-0572 - Life Languages - The Contemplator Song.mp3
NOMAD-0573,reuse,ok,145.79,145.79,,Life Languages - The Doer Song (Vocals MDX23C-8KFFT-InstVoc_HQ_2.ckpt).mp3,NOMAD-0573 - Life Languages - The Doer Song.mp3
NOMAD-0574,reuse,ok,119.25,119.25,,Life Languages - The Shaper Song (Vocals MDX23C-8KFFT-InstVoc_HQ_2.ckpt).mp3,NOMAD-0574 - Life Languages - The Shaper Song.mp3
NOMAD-0575,reuse,ok,226.18,226.18,,Life Languages - The Influencer Song (Vocals MDX23C-8KFFT-InstVoc_HQ_2.ckpt).mp3,NOMAD-0575 - Life Languages - The Influencer Song.mp3
NOMAD-0576,reuse,ok,147.88,147.88,,Life Languages - The Producer Song (Vocals MDX23C-8KFFT-InstVoc_HQ_2.ckpt).mp3,NOMAD-0576 - Life Languages - The Producer Song.mp3
NOMAD-0577,reuse,ok,298.27,298.27,,The Amazing Devil - That Unwanted Animal (Vocals MDX23C-8KFFT-InstVoc_HQ_2.ckpt).mp3,NOMAD-0577 - The Amazing Devil - That Unwanted Animal.mp3
NOMAD-0578,reuse,ok,164.27,164.27,,Bobby Capo - Locamente Enamorado (Vocals MDX23C-8KFFT-InstVoc_HQ_2.ckpt).mp3,NOMAD-0578 - Bobby Capo - Locamente Enamorado.mp3
NOMAD-0579,reuse,ok,173.51,173.51,,Dagmar - Lass mich damit bloß in Ruhe (Vocals MDX23C-8KFFT-InstVoc_HQ_2.ckpt).mp3,NOMAD-0579 - Dagmar - Lass mich damit bloß in Ruhe.mp3
NOMAD-0580,reuse,ok,419.03,419.03,,Los Campesinos! - You! Me! Dancing! (Daytrotter Session) (Vocals MDX23C-8KFFT-InstVoc_HQ_2.ckpt).mp3,NOMAD-0580 - Los Campesinos! - You! Me! Dancing! (Daytrotter Session).mp3
NOMAD-0581,reuse,ok,243.00,243.00,,Joe P - Leaves (Vocals MDX23C-8KFFT-InstVoc_HQ_2.ckpt).mp3,NOMAD-0581 - Joe P - Leaves.mp3
NOMAD-0582,reuse,ok,165.67,165.67,,ABBA - Waterloo (Vocals MDX23C-8KFFT-InstVoc_HQ_2.ckpt).mp3,NOMAD-0582 - ABBA - Waterloo.mp3
NOMAD-0583,reuse,ok,219.76,219.76,,ABBA - Sitting In The Palmtree (Vocals MDX23C-8KFFT-InstVoc_HQ_2.ckpt).mp3,NOMAD-0583 - ABBA - Sitting In The Palmtree.mp3
NOMAD-0584,reuse,ok,194.17,194.17,,ABBA - King Kong Song (Vocals MDX23C-8KFFT-InstVoc_HQ_2.ckpt).mp3,NOMAD-0584 - ABBA - King Kong Song.mp3
NOMAD-0585,reuse,ok,191.47,191.47,,ABBA - Hasta Mañana (Vocals MDX23C-8KFFT-InstVoc_HQ_2.ckpt).mp3,NOMAD-0585 - ABBA - Hasta Mañana.mp3
NOMAD-0586,reuse,ok,193.89,193.89,,ABBA - My Mama Said (Vocals MDX23C-8KFFT-InstVoc_HQ_2.ckpt).mp3,NOMAD-0586 - ABBA - My Mama Said.mp3
NOMAD-0587,reuse,ok,193.47,193.47,,ABBA - Dance (While The Music Still Goes On) (Vocals MDX23C-8KFFT-InstVoc_HQ_2.ckpt).mp3,NOMAD-0587 - ABBA - Dance (While The Music Still Goes On).mp3
NOMAD-0588,reuse,ok,176.27,176.27,,"ABBA - Honey, Honey (Vocals MDX23C-8KFFT-InstVoc_HQ_2.ckpt).mp3","NOMAD-0588 - ABBA - Honey, Honey.mp3"
NOMAD-0589,reuse,ok,192.59,192.59,,Thomas Borchert - I Know Those Eyes _ This Man Is Dead (Duet) (Vocals model_mel_band_roformer_ep_3005_sdr_11.4360.ckpt).mp3,NOMAD-0589 - Thomas Borchert - I Know Those Eyes _ This Man Is Dead (Duet).mp3
NOMAD-0590,fresh,ok,192.60,192.59,,NOMAD-0590 - Thomas Borchert - I Know Those Eyes _ This Man Is Dead (Duet With Female Vocals).m4a,NOMAD-0590 - Thomas Borchert - I Know Those Eyes _ This Man Is Dead (Duet With Female Vocals).flac
NOMAD-0591,reuse,ok,267.65,267.65,,SHE WANTS REVENGE - Rachael (Vocals model_mel_band_roformer_ep_3005_sdr_11.4360.ckpt).mp3,NOMAD-0591 - SHE WANTS REVENGE - Rachael.mp3
NOMAD-0592,reuse,ok,313.09,313.09,,Matt Redmond - Unbroken Praise (Vocals model_mel_band_roformer_ep_3005_sdr_11.4360.ckpt).mp3,NOMAD-0592 - Matt Redmond - Unbroken Praise.mp3
NOMAD-0593,reuse,ok,189.65,189.65,,Ian McConnell - Level 429 (Vocals model_mel_band_roformer_ep_3005_sdr_11.4360.ckpt).mp3,NOMAD-0593 - Ian McConnell - Level 429.mp3
NOMAD-0594,reuse,ok,228.93,228.93,,ABBA - Watch Out (Vocals model_mel_band_roformer_ep_3005_sdr_11).flac,NOMAD-0594 - ABBA - Watch Out.flac
NOMAD-0595,reuse,ok,176.97,176.97,,ABBA - What About Livingstone (Vocals model_mel_band_roformer_ep_3005_sdr_11).flac,NOMAD-0595 - ABBA - What About Livingstone.flac
NOMAD-0596,reuse,ok,348.77,348.77,,Ten Years After - Outside My Window (Vocals model_mel_band_roformer_ep_3005_sdr_11.4360.ckpt).mp3,NOMAD-0596 - Ten Years After - Outside My Window.mp3
NOMAD-0597,reuse,ok,219.33,219.33,,ABBA - Gonna Sing You My Lovesong (Vocals model_mel_band_roformer_ep_3005_sdr_11).flac,NOMAD-0597 - ABBA - Gonna Sing You My Lovesong.flac
NOMAD-0598,reuse,ok,196.23,196.23,,ABBA - Suzy-Hang-Around (Vocals model_mel_band_roformer_ep_3005_sdr_11).flac,NOMAD-0598 - ABBA - Suzy-Hang-Around.flac
NOMAD-0599,reuse,ok,165.93,165.93,,ABBA - Waterloo (Swedish Version) (Vocals model_mel_band_roformer_ep_3005_sdr_11).flac,NOMAD-0599 - ABBA - Waterloo (Swedish Version).flac
NOMAD-0600,reuse,ok,179.87,179.87,,"ABBA - Honey, Honey (Swedish Version) (Vocals model_mel_band_roformer_ep_3005_sdr_11).flac","NOMAD-0600 - ABBA - Honey, Honey (Swedish Version).flac"
NOMAD-0601,reuse,ok,164.93,164.93,,ABBA - Waterloo (German Version) (Vocals model_mel_band_roformer_ep_3005_sdr_11).flac,NOMAD-0601 - ABBA - Waterloo (German Version).flac
NOMAD-0602,reuse,ok,189.83,189.83,,ABBA - Hasta Mañana (Spanish Version) (Vocals model_mel_band_roformer_ep_3005_sdr_11).flac,NOMAD-0602 - ABBA - Hasta Mañana (Spanish Version).flac
NOMAD-0603,reuse,ok,162.73,162.73,,ABBA - Waterloo (French Version) (Vocals model_mel_band_roformer_ep_3005_sdr_11).flac,NOMAD-0603 - ABBA - Waterloo (French Version).flac
NOMAD-0604,reuse,ok,212.87,212.87,,ABBA - Mamma Mia (Vocals model_mel_band_roformer_ep_3005_sdr_11).flac,NOMAD-0604 - ABBA - Mamma Mia.flac
NOMAD-0605,reuse,ok,197.53,197.53,,"ABBA - Hey, Hey Helen (Vocals model_mel_band_roformer_ep_3005_sdr_11).flac","NOMAD-0605 - ABBA - Hey, Hey Helen.flac"
NOMAD-0606,reuse,ok,186.09,186.09,,ABBA - Tropical Loveland (Vocals model_mel_band_roformer_ep_3005_sdr_11).flac,NOMAD-0606 - ABBA - Tropical Loveland.flac
NOMAD-0607,reuse,ok,203.27,203.27,,ABBA - S.O.S. (Vocals model_mel_band_roformer_ep_3005_sdr_11).flac,NOMAD-0607 - ABBA - S.O.S.flac
NOMAD-0608,reuse,ok,183.51,183.51,,ABBA - Man In The Middle (Vocals model_mel_band_roformer_ep_3005_sdr_11).flac,NOMAD-0608 - ABBA - Man In The Middle.flac
NOMAD-0609,reuse,ok,184.76,184.76,,ABBA - Bang-A-Boomerang (Vocals model_mel_band_roformer_ep_3005_sdr_11).flac,NOMAD-0609 - ABBA - Bang-A-Boomerang.flac
NOMAD-0610,reuse,ok,197.27,197.27,,"ABBA - I Do, I Do, I Do, I Do, I Do (Vocals model_mel_band_roformer_ep_3005_sdr_11).flac","NOMAD-0610 - ABBA - I Do, I Do, I Do, I Do, I Do.flac"
NOMAD-0611,reuse,ok,186.37,186.37,,ABBA - Rock Me (Vocals model_mel_band_roformer_ep_3005_sdr_11).flac,NOMAD-0611 - ABBA - Rock Me.flac
NOMAD-0612,reuse,ok,221.53,221.53,,ABBA - I’ve Been Waiting For You (Vocals model_mel_band_roformer_ep_3005_sdr_11).flac,NOMAD-0612 - ABBA - I’ve Been Waiting For You.flac
NOMAD-0613,reuse,ok,190.80,190.80,,ABBA - So Long (Vocals model_mel_band_roformer_ep_3005_sdr_11).flac,NOMAD-0613 - ABBA - So Long.flac
NOMAD-0614,reuse,ok,226.47,226.47,,ABBA - Crazy World (Vocals model_mel_band_roformer_ep_3005_sdr_11).flac,NOMAD-0614 - ABBA - Crazy World.flac
NOMAD-0615,reuse,ok,261.43,261.43,,ABBA - Medley (1978 Mix) (Vocals MDX23C-8KFFT-InstVoc_HQ_2.ckpt).mp3,NOMAD-0615 - ABBA - Medley (1978 Mix).mp3
NOMAD-0616,reuse,ok,214.44,214.44,,ABBA - Mamma Mia (Spanish Version) (Vocals MDX23C-8KFFT-InstVoc_HQ_2.ckpt).mp3,NOMAD-0616 - ABBA - Mamma Mia (Spanish Version).mp3
NOMAD-0617,reuse,ok,331.32,331.32,,Marina and The Diamonds - Froot (Vocals model_mel_band_roformer_ep_3005_sdr_11.4360.ckpt).mp3,NOMAD-0617 - Marina and The Diamonds - Froot.mp3
NOMAD-0618,reuse,ok,217.34,217.34,,Maxton Waller - On My Way (Marching Band) (Vocals model_mel_band_roformer_ep_3005_sdr_11.4360.ckpt).mp3,NOMAD-0618 - Maxton Waller - On My Way (Marching Band).mp3
NOMAD-0619,reuse,ok,166.00,166.00,,100 gecs - mememe (Vocals model_mel_band_roformer_ep_3005_sdr_11.4360.ckpt).mp3,NOMAD-0619 - 100 gecs - mememe.mp3
NOMAD-0620,reuse,ok,233.05,233.05,,Stuck Out Here - Embarrass You (Vocals model_mel_band_roformer_ep_3005_sdr_11.4360.ckpt).mp3,NOMAD-0620 - Stuck Out Here - Embarrass You.mp3
NOMAD-0621,reuse,ok,196.22,196.22,,DCSane - Heart's Whiskey (Vocals model_mel_band_roformer_ep_3005_sdr_11.4360.ckpt).mp3,NOMAD-0621 - DCSane - Heart's Whiskey.mp3
NOMAD-0622,reuse,ok,229.18,229.18,,Release - Devil's Handshake (Vocals model_mel_band_roformer_ep_3005_sdr_11.4360.ckpt).mp3,NOMAD-0622 - Release - Devil's Handshake.mp3
NOMAD-0623,reuse,ok,188.96,188.96,,Kelly Clarkson - Since U Been Gone (Pitch -3_ E major) (Vocals model_mel_band_roformer_ep_3005_sdr_11.4360.ckpt).mp3,NOMAD-0623 - Kelly Clarkson - Since U Been Gone (Pitch -3_ E major).mp3
NOMAD-0624,reuse,ok,267.88,267.88,,Justin Townes Earle - Rogers Park (Vocals model_mel_band_roformer_ep_3005_sdr_11.4360.ckpt).mp3,NOMAD-0624 - Justin Townes Earle - Rogers Park.mp3
NOMAD-0625,reuse,ok,217.25,217.25,,Armin van Buuren ft. Teddy Swims - Easy To Love (Vocals model_mel_band_roformer_ep_3005_sdr_11.4360.ckpt).mp3,NOMAD-0625 - Armin van Buuren ft. Teddy Swims - Easy To Love.mp3
NOMAD-0626,reuse,ok,236.01,236.01,,Willie Nelson - One More Song to Write (Vocals model_mel_band_roformer_ep_3005_sdr_11.4360.ckpt).mp3,NOMAD-0626 - Willie Nelson - One More Song to Write.mp3
NOMAD-0627,reuse,ok,259.99,259.99,,Will Varley - Seize The Night (Vocals model_mel_band_roformer_ep_3005_sdr_11.4360.ckpt).mp3,NOMAD-0627 - Will Varley - Seize The Night.mp3
NOMAD-0628,reuse,ok,140.29,140.29,,"Passenger - However It Comes, Wherever It Goes (Vocals model_mel_band_roformer_ep_3005_sdr_11.4360.ckpt).mp3","NOMAD-0628 - Passenger - However It Comes, Wherever It Goes.mp3"
NOMAD-0629,reuse,ok,226.73,226.73,,Ricky Braddy - Anyone (Acoustic Cover of Demi Lovato) (Vocals model_mel_band_roformer_ep_3005_sdr_11.4360.ckpt).mp3,NOMAD-0629 - Ricky Braddy - Anyone (Acoustic Cover of Demi Lovato).mp3
NOMAD-0630,reuse,ok,160.09,160.09,,Bryan Adams - Help Me Make It Through The Night (Vocals model_mel_band_roformer_ep_3005_sdr_11.4360.ckpt).mp3,NOMAD-0630 - Bryan Adams - Help Me Make It Through The Night.mp3
NOMAD-0631,reuse,ok,249.99,249.99,,Ivan Rivers - Mid-Riff (Vocals model_mel_band_roformer_ep_3005_sdr_11.4360.ckpt).mp3,NOMAD-0631 - Ivan Rivers - Mid-Riff.mp3
NOMAD-0632,reuse,ok,198.59,198.59,,Kane Brown - American Bad Dream (Vocals model_mel_band_roformer_ep_3005_sdr_11.4360.ckpt).mp3,NOMAD-0632 - Kane Brown - American Bad Dream.mp3
NOMAD-0633,reuse,ok,285.99,285.99,,Mother Mother - Ghosting (Vocals model_mel_band_roformer_ep_3005_sdr_11.4360.ckpt).mp3,NOMAD-0633 - Mother Mother - Ghosting.mp3
NOMAD-0634,reuse,ok,248.88,248.88,,Charlie Terrell - Libby Anna (Vocals model_mel_band_roformer_ep_3005_sdr_11.4360.ckpt).mp3,NOMAD-0634 - Charlie Terrell - Libby Anna.mp3
NOMAD-0635,reuse,ok,228.97,228.97,,Taylor Swift - Fortnight (feat. Post Malone) (Vocals model_bs_roformer_ep_317_sdr_12.9755.yaml).mp3,NOMAD-0635 - Taylor Swift - Fortnight (feat. Post Malone).mp3
NOMAD-0636,reuse,ok,220.69,220.69,,The Gaslight Anthem - National Anthem (Vocals model_bs_roformer_ep_317_sdr_12.9755.yaml).mp3,NOMAD-0636 - The Gaslight Anthem - National Anthem.mp3
NOMAD-0637,reuse,ok,154.93,154.93,,The Lonely Island - Semicolon (feat. Solange) (Vocals model_bs_roformer_ep_317_sdr_12.9755.yaml).mp3,NOMAD-0637 - The Lonely Island - Semicolon (feat. Solange).mp3
NOMAD-0638,reuse,ok,200.10,200.10,,Lucky Daye - Algorithm (Vocals model_bs_roformer_ep_317_sdr_12.9755.yaml).mp3,NOMAD-0638 - Lucky Daye - Algorithm.mp3
NOMAD-0639,reuse,ok,406.84,406.84,,The Black Eyed Peas - They Don't Want Music (Vocals model_bs_roformer_ep_317_sdr_12.9755.yaml).mp3,NOMAD-0639 - The Black Eyed Peas - They Don't Want Music.mp3
NOMAD-0640,reuse,ok,237.33,237.33,,Tiger Really - Fundamentally Unlovable (Vocals model_bs_roformer_ep_317_sdr_12.9755.yaml).mp3,NOMAD-0640 - Tiger Really - Fundamentally Unlovable.mp3
NOMAD-0641,reuse,ok,157.07,157.07,,Da Ali G Show - Jarvis Cocker (Original Audio)_(Vocals)_MDX23C-8KFFT-InstVoc_HQ_2.flac,NOMAD-0641 - Da Ali G Show - Jarvis Cocker.flac
NOMAD-0642,reuse,ok,275.21,275.21,,Colin Hay - Send Somebody (Stripped Mix) (Vocals model_bs_roformer_ep_317_sdr_12.9755.yaml).mp3,NOMAD-0642 - Colin Hay - Send Somebody (Stripped Mix).mp3
NOMAD-0643,reuse,ok,239.26,239.26,,Ernie Taylor - I Ain't Leavin' Yet (Vocals model_bs_roformer_ep_317_sdr_12.9755.yaml).mp3,NOMAD-0643 - Ernie Taylor - I Ain't Leavin' Yet.mp3
NOMAD-0644,reuse,ok,225.00,225.00,,Smashing Pumpkins - Here Is No Why (Vocals model_bs_roformer_ep_317_sdr_12.9755.yaml).mp3,NOMAD-0644 - Smashing Pumpkins - Here Is No Why.mp3
NOMAD-0645,reuse,ok,251.09,251.09,,Drake - Virginia Beach (Vocals model_bs_roformer_ep_317_sdr_12.9755.yaml).mp3,NOMAD-0645 - Drake - Virginia Beach.mp3
NOMAD-0646,reuse,ok,275.06,275.06,,Maverick City Music - I Thank God (Vocals model_bs_roformer_ep_317_sdr_12.9755.yaml).mp3,NOMAD-0646 - Maverick City Music - I Thank God.mp3
NOMAD-0647,reuse,ok,360.31,360.31,,Ax and the Hatchetmen - Drive-in Movie (Vocals model_bs_roformer_ep_317_sdr_12.9755.yaml).mp3,NOMAD-0647 - Ax and the Hatchetmen - Drive-in Movie.mp3
NOMAD-0648,reuse,ok,179.67,179.67,,Faith No More - Das Schutzenfest (Vocals model_bs_roformer_ep_317_sdr_12.9755.yaml).mp3,NOMAD-0648 - Faith No More - Das Schutzenfest.mp3
NOMAD-0649,reuse,ok,280.27,280.27,,Miguel - Use Me (Vocals model_bs_roformer_ep_317_sdr_12.9755.yaml).mp3,NOMAD-0649 - Miguel - Use Me.mp3
NOMAD-0650,reuse,ok,248.30,248.30,,Ivan Rivers - Sad Around Me (Vocals model_bs_roformer_ep_317_sdr_12.9755.yaml).mp3,NOMAD-0650 - Ivan Rivers - Sad Around Me.mp3
NOMAD-0651,reuse,ok,298.61,298.61,,Young The Giant - Both Sides Now (Vocals model_bs_roformer_ep_317_sdr_12.9755.yaml).mp3,NOMAD-0651 - Young The Giant - Both Sides Now.mp3
NOMAD-0652,reuse,ok,223.40,223.40,,Jimmy Buffett - Bob Robert's Society Band (Vocals model_bs_roformer_ep_317_sdr_12.9755.yaml).mp3,NOMAD-0652 - Jimmy Buffett - Bob Robert's Society Band.mp3
NOMAD-0653,reuse,ok,197.54,197.54,,"buildspace, MAYV - the end (Vocals model_bs_roformer_ep_317_sdr_12.9755.yaml).mp3","NOMAD-0653 - buildspace, MAYV - the end.mp3"
NOMAD-0654,reuse,ok,223.64,223.64,,Frank Turner - A Wave Across A Bay (Vocals model_bs_roformer_ep_317_sdr_12.9755.yaml).mp3,NOMAD-0654 - Frank Turner - A Wave Across A Bay.mp3
NOMAD-0655,reuse,ok,280.63,280.63,,Angel Olsen - Eyes Without A Face (Vocals model_bs_roformer_ep_317_sdr_12.9755.yaml).mp3,NOMAD-0655 - Angel Olsen - Eyes Without A Face.mp3
NOMAD-0656,reuse,ok,165.56,165.56,,Deven May - The Sensitive Song (from Cops) (Vocals model_bs_roformer_ep_317_sdr_12.9755.yaml).mp3,NOMAD-0656 - Deven May - The Sensitive Song (from Cops).mp3
NOMAD-0657,reuse,ok,239.44,239.44,,The Mountain Goats - Night Light (Vocals model_bs_roformer_ep_317_sdr_12.9755.yaml).mp3,NOMAD-0657 - The Mountain Goats - Night Light.mp3
NOMAD-0658,reuse,ok,210.96,210.96,,Steppenwolf - Born To Be Wild (Vocals model_bs_roformer_ep_317_sdr_12.9755.yaml).mp3,NOMAD-0658 - Steppenwolf - Born To Be Wild.mp3
NOMAD-0659,reuse,ok,197.94,197.94,,Bobby Solo - O sole mio (Vocals model_bs_roformer_ep_317_sdr_12.9755.yaml).mp3,NOMAD-0659 - Bobby Solo - O sole mio.mp3
NOMAD-0660,reuse,ok,210.96,210.96,,HCA West - Driving Quality (Vocals model_bs_roformer_ep_317_sdr_12.9755.yaml).mp3,NOMAD-0660 - HCA West - Driving Quality.mp3
NOMAD-0661,reuse,ok,171.16,171.16,,Engelbert Humperdinck - Marry Me (Vocals model_bs_roformer_ep_317_sdr_12.9755.yaml).mp3,NOMAD-0661 - Engelbert Humperdinck - Marry Me.mp3
NOMAD-0662,reuse,ok,354.80,354.80,,Mark Knopfler - Are We in Trouble Now (Vocals model_bs_roformer_ep_317_sdr_12.9755.yaml).mp3,NOMAD-0662 - Mark Knopfler - Are We in Trouble Now.mp3
NOMAD-0663,reuse,ok,186.23,186.23,,Danny Pynes - One Night in Spain (Vocals model_bs_roformer_ep_317_sdr_12.9755.yaml).mp3,NOMAD-0663 - Danny Pynes - One Night in Spain.mp3
NOMAD-0664,reuse,ok,151.59,151.59,,The Butterfly Effect - I’m Not Okay (Vocals model_bs_roformer_ep_317_sdr_12.9755.yaml).mp3,NOMAD-0664 - The Butterfly Effect - I’m Not Okay.mp3
NOMAD-0665,reuse,ok,242.16,242.16,,The Sonic Bridges - Sweet Evelyn (Vocals model_bs_roformer_ep_317_sdr_12.9755.yaml).mp3,NOMAD-0665 - The Sonic Bridges - Sweet Evelyn.mp3
NOMAD-0666,fresh,ok,238.80,238.80,,NOMAD-0666 - Carrie and Jake - Wedding Medley.flac,NOMAD-0666 - Carrie and Jake - Wedding Medley.flac
NOMAD-0667,reuse,ok,304.72,304.72,,Gregory Porter - Insanity (feat. Lalah Hathaway) (Local)_(Vocals)_MDX23C-8KFFT-InstVoc_HQ_2.flac,NOMAD-0667 - Gregory Porter - Insanity (feat. Lalah Hathaway).flac
NOMAD-0668,reuse,ok,170.08,170.08,,"Linda Feller - Ich weiss genau, was ich will (Vocals UVR_MDXNET_KARA_2.onnx).mp3","NOMAD-0668 - Linda Feller - Ich weiss genau, was ich will.mp3"
NOMAD-0669,reuse,ok,237.41,237.41,,Mikey Chuck Rivers - She's Cryin' (I'm Drunk Again) (Youtube qPwIkTDf4A0)_(Vocals)_MDX23C-8KFFT-InstVoc_HQ_2.flac,NOMAD-0669 - Mikey Chuck Rivers - She's Cryin' (I'm Drunk Again).flac
NOMAD-0670,fresh,ok,304.72,304.72,,NOMAD-0670 - Gregory Porter - Insanity (feat. Lalah Hathaway) (Duet).flac,NOMAD-0670 - Gregory Porter - Insanity (feat. Lalah Hathaway) (Duet).flac
NOMAD-0671,reuse,ok,153.94,153.94,,Country Rose - Spaß Am Leben (Vocals model_bs_roformer_ep_317_sdr_12.9755.yaml).mp3,NOMAD-0671 - Country Rose - Spaß Am Leben.mp3
NOMAD-0672,reuse,ok,177.50,177.50,,Tom Astor - Du bist da (wenn's drum geht) (Vocals model_bs_roformer_ep_317_sdr_12.9755.yaml).mp3,NOMAD-0672 - Tom Astor - Du bist da (wenn's drum geht).mp3
NOMAD-0673,reuse,ok,175.44,175.44,,"Linda Feller - Wenn überhaupt, dann nur Country (Vocals model_bs_roformer_ep_317_sdr_12.9755.yaml).mp3","NOMAD-0673 - Linda Feller - Wenn überhaupt, dann nur Country.mp3"
NOMAD-0674,reuse,ok,295.57,295.57,,Alabama - The Fans (Vocals model_bs_roformer_ep_317_sdr_12.9755.yaml).mp3,NOMAD-0674 - Alabama - The Fans.mp3
NOMAD-0675,reuse,ok,250.12,250.12,,Ghost Brothers - What Kind Of Man Am I (Vocals model_bs_roformer_ep_317_sdr_12.9755.yaml).mp3,NOMAD-0675 - Ghost Brothers - What Kind Of Man Am I.mp3
NOMAD-0676,reuse,ok,188.16,188.16,,"The Stand - Baby, Can You Dig Your Man (Vocals model_bs_roformer_ep_317_sdr_12.9755.yaml).mp3","NOMAD-0676 - The Stand - Baby, Can You Dig Your Man.mp3"
NOMAD-0677,reuse,ok,219.00,219.00,,Nu Shooz - I Can't Wait (Vocals model_bs_roformer_ep_317_sdr_12.9755.yaml).mp3,NOMAD-0677 - Nu Shooz - I Can't Wait.mp3
NOMAD-0678,reuse,ok,283.43,283.43,,Freddie Jackson - All I'll Ever Ask (feat. Najee) (Vocals model_bs_roformer_ep_317_sdr_12.9755.yaml).mp3,NOMAD-0678 - Freddie Jackson - All I'll Ever Ask (feat. Najee).mp3
NOMAD-0679,reuse,ok,228.15,228.15,,Linda Feller - Du bist das Salz in meiner Suppe (Vocals model_bs_roformer_ep_317_sdr_12.9755.yaml).mp3,NOMAD-0679 - Linda Feller - Du bist das Salz in meiner Suppe.mp3
NOMAD-0680,reuse,ok,181.08,181.08,,"Claudia Jung, Tom Astor - Wer Liebe Sucht (Vocals model_bs_roformer_ep_317_sdr_12.9755.yaml).mp3","NOMAD-0680 - Claudia Jung, Tom Astor - Wer Liebe Sucht.mp3"
NOMAD-0681,reuse,ok,225.89,225.89,,The Smashing Pumpkins - Tales of a Scorched Earth (Vocals model_bs_roformer_ep_317_sdr_12.9755.yaml).mp3,NOMAD-0681 - The Smashing Pumpkins - Tales of a Scorched Earth.mp3
NOMAD-0682,reuse,ok,458.20,458.20,,The Smashing Pumpkins - Thru the Eyes of Ruby (Vocals model_bs_roformer_ep_317_sdr_12.9755.yaml).mp3,NOMAD-0682 - The Smashing Pumpkins - Thru the Eyes of Ruby.mp3
NOMAD-0683,reuse,ok,216.76,216.76,,Tom Astor - Geistertruck (Vocals model_bs_roformer_ep_317_sdr_12.9755.yaml).mp3,NOMAD-0683 - Tom Astor - Geistertruck.mp3
NOMAD-0684,reuse,ok,162.70,162.70,,Charlie McCoy - Cherry Berry Wine (Vocals model_bs_roformer_ep_317_sdr_12.9755.yaml).mp3,NOMAD-0684 - Charlie McCoy - Cherry Berry Wine.mp3
NOMAD-0685,reuse,ok,251.36,251.36,,Jon Foreman - White As Snow (Vocals model_bs_roformer_ep_317_sdr_12.9755.yaml).mp3,NOMAD-0685 - Jon Foreman - White As Snow.mp3
NOMAD-0686,reuse,ok,201.30,201.30,,"Jhariah - RISK, RISK, RISK! (Vocals model_bs_roformer_ep_317_sdr_12.9755.yaml).mp3","NOMAD-0686 - Jhariah - RISK, RISK, RISK!.mp3"
NOMAD-0687,reuse,ok,187.25,187.25,,FLETCHER - Sting (Vocals model_bs_roformer_ep_317_sdr_12.9755.yaml).mp3,NOMAD-0687 - FLETCHER - Sting.mp3
NOMAD-0688,reuse,ok,173.93,173.93,,FLETCHER - Lead Me On (Vocals model_bs_roformer_ep_317_sdr_12.9755.yaml).mp3,NOMAD-0688 - FLETCHER - Lead Me On.mp3
NOMAD-0689,reuse,ok,166.09,166.09,,TV Girl - I Wonder Who She's Kissing Now (Vocals model_bs_roformer_ep_317_sdr_12.9755.yaml).mp3,NOMAD-0689 - TV Girl - I Wonder Who She's Kissing Now.mp3
NOMAD-0690,reuse,ok,264.93,264.93,,Charming Disaster - Blacksnake (Vocals model_bs_roformer_ep_317_sdr_12.9755.yaml)_(Vocals)_mel_band_roformer_karaoke_aufr33_viperx_sdr_10.flac,NOMAD-0690 - Charming Disaster - Blacksnake.flac
NOMAD-0691,reuse,ok,393.91,393.91,,Red Hot Chili Peppers - Deep Kick (Vocals model_bs_roformer_ep_317_sdr_12.9755.yaml).mp3,NOMAD-0691 - Red Hot Chili Peppers - Deep Kick.mp3
NOMAD-0692,reuse,ok,253.89,253.89,,Jeff Jeffers - Freedoms Price (Vocals model_bs_roformer_ep_317_sdr_12.9755.yaml).mp3,NOMAD-0692 - Jeff Jeffers - Freedoms Price.mp3
NOMAD-0693,reuse,ok,190.78,190.78,,Debbie Reynolds - Chrissy the Christmas Mouse (Vocals model_bs_roformer_ep_317_sdr_12.9755.yaml).mp3,NOMAD-0693 - Debbie Reynolds - Chrissy the Christmas Mouse.mp3
NOMAD-0694,reuse,ok,178.84,178.84,,LION BABE - Just Me (Vocals model_bs_roformer_ep_317_sdr_12.9755.yaml).mp3,NOMAD-0694 - LION BABE - Just Me.mp3
NOMAD-0695,reuse,ok,329.19,329.19,,Pranati Shah - Albela Sajan (Vocals model_bs_roformer_ep_317_sdr_12.9755.yaml).mp3,NOMAD-0695 - Pranati Shah - Albela Sajan.mp3
NOMAD-0696,reuse,ok,218.32,218.32,,Bear Ghost - Sirens (Vocals model_bs_roformer_ep_317_sdr_12.9755.yaml)_(Vocals)_mel_band_roformer_karaoke_aufr33_viperx_sdr_10.flac,NOMAD-0696 - Bear Ghost - Sirens.flac
NOMAD-0697,reuse,ok,166.75,166.75,,LABRYS - Bitch in a Band (Vocals model_bs_roformer_ep_317_sdr_12.9755.yaml).mp3,NOMAD-0697 - LABRYS - Bitch in a Band.mp3
NOMAD-0698,reuse,ok,227.56,227.56,,Luvcat - Matador (Vocals model_bs_roformer_ep_317_sdr_12.9755.yaml).mp3,NOMAD-0698 - Luvcat - Matador.mp3
NOMAD-0699,reuse,ok,232.99,232.99,,Luvcat - He's My Man (Vocals model_bs_roformer_ep_317_sdr_12.9755.yaml)_(Vocals)_mel_band_roformer_karaoke_aufr33_viperx_sdr_10.flac,NOMAD-0699 - Luvcat - He's My Man.flac
NOMAD-0700,reuse,ok,280.73,280.73,,Bruce Cockburn - Pacing The Cage (Vocals model_bs_roformer_ep_317_sdr_12.9755.yaml).mp3,NOMAD-0700 - Bruce Cockburn - Pacing The Cage.mp3
NOMAD-0701,reuse,ok,213.99,213.99,,Japanese Breakfast - Boyish (Vocals model_bs_roformer_ep_317_sdr_12.9755.yaml).mp3,NOMAD-0701 - Japanese Breakfast - Boyish.mp3
NOMAD-0702,reuse,ok,304.36,304.36,,The Manhattan Transfer - A World Apart (Vocals model_bs_roformer_ep_317_sdr_12.9755.yaml).mp3,NOMAD-0702 - The Manhattan Transfer - A World Apart.mp3
NOMAD-0703,reuse,ok,276.99,276.99,,Talking Heads - Making Flippy Floppy (Vocals model_bs_roformer_ep_317_sdr_12.9755.yaml).mp3,NOMAD-0703 - Talking Heads - Making Flippy Floppy.mp3
NOMAD-0704,reuse,ok,192.33,192.33,,A Perfect Circle - A Stranger (Vocals model_bs_roformer_ep_317_sdr_12.9755.yaml).mp3,NOMAD-0704 - A Perfect Circle - A Stranger.mp3
NOMAD-0705,reuse,ok,185.96,185.96,,Pom Pom Squad - Downhill (Vocals model_bs_roformer_ep_317_sdr_12.9755.yaml).mp3,NOMAD-0705 - Pom Pom Squad - Downhill.mp3
NOMAD-0706,reuse,ok,206.23,206.23,,Lucinda Williams - Sharp Cutting Wings (Song to a Poet) (Vocals model_bs_roformer_ep_317_sdr_12.9755.yaml).mp3,NOMAD-0706 - Lucinda Williams - Sharp Cutting Wings (Song to a Poet).mp3
NOMAD-0707,reuse,ok,257.36,257.36,,U2 - Some Days Are Better Than Others (Vocals model_bs_roformer_ep_317_sdr_12.9755.yaml).mp3,NOMAD-0707 - U2 - Some Days Are Better Than Others.mp3
NOMAD-0708,reuse,ok,290.48,290.48,,The Earons - Land Of Hunger (Vocals model_bs_roformer_ep_317_sdr_12.9755.yaml).mp3,NOMAD-0708 - The Earons - Land Of Hunger.mp3
NOMAD-0709,reuse,ok,195.40,195.40,,Johnny Cash - Sam Hall (Vocals model_bs_roformer_ep_317_sdr_12.9755.yaml).mp3,NOMAD-0709 - Johnny Cash - Sam Hall.mp3
NOMAD-0710,reuse,ok,169.52,169.52,,Thee Midniters - Sad Girl (Vocals model_bs_roformer_ep_317_sdr_12.9755.yaml).mp3,NOMAD-0710 - Thee Midniters - Sad Girl.mp3
NOMAD-0711,reuse,ok,229.01,229.01,,Silversun Pickups - Circadian Rhythm (Last Dance) (Vocals model_bs_roformer_ep_317_sdr_12.9755.yaml).mp3,NOMAD-0711 - Silversun Pickups - Circadian Rhythm (Last Dance).mp3
NOMAD-0712,reuse,ok,293.40,293.40,,Neil Diamond - Pretty Amazing Grace (Vocals model_bs_roformer_ep_317_sdr_12.9755.yaml).mp3,NOMAD-0712 - Neil Diamond - Pretty Amazing Grace.mp3
NOMAD-0713,reuse,ok,297.03,297.03,,Passenger - Survivors (Vocals model_bs_roformer_ep_317_sdr_12.9755.yaml).mp3,NOMAD-0713 - Passenger - Survivors.mp3
NOMAD-0714,reuse,ok,322.33,322.33,,Tom Waits - Don't Go Into the Barn (Vocals model_bs_roformer_ep_317_sdr_12.9755.yaml).mp3,NOMAD-0714 - Tom Waits - Don't Go Into the Barn.mp3
NOMAD-0715,reuse,ok,325.29,325.29,,Kate Bush - Get Out Of My House (Vocals model_bs_roformer_split_mel_karaoke 2).flac,NOMAD-0715 - Kate Bush - Get Out Of My House.flac
NOMAD-0716,reuse,ok,167.44,167.44,,venbee - rampage (Vocals model_bs_roformer_ep_317_sdr_12.9755.yaml).mp3,NOMAD-0716 - venbee - rampage.mp3
NOMAD-0717,reuse,ok,170.44,170.44,,venbee - messy in heaven (Vocals model_bs_roformer_ep_317_sdr_12.9755.yaml).mp3,NOMAD-0717 - venbee - messy in heaven.mp3
NOMAD-0718,reuse,ok,168.28,168.28,,Hybrid Minds - Favourite Song (Vocals model_bs_roformer_ep_317_sdr_12.9755.yaml).mp3,NOMAD-0718 - Hybrid Minds - Favourite Song.mp3
NOMAD-0719,reuse,ok,167.65,167.65,,Truck Stop - Dixie Lady (Vocals model_bs_roformer_ep_317_sdr_12.9755.yaml).mp3,NOMAD-0719 - Truck Stop - Dixie Lady.mp3
NOMAD-0720,reuse,ok,182.92,182.92,,venbee - low down (Vocals model_bs_roformer_ep_317_sdr_12.9755.yaml)_(Vocals)_UVR-BVE-4B_SN-44100-1_(Vocals)_UVR-BVE-4B_SN-44100-1.flac,NOMAD-0720 - venbee - low down.flac
NOMAD-0721,reuse,ok,170.52,170.52,,venbee - ME4 (council estate) (Vocals model_bs_roformer_ep_317_sdr_12.9755.yaml).mp3,NOMAD-0721 - venbee - ME4 (council estate).mp3
NOMAD-0722,reuse,ok,127.18,127.18,,venbee - gutter (Vocals model_bs_roformer_ep_317_sdr_12.9755.yaml).mp3,NOMAD-0722 - venbee - gutter.mp3
NOMAD-0723,reuse,ok,164.73,164.73,,venbee - die young (Vocals model_bs_roformer_ep_317_sdr_12.9755.yaml).mp3,NOMAD-0723 - venbee - die young.mp3
NOMAD-0724,reuse,ok,181.41,181.41,,venbee - If Love Could Have Saved You (Vocals model_bs_roformer_ep_317_sdr_12.9755.yaml).mp3,NOMAD-0724 - venbee - If Love Could Have Saved You.mp3
NOMAD-0725,reuse,ok,166.01,166.01,,venbee - mona lisa (Vocals model_bs_roformer_ep_317_sdr_12.9755.yaml).mp3,NOMAD-0725 - venbee - mona lisa.mp3
NOMAD-0726,reuse,ok,133.86,133.86,,venbee - POV (Vocals model_bs_roformer_ep_317_sdr_12.9755.yaml).mp3,NOMAD-0726 - venbee - POV.mp3
NOMAD-0727,reuse,ok,174.93,174.93,,venbee - ana (Vocals model_bs_roformer_ep_317_sdr_12.9755.yaml).mp3,NOMAD-0727 - venbee - ana.mp3
NOMAD-0728,reuse,ok,161.91,161.91,,Eduard Khil - Trololo (Vocals model_bs_roformer_ep_317_sdr_12.9755.yaml).mp3,NOMAD-0728 - Eduard Khil - Trololo.mp3
NOMAD-0729,reuse,ok,208.64,208.64,,Maxïmo Park - Books from Boxes (Local)_(Vocals)_mel_band_roformer_karaoke_aufr33_viperx_sdr_10.flac,NOMAD-0729 - Maxïmo Park - Books from Boxes.flac
NOMAD-0730,reuse,ok,231.30,231.30,,Mötley Crüe - Sticky Sweet (Vocals mel_band_roformer_karaoke_aufr33_viperx_sdr_10.1956.ckpt).mp3,NOMAD-0730 - Mötley Crüe - Sticky Sweet.mp3
NOMAD-0731,reuse,ok,271.46,271.46,,Mötley Crüe - Slice of Your Pie (Vocals mel_band_roformer_karaoke_aufr33_viperx_sdr_10.1956.ckpt).mp3,NOMAD-0731 - Mötley Crüe - Slice of Your Pie.mp3
NOMAD-0732,reuse,ok,175.44,175.44,,Arctic Monkeys - Mardy Bum (Vocals model_bs_roformer_ep_317_sdr_12.9755.yaml).mp3,NOMAD-0732 - Arctic Monkeys - Mardy Bum.mp3
NOMAD-0733,reuse,ok,230.61,230.61,,Tom Astor - Verrückt sein und sonst gar nichts (Vocals model_bs_roformer_ep_317_sdr_12.9755.yaml).mp3,NOMAD-0733 - Tom Astor - Verrückt sein und sonst gar nichts.mp3
NOMAD-0734,reuse,ok,213.42,213.42,,Truck Stop - Lisa (Vocals model_bs_roformer_ep_317_sdr_12.9755.yaml).mp3,NOMAD-0734 - Truck Stop - Lisa.mp3
NOMAD-0735,reuse,ok,264.11,264.11,,Ten Years After - Outside My Window (Vocals model_bs_roformer_ep_317_sdr_12.9755.yaml).mp3,NOMAD-0735 - Ten Years After - Outside My Window.mp3
NOMAD-0736,reuse,ok,200.28,200.28,,Soccer Mommy - Lost (Vocals model_bs_roformer_ep_317_sdr_12.9755.yaml).mp3,NOMAD-0736 - Soccer Mommy - Lost.mp3
NOMAD-0737,reuse,ok,207.91,207.91,,La Santa Cecilia - Un Mundo Raro (Inspirado en Coco) (Vocals model_bs_roformer_ep_317_sdr_12.9755.yaml).mp3,NOMAD-0737 - La Santa Cecilia - Un Mundo Raro (Inspirado en Coco).mp3
NOMAD-0738,reuse,ok,251.87,251.87,,Willie Nelson - It Always Will Be (Vocals model_bs_roformer_ep_317_sdr_12.9755.yaml).mp3,NOMAD-0738 - Willie Nelson - It Always Will Be.mp3
NOMAD-0739,reuse,ok,254.50,254.50,,P.E.P.E - Shadilay (Vocals model_bs_roformer_ep_317_sdr_12.9755.yaml).mp3,NOMAD-0739 - P.E.P.E - Shadilay.mp3
NOMAD-0740,reuse,ok,171.50,171.50,,Marc Scibilia - More To This (Vocals model_bs_roformer_ep_317_sdr_12.9755.yaml).mp3,NOMAD-0740 - Marc Scibilia - More To This.mp3
NOMAD-0741,reuse,ok,157.74,157.74,,Falling In Reverse - Bad Guy (Vocals model_bs_roformer_ep_317_sdr_12.9755.yaml)_(Vocals)_mel_band_roformer_karaoke_aufr33_viperx_sdr_10.flac,NOMAD-0741 - Falling In Reverse - Bad Guy.flac
NOMAD-0742,reuse,ok,125.05,125.05,,Dominic Fike - How Much Is Weed (Vocals model_bs_roformer_ep_317_sdr_12.9755.yaml)_(Vocals)_mel_band_roformer_karaoke_aufr33_viperx_sdr_10.flac,NOMAD-0742 - Dominic Fike - How Much Is Weed.flac
NOMAD-0743,reuse,ok,233.80,233.80,,Huey Lewis And The News - We're Not Here For A Long Time (We're Here For A Good Time) (Vocals model_bs_roformer_ep_317_sdr_12.9755.ckpt).flac,NOMAD-0743 - Huey Lewis And The News - We're Not Here For A Long Time (We're Here For A Good Time).flac
NOMAD-0744,reuse,ok,285.33,285.33,,Starship - Set the Night to Music (Vocals model_bs_roformer_ep_317_sdr_12.9755.ckpt).flac,NOMAD-0744 - Starship - Set the Night to Music.flac
NOMAD-0745,reuse,ok,275.31,275.31,,Joni Mitchell - Cactus Tree (Vocals model_bs_roformer_ep_317_sdr_12.9755.ckpt).flac,NOMAD-0745 - Joni Mitchell - Cactus Tree.flac
NOMAD-0746,reuse,ok,194.12,194.12,,Next to Normal - I'm Alive (Vocals model_bs_roformer_ep_317_sdr_12.9755.ckpt).flac,NOMAD-0746 - Next to Normal - I'm Alive.flac
NOMAD-0747,reuse,ok,206.32,206.32,,Eartha Kitt - Santa Baby (Vocals model_bs_roformer_ep_317_sdr_12.9755.ckpt).flac,NOMAD-0747 - Eartha Kitt - Santa Baby.flac
NOMAD-0748,reuse,ok,179.11,179.11,,System Of A Down - Metro (Vocals model_bs_roformer_ep_317_sdr_12.9755.ckpt).flac,NOMAD-0748 - System Of A Down - Metro.flac
NOMAD-0749,reuse,ok,224.60,224.60,,Wild Beasts - Mecca (Vocals model_bs_roformer_ep_317_sdr_12.9755.ckpt).flac,NOMAD-0749 - Wild Beasts - Mecca.flac
NOMAD-0750,reuse,ok,258.16,258.16,,Wild Beasts - Bed Of Nails (Vocals model_bs_roformer_ep_317_sdr_12.9755.ckpt).flac,NOMAD-0750 - Wild Beasts - Bed Of Nails.flac
NOMAD-0751,reuse,ok,346.45,346.45,,Rick James - Love Gun (Vocals model_bs_roformer_ep_317_sdr_12.9755.ckpt).flac,NOMAD-0751 - Rick James - Love Gun.flac
NOMAD-0752,reuse,ok,209.36,209.36,,Elmo & Patsy - Grandma Got Run Over By A Reindeer (Vocals model_bs_roformer_ep_317_sdr_12.9755.ckpt).flac,NOMAD-0752 - Elmo & Patsy - Grandma Got Run Over By A Reindeer.flac
NOMAD-0753,reuse,ok,216.88,216.88,,Bad Wolves [ft. KILLBOY] - It's You (2 Months) (Vocals model_bs_roformer_ep_317_sdr_12.9755.ckpt).flac,NOMAD-0753 - Bad Wolves [ft. KILLBOY] - It's You (2 Months).flac
NOMAD-0754,reuse,ok,293.93,293.93,,Boney James - What Are You Doing New Year's Eve (feat. Bobby Caldwell) (Vocals model_bs_roformer_ep_317_sdr_12.9755.ckpt).flac,NOMAD-0754 - Boney James - What Are You Doing New Year's Eve (feat. Bobby Caldwell).flac
NOMAD-0755,reuse,ok,314.37,314.37,,James - Beautiful Beaches (Vocals model_bs_roformer_ep_317_sdr_12.9755.ckpt).flac,NOMAD-0755 - James - Beautiful Beaches.flac
NOMAD-0756,reuse,ok,219.40,219.40,,James - Is This Love (Vocals model_bs_roformer_ep_317_sdr_12.9755.ckpt).flac,NOMAD-0756 - James - Is This Love.flac
NOMAD-0757,reuse,ok,256.60,256.60,,James - Our World (Vocals model_bs_roformer_ep_317_sdr_12.9755.ckpt).flac,NOMAD-0757 - James - Our World.flac
NOMAD-0758,reuse,ok,198.01,198.01,,Truck Stop - Lass dir nie den Tag verderben (Vocals model_bs_roformer_ep_317_sdr_12.9755.ckpt).flac,NOMAD-0758 - Truck Stop - Lass dir nie den Tag verderben.flac
NOMAD-0759,reuse,ok,197.52,197.52,,"Truck Stop - Emmylou, Emmylou (Vocals model_bs_roformer_ep_317_sdr_12.9755.ckpt).flac","NOMAD-0759 - Truck Stop - Emmylou, Emmylou.flac"
NOMAD-0760,reuse,ok,237.63,237.63,,Ian Noe - If Today Doesn't Do Me In (Vocals model_bs_roformer_ep_317_sdr_12.9755.ckpt).flac,NOMAD-0760 - Ian Noe - If Today Doesn't Do Me In.flac
NOMAD-0761,reuse,ok,199.84,199.84,,Bug Hunter - Braggin' (Vocals model_bs_roformer_ep_317_sdr_12.9755.ckpt).flac,NOMAD-0761 - Bug Hunter - Braggin'.flac
NOMAD-0762,reuse,ok,228.47,228.47,,P.M. Dawn - Plastic (Vocals model_bs_roformer_ep_317_sdr_12.9755.ckpt).flac,NOMAD-0762 - P.M. Dawn - Plastic.flac
NOMAD-0763,reuse,ok,164.49,164.49,,Uncle Tupelo - Still Be Around (Vocals model_bs_roformer_ep_317_sdr_12.9755.ckpt).flac,NOMAD-0763 - Uncle Tupelo - Still Be Around.flac
NOMAD-0764,reuse,ok,241.44,241.44,,Heather Maloney + Darlingside - No Shortcuts (Vocals model_bs_roformer_ep_317_sdr_12.9755.ckpt).flac,NOMAD-0764 - Heather Maloney + Darlingside - No Shortcuts.flac
NOMAD-0765,reuse,ok,287.83,287.83,,Judas Priest - Love Bites (Vocals model_bs_roformer_ep_317_sdr_12.9755.ckpt).flac,NOMAD-0765 - Judas Priest - Love Bites.flac
NOMAD-0766,reuse,ok,305.75,305.75,,Postmodern Jukebox - Video Killed the Radio Star (Vocals model_bs_roformer_ep_317_sdr_12.9755.ckpt).flac,NOMAD-0766 - Postmodern Jukebox - Video Killed the Radio Star.flac
NOMAD-0767,reuse,ok,195.92,195.92,,Charming Disaster - Grifters (Vocals model_bs_roformer_ep_317_sdr_12.9755.ckpt).flac,NOMAD-0767 - Charming Disaster - Grifters.flac
NOMAD-0768,reuse,ok,248.69,248.69,,"hey, nothing - Flora (Vocals model_bs_roformer_ep_317_sdr_12.9755.ckpt).flac","NOMAD-0768 - hey, nothing - Flora.flac"
NOMAD-0769,reuse,ok,346.51,346.51,,Émilie Simon - Ballad of the Big Machine (Vocals model_bs_roformer_ep_317_sdr_12.9755.ckpt).flac,NOMAD-0769 - Émilie Simon - Ballad of the Big Machine.flac
NOMAD-0770,reuse,ok,266.72,266.72,,Meat Loaf - Live Or Die (Vocals model_bs_roformer_ep_317_sdr_12.9755.ckpt).flac,NOMAD-0770 - Meat Loaf - Live Or Die.flac
NOMAD-0771,reuse,ok,203.64,203.64,,Stephen Wilson Jr. - patches (Vocals model_bs_roformer_ep_317_sdr_12.9755.ckpt).flac,NOMAD-0771 - Stephen Wilson Jr. - patches.flac
NOMAD-0772,fresh,ok,162.53,162.53,,NOMAD-0772 - BoySetsFire - Hometown Report Card.flac,NOMAD-0772 - BoySetsFire - Hometown Report Card.flac
NOMAD-0773,reuse,ok,181.53,181.53,,Ruen Brothers - Don't Know What's Come Over You (Vocals model_bs_roformer_ep_317_sdr_12.9755.ckpt).flac,NOMAD-0773 - Ruen Brothers - Don't Know What's Come Over You.flac
NOMAD-0774,reuse,ok,216.28,216.28,,Marco McDewey - Empty Cages & Loving Hearts (Vocals model_bs_roformer_ep_317_sdr_12.9755.ckpt).flac,NOMAD-0774 - Marco McDewey - Empty Cages & Loving Hearts.flac
NOMAD-0775,reuse,ok,180.68,180.68,,"Marco McDewey - Drill Oil, Baby Drill (Vocals model_bs_roformer_ep_317_sdr_12.9755.ckpt).flac","NOMAD-0775 - Marco McDewey - Drill Oil, Baby Drill.flac"
NOMAD-0776,reuse,ok,192.36,192.36,,Marco McDewey - Stupid Life (Vocals model_bs_roformer_ep_317_sdr_12.9755.ckpt).flac,NOMAD-0776 - Marco McDewey - Stupid Life.flac
NOMAD-0777,reuse,ok,199.60,199.60,,Marco McDewey - In love with my Chevy truck (Vocals model_bs_roformer_ep_317_sdr_12.9755.ckpt).flac,NOMAD-0777 - Marco McDewey - In love with my Chevy truck.flac
NOMAD-0778,reuse,ok,174.96,174.96,,Marco McDewey - The Tax Song (Vocals model_bs_roformer_ep_317_sdr_12.9755.ckpt).flac,NOMAD-0778 - Marco McDewey - The Tax Song.flac
NOMAD-0779,reuse,ok,213.84,213.84,,Marco McDewey - It’s just a dog (Vocals model_bs_roformer_ep_317_sdr_12.9755.ckpt).flac,NOMAD-0779 - Marco McDewey - It’s just a dog.flac
NOMAD-0780,reuse,ok,196.00,196.00,,Marco McDewey - Chase their blues away (Vocals model_bs_roformer_ep_317_sdr_12.9755.ckpt).flac,NOMAD-0780 - Marco McDewey - Chase their blues away.flac
NOMAD-0781,reuse,ok,131.00,131.00,,JT McClelland - I Love You More (Vocals model_bs_roformer_ep_317_sdr_12.9755.ckpt).flac,NOMAD-0781 - JT McClelland - I Love You More.flac
NOMAD-0782,reuse,ok,214.64,214.64,,Marco McDewey - Down to Nothing (Vocals model_bs_roformer_ep_317_sdr_12.9755.ckpt).flac,NOMAD-0782 - Marco McDewey - Down to Nothing.flac
NOMAD-0783,reuse,ok,219.21,219.21,,Trent Tomlinson - I Called up Hell (Vocals model_bs_roformer_ep_317_sdr_12.9755.ckpt).flac,NOMAD-0783 - Trent Tomlinson - I Called up Hell.flac
NOMAD-0784,reuse,ok,196.73,196.73,,Jonny Hill - Darling (Vocals model_bs_roformer_ep_317_sdr_12.9755.ckpt).flac,NOMAD-0784 - Jonny Hill - Darling.flac
NOMAD-0785,reuse,ok,197.63,197.63,,Dylan Scott - Leave Her Alone (Vocals model_bs_roformer_ep_317_sdr_12.9755.ckpt).flac,NOMAD-0785 - Dylan Scott - Leave Her Alone.flac
NOMAD-0786,reuse,ok,264.11,264.11,,Jon Astley - Jane's Getting Serious (Vocals model_bs_roformer_ep_317_sdr_12.9755.ckpt).flac,NOMAD-0786 - Jon Astley - Jane's Getting Serious.flac
NOMAD-0787,reuse,ok,230.80,230.80,,Meat Loaf - Getting Away With Murder (Vocals model_bs_roformer_ep_317_sdr_12.9755.ckpt).flac,NOMAD-0787 - Meat Loaf - Getting Away With Murder.flac
NOMAD-0788,reuse,ok,207.69,207.69,,Busta Rhymes - Do It To Death (Vocals model_bs_roformer_ep_317_sdr_12.9755.ckpt).flac,NOMAD-0788 - Busta Rhymes - Do It To Death.flac
NOMAD-0789,reuse,ok,159.40,159.40,,Chelsea Cutler - Your Bones (Vocals model_bs_roformer_ep_317_sdr_12.9755.ckpt).flac,NOMAD-0789 - Chelsea Cutler - Your Bones.flac
NOMAD-0790,reuse,ok,277.61,277.61,,J.R. Shelby - Keep Georgia Between Us (Vocals model_bs_roformer_ep_317_sdr_12.9755.ckpt).flac,NOMAD-0790 - Terry Dennis - Keep Georgia Between Us.flac
NOMAD-0791,reuse,ok,258.60,258.60,,Phil Collins - Doesn't Anybody Stay Together Anymore (Vocals model_bs_roformer_ep_317_sdr_12.9755.ckpt).flac,NOMAD-0791 - Phil Collins - Doesn't Anybody Stay Together Anymore.flac
NOMAD-0792,reuse,ok,268.27,268.27,,Grant Langston - The Real Man (Vocals model_bs_roformer_ep_317_sdr_12.9755.ckpt).flac,NOMAD-0792 - Grant Langston - The Real Man.flac
NOMAD-0793,reuse,ok,214.24,214.24,,Cynthia Rhodes - Finding Out The Hard Way (Vocals model_bs_roformer_ep_317_sdr_12.9755.ckpt).flac,NOMAD-0793 - Cynthia Rhodes - Finding Out The Hard Way.flac
NOMAD-0794,reuse,ok,521.92,521.92,,Herbie Hancock feat. Jonny Lang & Joss Stone - When Love Comes to Town (Vocals model_bs_roformer_ep_317_sdr_12.9755.ckpt).flac,NOMAD-0794 - Herbie Hancock feat. Jonny Lang & Joss Stone - When Love Comes to Town.flac
NOMAD-0795,reuse,ok,251.67,251.67,,Jefferson Starship - Layin' It On The Line (Vocals model_bs_roformer_ep_317_sdr_12.9755.ckpt).flac,NOMAD-0795 - Jefferson Starship - Layin' It On The Line.flac
NOMAD-0796,reuse,ok,215.94,215.94,,Rob Zombie feat. Marilyn Manson - Helter Skelter (Vocals model_bs_roformer_ep_317_sdr_12.9755.ckpt).flac,NOMAD-0796 - Rob Zombie feat. Marilyn Manson - Helter Skelter.flac
NOMAD-0797,reuse,ok,280.29,280.29,,Madison Cunningham - Song In My Head (Vocals model_bs_roformer_ep_317_sdr_12.9755.ckpt).flac,NOMAD-0797 - Madison Cunningham - Song In My Head.flac
NOMAD-0798,fresh,ok,165.57,165.56,,NOMAD-0798 - Daniel James Clarke - Snow.flac,NOMAD-0798 - Daniel James Clarke - Snow.flac
NOMAD-0799,reuse,ok,183.24,183.24,,Tracy Lawrence - The Holes That He Dug (Vocals model_bs_roformer_ep_317_sdr_12.9755.ckpt).flac,NOMAD-0799 - Tracy Lawrence - The Holes That He Dug.flac
NOMAD-0800,reuse,ok,202.33,202.33,,Billy Ray Cyrus - Thrillbilly (Vocals model_bs_roformer_ep_317_sdr_12.9755.ckpt).flac,NOMAD-0800 - Billy Ray Cyrus - Thrillbilly.flac
NOMAD-0801,reuse,ok,170.80,170.80,,Trent Tomlinson - The Next Time (Vocals model_bs_roformer_ep_317_sdr_12.9755.ckpt).flac,NOMAD-0801 - Trent Tomlinson - The Next Time.flac
NOMAD-0802,reuse,ok,137.19,137.19,,Tianna Esperanza - Buy You A New Attitude (Vocals model_bs_roformer_ep_317_sdr_12.9755.ckpt).flac,NOMAD-0802 - Tianna Esperanza - Buy You A New Attitude.flac
NOMAD-0803,reuse,ok,249.69,249.69,,Jose Feliciano - California Dreamin' (Vocals model_bs_roformer_ep_317_sdr_12.9755.ckpt).flac,NOMAD-0803 - Jose Feliciano - California Dreamin'.flac
NOMAD-0804,fresh,ok,270.20,270.19,,NOMAD-0804 - Sarah McLachlan - Possession (Piano Version).flac,NOMAD-0804 - Sarah McLachlan - Possession (Piano Version).flac
NOMAD-0805,reuse,ok,228.16,228.16,,Erykah Badu - Rimshot (Intro) (Vocals model_bs_roformer_ep_317_sdr_12.9755.ckpt).flac,NOMAD-0805 - Erykah Badu - Rimshot (Intro).flac
NOMAD-0806,reuse,ok,181.45,181.45,,Ayron Jones - Filthy (Vocals model_bs_roformer_ep_317_sdr_12.9755.ckpt).flac,NOMAD-0806 - Ayron Jones - Filthy.flac
NOMAD-0807,reuse,ok,213.28,213.28,,Atmosphere - Bad Bad Daddy (Vocals model_bs_roformer_ep_317_sdr_12.9755.ckpt).flac,NOMAD-0807 - Atmosphere - Bad Bad Daddy.flac
NOMAD-0808,reuse,ok,169.71,169.71,,Flight of the Conchords - You Don't Have To Be A Prostitute (Vocals model_bs_roformer_ep_317_sdr_12.9755.ckpt).flac,NOMAD-0808 - Flight of the Conchords - You Don't Have To Be A Prostitute.flac
NOMAD-0809,reuse,ok,201.69,201.69,,Weird Al Yankovic - CNR (Vocals model_bs_roformer_ep_317_sdr_12.9755.ckpt).flac,NOMAD-0809 - Weird Al Yankovic - CNR.flac
NOMAD-0810,reuse,ok,241.96,241.96,,Justin Timberlake - FutureSex _ LoveSound (Vocals model_bs_roformer_ep_317_sdr_12.9755.ckpt).flac,NOMAD-0810 - Justin Timberlake - FutureSex _ LoveSound.flac
NOMAD-0811,reuse,ok,172.04,172.04,,Vincent James - I'll Always Love You (Vocals model_bs_roformer_ep_317_sdr_12.9755.ckpt).flac,NOMAD-0811 - Vincent James - I'll Always Love You.flac
NOMAD-0812,reuse,ok,225.96,225.96,,Die Antwoord - Fatty Boom Boom (Vocals model_bs_roformer_ep_317_sdr_12.9755.ckpt).flac,NOMAD-0812 - Die Antwoord - Fatty Boom Boom.flac
NOMAD-0813,reuse,ok,295.87,295.87,,Eagles - Those Shoes (Vocals model_bs_roformer_ep_317_sdr_12.9755.ckpt).flac,NOMAD-0813 - Eagles - Those Shoes.flac
NOMAD-0814,reuse,ok,217.87,217.87,,Nancy Sinatra & Lee Hazlewood - Some Velvet Morning (Vocals model_bs_roformer_ep_317_sdr_12.9755.ckpt).flac,NOMAD-0814 - Nancy Sinatra & Lee Hazlewood - Some Velvet Morning.flac
NOMAD-0815,reuse,ok,282.47,282.47,,Atomic Cafe - Killing An Afternoon (Vocals model_bs_roformer_ep_317_sdr_12.9755.ckpt).flac,NOMAD-0815 - Atomic Cafe - Killing An Afternoon.flac
NOMAD-0816,reuse,ok,220.24,220.24,,Tom Astor - Sweet Caroline (Vocals model_bs_roformer_ep_317_sdr_12.9755.ckpt).flac,NOMAD-0816 - Tom Astor - Sweet Caroline.flac
NOMAD-0817,reuse,ok,244.83,244.83,,Dave Matthews - Some Devil (Vocals model_bs_roformer_ep_317_sdr_12.9755.ckpt).flac,NOMAD-0817 - Dave Matthews - Some Devil.flac
NOMAD-0818,reuse,ok,164.83,164.83,,Crash Test Dummies - Keep a Lid on Things (Vocals model_bs_roformer_ep_317_sdr_12.9755.ckpt).flac,NOMAD-0818 - Crash Test Dummies - Keep a Lid on Things.flac
NOMAD-0819,reuse,ok,207.16,207.16,,Flight of the Conchords - Inner City Pressure (Vocals model_bs_roformer_ep_317_sdr_12.9755.ckpt).flac,NOMAD-0819 - Flight of the Conchords - Inner City Pressure.flac
NOMAD-0820,reuse,ok,207.16,207.16,,Flight of the Conchords - Inner City Pressure (Vocals model_bs_roformer_ep_317_sdr_12.9755.ckpt).flac,NOMAD-0820 - Flight of the Conchords - Inner City Pressure (Duet).flac
NOMAD-0821,reuse,ok,586.40,586.40,,Meat Loaf - Seize The Night (Vocals model_bs_roformer_ep_317_sdr_12.9755.ckpt).flac,NOMAD-0821 - Meat Loaf - Seize The Night.flac
NOMAD-0822,reuse,ok,254.68,254.68,,Testament - Brotherhood of the Snake (Vocals model_bs_roformer_ep_317_sdr_12.9755.ckpt).flac,NOMAD-0822 - Testament - Brotherhood of the Snake.flac
NOMAD-0823,reuse,ok,191.31,191.31,,Qveen Herby - Mission (Vocals model_bs_roformer_ep_317_sdr_12.9755.ckpt).flac,NOMAD-0823 - Qveen Herby - Mission.flac
NOMAD-0824,reuse,ok,194.87,194.87,,Qveen Herby - Juice (Vocals model_bs_roformer_ep_317_sdr_12.9755.ckpt).flac,NOMAD-0824 - Qveen Herby - Juice.flac
NOMAD-0825,reuse,ok,158.02,158.02,,Qveen Herby - Pre Roll (Vocals model_bs_roformer_ep_317_sdr_12.9755.ckpt).flac,NOMAD-0825 - Qveen Herby - Pre Roll.flac
NOMAD-0826,reuse,ok,159.84,159.84,,Qveen Herby - 5D (Vocals model_bs_roformer_ep_317_sdr_12.9755.ckpt).flac,NOMAD-0826 - Qveen Herby - 5D.flac
NOMAD-0827,reuse,ok,178.17,178.17,,Qveen Herby - Mint (Vocals model_bs_roformer_ep_317_sdr_12.9755.ckpt).flac,NOMAD-0827 - Qveen Herby - Mint.flac
NOMAD-0828,reuse,ok,229.67,229.67,,Luvcat - Love & Money (Vocals model_bs_roformer_ep_317_sdr_12.9755.ckpt).flac,NOMAD-0828 - Luvcat - Love & Money.flac
NOMAD-0829,reuse,ok,251.07,251.07,,American Head Charge - Song For The Suspect (Vocals model_bs_roformer_ep_317_sdr_12.9755.ckpt).flac,NOMAD-0829 - American Head Charge - Song For The Suspect.flac
NOMAD-0830,reuse,ok,223.94,223.94,,HIM - It's All Tears (Drown In This Love) (Vocals model_bs_roformer_ep_317_sdr_12.9755.ckpt).flac,NOMAD-0830 - HIM - It's All Tears (Drown In This Love).flac
NOMAD-0831,reuse,ok,263.27,263.27,,Katie Gregson-MacLeod - Teenage Love (Vocals model_bs_roformer_ep_317_sdr_12.9755.ckpt).flac,NOMAD-0831 - Katie Gregson-MacLeod - Teenage Love.flac
NOMAD-0832,reuse,ok,186.39,186.39,,Lynda Randle - God On The Mountain (Vocals model_bs_roformer_ep_317_sdr_12.9755.ckpt).flac,NOMAD-0832 - Lynda Randle - God On The Mountain.flac
NOMAD-0833,reuse,ok,297.69,297.69,,CeCe Winans - Goodness Of God (Vocals model_bs_roformer_ep_317_sdr_12.9755.ckpt).flac,NOMAD-0833 - CeCe Winans - Goodness Of God.flac
NOMAD-0834,reuse,ok,292.81,292.81,,Don McLean (Parody) - American Rabbi (Vocals model_bs_roformer_ep_317_sdr_12.9755.ckpt).flac,NOMAD-0834 - Don McLean (Parody) - American Rabbi.flac
NOMAD-0835,reuse,ok,167.32,167.32,,March To The Grave - I'm Too Fat (Vocals model_bs_roformer_ep_317_sdr_12.9755.ckpt).flac,NOMAD-0835 - March To The Grave - I'm Too Fat.flac
NOMAD-0836,reuse,ok,289.73,289.73,,HIM - Under the Rose (Vocals model_bs_roformer_ep_317_sdr_12.9755.ckpt).flac,NOMAD-0836 - HIM - Under the Rose.flac
NOMAD-0837,reuse,ok,241.89,241.89,,HIM - Disarm Me (With Your Loneliness) (Vocals model_bs_roformer_ep_317_sdr_12.9755.ckpt).flac,NOMAD-0837 - HIM - Disarm Me (With Your Loneliness).flac
NOMAD-0838,reuse,ok,199.59,199.59,,Mickey Avalon - Dance (feat. Cisco Adler) (Vocals model_bs_roformer_ep_317_sdr_12.9755.ckpt).flac,NOMAD-0838 - Mickey Avalon - Dance (feat. Cisco Adler).flac
NOMAD-0839,reuse,ok,272.89,272.89,,Chuck Brown - We Need Some Money (Bout Money) (Vocals model_bs_roformer_ep_317_sdr_12.9755.ckpt).flac,NOMAD-0839 - Chuck Brown - We Need Some Money (Bout Money).flac
NOMAD-0840,reuse,ok,211.47,211.47,,David Bowie - Within You (Vocals model_bs_roformer_ep_317_sdr_12.9755.ckpt).flac,NOMAD-0840 - David Bowie - Within You.flac
NOMAD-0841,reuse,ok,170.13,170.13,,Skip Ewing - Still Under The Weather (Vocals model_bs_roformer_ep_317_sdr_12.9755.ckpt).flac,NOMAD-0841 - Skip Ewing - Still Under The Weather.flac
NOMAD-0842,reuse,ok,273.03,273.03,,Deborah Van Valkenburgh - Dangerous Strangers (Vocals model_bs_roformer_ep_317_sdr_12.9755.ckpt).flac,NOMAD-0842 - Deborah Van Valkenburgh - Dangerous Strangers.flac
NOMAD-0843,reuse,ok,249.30,249.30,,Doechii - Anxiety (Vocals model_bs_roformer_ep_317_sdr_12.9755.ckpt).flac,NOMAD-0843 - Doechii - Anxiety.flac
NOMAD-0844,reuse,ok,192.70,192.70,,RuPaul - Just What They Want (Vocals model_bs_roformer_ep_317_sdr_12.9755.ckpt).flac,NOMAD-0844 - RuPaul - Just What They Want.flac
NOMAD-0845,reuse,ok,232.56,232.56,,"Harry Connick, Jr. - There Is Always One More Time (Vocals model_bs_roformer_ep_317_sdr_12.9755.ckpt).flac","NOMAD-0845 - Harry Connick, Jr. - There Is Always One More Time.flac"
NOMAD-0846,reuse,ok,124.89,124.89,,Bow Wow Wow (Parody) - I Want Candy (Vocals model_bs_roformer_ep_317_sdr_12.9755.ckpt).flac,NOMAD-0846 - Bow Wow Wow (Parody) - I Want Candy.flac
NOMAD-0847,reuse,ok,193.25,193.25,,Little Shop of Horrors (Parody) - Somewhere to Park (Vocals model_bs_roformer_ep_317_sdr_12.9755.ckpt).flac,NOMAD-0847 - Little Shop of Horrors (Parody) - Somewhere to Park.flac
NOMAD-0848,reuse,ok,131.95,131.95,,The Cutlers of Cornwall - Trelawney (Vocals model_bs_roformer_ep_317_sdr_12.9755.ckpt).flac,NOMAD-0848 - The Cutlers of Cornwall - Trelawney.flac
NOMAD-0849,reuse,ok,214.05,214.05,,Wicked (Parody) - Royalty (Vocals model_bs_roformer_ep_317_sdr_12.9755.ckpt).flac,NOMAD-0849 - Wicked (Parody) - Royalty.flac
NOMAD-0850,reuse,ok,173.57,173.57,,The Cutlers of Cornwall - Railroad (Vocals model_bs_roformer_ep_317_sdr_12.9755.ckpt).flac,NOMAD-0850 - The Cutlers of Cornwall - Railroad.flac
NOMAD-0851,reuse,ok,137.01,137.01,,The Cutlers of Cornwall - Hail To The Homeland (Vocals model_bs_roformer_ep_317_sdr_12.9755.ckpt).flac,NOMAD-0851 - The Cutlers of Cornwall - Hail To The Homeland.flac
NOMAD-0852,reuse,ok,164.36,164.36,,The Cutlers of Cornwall - Lamorna (Vocals model_bs_roformer_ep_317_sdr_12.9755.ckpt).flac,NOMAD-0852 - The Cutlers of Cornwall - Lamorna.flac
NOMAD-0853,reuse,ok,285.73,285.73,,The Cutlers of Cornwall - Little Lize Medley (Vocals model_bs_roformer_ep_317_sdr_12.9755.ckpt).flac,NOMAD-0853 - The Cutlers of Cornwall - Little Lize Medley.flac
NOMAD-0854,reuse,ok,332.88,332.88,,The Cutlers of Cornwall - The White Rose (Vocals model_bs_roformer_ep_317_sdr_12.9755.ckpt).flac,NOMAD-0854 - The Cutlers of Cornwall - The White Rose.flac
NOMAD-0855,reuse,ok,263.65,263.65,,The Beatles (Parody) - Hey Jews (Vocals model_bs_roformer_ep_317_sdr_12.9755.ckpt).flac,NOMAD-0855 - The Beatles (Parody) - Hey Jews.flac
NOMAD-0856,reuse,ok,237.76,237.76,,Boney M. - Sunny (Vocals model_bs_roformer_ep_317_sdr_12.9755.ckpt).flac,NOMAD-0856 - Boney M. - Sunny.flac
NOMAD-0857,reuse,ok,154.30,154.30,,Ryan Higa ft. Chester See (nigahiga) - Nice Guys (Vocals model_bs_roformer_ep_317_sdr_12.9755.ckpt).flac,NOMAD-0857 - Ryan Higa ft. Chester See (nigahiga) - Nice Guys.flac
NOMAD-0858,reuse,ok,226.02,226.02,,Ryan Higa ft. Chester See (nigahiga) - Bromance (Vocals model_bs_roformer_ep_317_sdr_12.9755.ckpt).flac,NOMAD-0858 - Ryan Higa ft. Chester See (nigahiga) - Bromance.flac
NOMAD-0859,reuse,ok,260.47,260.47,,The Gaslight Anthem - Break Your Heart (Vocals model_bs_roformer_ep_317_sdr_12.9755.ckpt).flac,NOMAD-0859 - The Gaslight Anthem - Break Your Heart.flac
NOMAD-0860,reuse,ok,208.63,208.63,,Volbeat - Pearl Hart (Vocals model_bs_roformer_ep_317_sdr_12.9755.ckpt).flac,NOMAD-0860 - Volbeat - Pearl Hart.flac
NOMAD-0861,reuse,ok,289.32,289.32,,Seether - What Would You Do (Vocals model_bs_roformer_ep_317_sdr_12.9755.ckpt).flac,NOMAD-0861 - Seether - What Would You Do.flac
NOMAD-0862,reuse,ok,217.97,217.97,,Killswitch Engage - Fixation On The Darkness (Vocals model_bs_roformer_ep_317_sdr_12.9755.ckpt).flac,NOMAD-0862 - Killswitch Engage - Fixation On The Darkness.flac
NOMAD-0863,reuse,ok,207.77,207.77,,American Head Charge - All Wrapped Up (Vocals model_bs_roformer_ep_317_sdr_12.9755.ckpt).flac,NOMAD-0863 - American Head Charge - All Wrapped Up.flac
NOMAD-0864,reuse,ok,219.73,219.73,,Caviar - Tangerine Speedo (Vocals model_bs_roformer_ep_317_sdr_12.9755.ckpt).flac,NOMAD-0864 - Caviar - Tangerine Speedo.flac
NOMAD-0865,reuse,ok,162.08,162.08,,Flight of the Conchords - Leggy Blonde (Vocals model_bs_roformer_ep_317_sdr_12.9755.ckpt).flac,NOMAD-0865 - Flight of the Conchords - Leggy Blonde.flac
NOMAD-0866,reuse,ok,293.45,293.45,,Billy Idol - Plastic Jesus (Vocals model_bs_roformer_ep_317_sdr_12.9755.ckpt).flac,NOMAD-0866 - Billy Idol - Plastic Jesus.flac
NOMAD-0867,reuse,ok,170.16,170.16,,Harry Nilsson - Early In The Morning (Vocals model_bs_roformer_ep_317_sdr_12.9755.ckpt).flac,NOMAD-0867 - Harry Nilsson - Early In The Morning.flac
NOMAD-0868,reuse,ok,138.47,138.47,,Kellyoke (Kelly Clarkson) - Get Together (The Youngbloods) (Vocals model_bs_roformer_ep_317_sdr_12.9755.ckpt).flac,NOMAD-0868 - Kellyoke (Kelly Clarkson) - Get Together (The Youngbloods).flac
NOMAD-0869,reuse,ok,258.20,258.20,,HIM - Razorblade Kiss (Vocals model_bs_roformer_ep_317_sdr_12.9755.ckpt).flac,NOMAD-0869 - HIM - Razorblade Kiss.flac
NOMAD-0870,reuse,ok,231.36,231.36,,Raynes - Cast The Bronze (Vocals model_bs_roformer_ep_317_sdr_12.9755.ckpt).flac,NOMAD-0870 - Raynes - Cast The Bronze.flac
NOMAD-0871,reuse,ok,241.72,241.72,,Pepper Coyote - I Can Always Say I Tried (Vocals model_bs_roformer_ep_317_sdr_12.9755.ckpt).flac,NOMAD-0871 - Pepper Coyote - I Can Always Say I Tried.flac
NOMAD-0872,reuse,ok,204.35,204.35,,Tom Astor - Jenseits der Zeit (Vocals model_bs_roformer_ep_317_sdr_12.9755.ckpt).flac,NOMAD-0872 - Tom Astor - Jenseits der Zeit.flac
NOMAD-0873,reuse,ok,227.17,227.17,,Silverstein - Forget Your Heart (Vocals model_bs_roformer_ep_317_sdr_12.9755.ckpt).flac,NOMAD-0873 - Silverstein - Forget Your Heart.flac
NOMAD-0874,reuse,ok,267.25,267.25,,Sarah and the Sundays - The Cue (Vocals model_bs_roformer_ep_317_sdr_12.9755.ckpt).flac,NOMAD-0874 - Sarah and the Sundays - The Cue.flac
NOMAD-0875,fresh,ok,214.99,214.98,,NOMAD-0875 - Silverstein - Forget Your Heart (Piano Version).flac,NOMAD-0875 - Silverstein - Forget Your Heart (Piano Version).flac
NOMAD-0876,reuse,ok,176.31,176.31,,Ghoti Hook - Seasons (Vocals model_bs_roformer_ep_317_sdr_12.9755.ckpt).flac,NOMAD-0876 - Ghoti Hook - Seasons.flac
NOMAD-0877,reuse,ok,142.87,142.87,,Limp - Eighteen (Vocals model_bs_roformer_ep_317_sdr_12.9755.ckpt).flac,NOMAD-0877 - Limp - Eighteen.flac
NOMAD-0878,reuse,ok,297.87,297.87,,Smokey Robinson - Baby Come Close (Vocals model_bs_roformer_ep_317_sdr_12.9755.ckpt).flac,NOMAD-0878 - Smokey Robinson - Baby Come Close.flac
NOMAD-0879,reuse,ok,154.24,154.24,,Richie Kavanagh - Chicken Talk (Vocals model_bs_roformer_ep_317_sdr_12.9755.ckpt).flac,NOMAD-0879 - Richie Kavanagh - Chicken Talk.flac
NOMAD-0880,reuse,ok,225.44,225.44,,George “Corpsegrinder” Fisher - On Wings of Carnage (Vocals model_bs_roformer_ep_317_sdr_12.9755.ckpt).flac,NOMAD-0880 - George “Corpsegrinder” Fisher - On Wings of Carnage.flac
NOMAD-0881,reuse,ok,258.03,258.03,,My Bloody Valentine - Only Shallow (Vocals model_bs_roformer_ep_317_sdr_12.9755.ckpt).flac,NOMAD-0881 - My Bloody Valentine - Only Shallow.flac
NOMAD-0882,reuse,ok,223.15,223.15,,Orelsan - Défaite de famille (Vocals model_bs_roformer_ep_317_sdr_12.9755.ckpt).flac,NOMAD-0882 - Orelsan - Défaite de famille.flac
NOMAD-0883,reuse,ok,269.44,269.44,,Mickey Lamantia - The Old One (Vocals model_bs_roformer_ep_317_sdr_12.9755.ckpt).flac,NOMAD-0883 - Mickey Lamantia - The Old One.flac
NOMAD-0884,reuse,ok,220.09,220.09,,Zoe Bayani - Body Farm (Vocals model_bs_roformer_ep_317_sdr_12.9755.ckpt).flac,NOMAD-0884 - Zoe Bayani - Body Farm.flac
NOMAD-0885,reuse,ok,200.39,200.39,,Lyrics Born - Bad Dreams (Vocals model_bs_roformer_ep_317_sdr_12.9755.ckpt).flac,NOMAD-0885 - Lyrics Born - Bad Dreams.flac
NOMAD-0886,reuse,ok,269.77,269.77,,Kenny Loggins - Why Do People Lie (Vocals model_bs_roformer_ep_317_sdr_12.9755.ckpt).flac,NOMAD-0886 - Kenny Loggins - Why Do People Lie.flac
NOMAD-0887,reuse,ok,171.49,171.49,,Cobra Starship - The City Is at War (Vocals model_bs_roformer_ep_317_sdr_12.9755.ckpt).flac,NOMAD-0887 - Cobra Starship - The City Is at War.flac
NOMAD-0888,reuse,ok,170.13,170.13,,Qveen Herby - BDE (Vocals model_bs_roformer_ep_317_sdr_12.9755.ckpt).flac,NOMAD-0888 - Qveen Herby - BDE.flac
NOMAD-0889,reuse,ok,204.69,204.69,,Luvcat - Dinner @ Brasserie Zédel (Vocals model_bs_roformer_ep_317_sdr_12.9755.ckpt).flac,NOMAD-0889 - Luvcat - Dinner @ Brasserie Zédel.flac
NOMAD-0890,reuse,ok,257.38,257.38,,Frank Ocean - Solo (Vocals model_bs_roformer_ep_317_sdr_12.9755.ckpt).flac,NOMAD-0890 - Frank Ocean - Solo.flac
NOMAD-0891,reuse,ok,172.92,172.92,,Zella Day - Seven Nation Army (Vocals model_bs_roformer_ep_317_sdr_12.9755.ckpt).flac,NOMAD-0891 - Zella Day - Seven Nation Army.flac
NOMAD-0892,reuse,ok,240.00,240.00,,Marco McDewey - Moments in a Bottle (Vocals model_bs_roformer_ep_317_sdr_12.9755.ckpt).flac,NOMAD-0892 - Marco McDewey - Moments in a Bottle.flac
NOMAD-0893,reuse,ok,144.20,144.20,,Marco McDewey - Fire on the Highway (Vocals model_bs_roformer_ep_317_sdr_12.9755.ckpt).flac,NOMAD-0893 - Marco McDewey - Fire on the Highway.flac
NOMAD-0894,reuse,ok,154.16,154.16,,Marco McDewey - If I Could Turn Back Time (Vocals model_bs_roformer_ep_317_sdr_12.9755.ckpt).flac,NOMAD-0894 - Marco McDewey - If I Could Turn Back Time.flac
NOMAD-0895,reuse,ok,240.00,240.00,,Marco McDewey - Past days new way (Vocals model_bs_roformer_ep_317_sdr_12.9755.ckpt).flac,NOMAD-0895 - Marco McDewey - Past days new way.flac
NOMAD-0896,reuse,ok,192.00,192.00,,Marco McDewey - Piña Colada in a Can (Vocals model_bs_roformer_ep_317_sdr_12.9755.ckpt).flac,NOMAD-0896 - Marco McDewey - Piña Colada in a Can.flac
NOMAD-0897,reuse,ok,169.01,169.01,,Ska Daddyz - Rude Boyz (Vocals model_bs_roformer_ep_317_sdr_12.9755.ckpt).flac,NOMAD-0897 - Ska Daddyz - Rude Boyz.flac
NOMAD-0898,reuse,ok,147.96,147.96,,Uriah Heep - Spider Woman (Vocals model_bs_roformer_ep_317_sdr_12.9755.ckpt).flac,NOMAD-0898 - Uriah Heep - Spider Woman.flac
NOMAD-0899,reuse,ok,222.09,222.09,,Ska Daddyz - Get A Grip (Vocals model_bs_roformer_ep_317_sdr_12.9755.ckpt).flac,NOMAD-0899 - Ska Daddyz - Get A Grip.flac
NOMAD-0900,reuse,ok,262.61,262.61,,Ska Daddyz - Hotel California (Vocals model_bs_roformer_ep_317_sdr_12.9755.ckpt).flac,NOMAD-0900 - Ska Daddyz - Hotel California.flac
NOMAD-0901,reuse,ok,201.23,201.23,,Ska Daddyz - Two Lonely People (Live) (Vocals model_bs_roformer_ep_317_sdr_12.9755.ckpt).flac,NOMAD-0901 - Ska Daddyz - Two Lonely People (Live).flac
NOMAD-0902,reuse,ok,245.00,245.00,,The Kills - Future Starts Slow (Vocals model_bs_roformer_ep_317_sdr_12.9755.ckpt).flac,NOMAD-0902 - The Kills - Future Starts Slow.flac
NOMAD-0903,reuse,ok,196.80,196.80,,Frank Sinatra - I Could Have Told You (Vocals model_bs_roformer_ep_317_sdr_12.9755.ckpt).flac,NOMAD-0903 - Frank Sinatra - I Could Have Told You.flac
NOMAD-0904,reuse,ok,261.39,261.39,,Frank Sinatra - Body And Soul (Vocals model_bs_roformer_ep_317_sdr_12.9755.ckpt).flac,NOMAD-0904 - Frank Sinatra - Body And Soul.flac
NOMAD-0905,reuse,ok,228.73,228.73,,Tracy Byrd - Saltwater Cowboy (Vocals model_bs_roformer_ep_317_sdr_12.9755.ckpt).flac,NOMAD-0905 - Tracy Byrd - Saltwater Cowboy.flac
NOMAD-0906,reuse,ok,227.05,227.05,,Tracy Lawrence - Pills (Vocals model_bs_roformer_ep_317_sdr_12.9755.ckpt).flac,NOMAD-0906 - Tracy Lawrence - Pills.flac
NOMAD-0907,reuse,ok,196.15,196.15,,Tom Astor - Disco Western Rodeo (Vocals model_bs_roformer_ep_317_sdr_12.9755.ckpt).flac,NOMAD-0907 - Tom Astor - Disco Western Rodeo.flac
NOMAD-0908,reuse,ok,185.29,185.29,,Tom Astor - Erstmal 'nen Kaffee (Vocals model_bs_roformer_ep_317_sdr_12.9755.ckpt).flac,NOMAD-0908 - Tom Astor - Erstmal 'nen Kaffee.flac
NOMAD-0909,reuse,ok,242.61,242.61,,Chat Pile - Lake Time (Mr. Rodan) (Vocals model_bs_roformer_ep_317_sdr_12.9755.ckpt).flac,NOMAD-0909 - Chat Pile - Lake Time (Mr. Rodan).flac
NOMAD-0910,reuse,ok,181.21,181.21,,Linda Feller - Leben ist für mich Rock 'n' Roll (Vocals model_bs_roformer_ep_317_sdr_12.9755.ckpt).flac,NOMAD-0910 - Linda Feller - Leben ist für mich Rock 'n' Roll.flac
NOMAD-0911,reuse,ok,440.11,440.11,,LCD Soundsystem - All My Friends (Live) (Vocals model_bs_roformer_ep_317_sdr_12.9755.ckpt).flac,NOMAD-0911 - LCD Soundsystem - All My Friends (Live).flac
NOMAD-0912,reuse,ok,374.57,374.57,,Arcade Fire - Afterlife (Live Bilbao 2024) (Vocals model_bs_roformer_ep_317_sdr_12.9755.ckpt).flac,NOMAD-0912 - Arcade Fire - Afterlife (Live Bilbao 2024).flac
NOMAD-0913,reuse,ok,167.13,167.13,,Corry Michaels - Be My Baby (Vocals model_bs_roformer_ep_317_sdr_12.9755.ckpt).flac,NOMAD-0913 - Corry Michaels - Be My Baby.flac
NOMAD-0914,reuse,ok,247.01,247.01,,Mumford & Sons - Where It Belongs (Vocals model_bs_roformer_ep_317_sdr_12.9755.ckpt).flac,NOMAD-0914 - Mumford & Sons - Where It Belongs.flac
NOMAD-0915,reuse,ok,220.15,220.15,,LCD Soundsystem - No Love Lost (Vocals model_bs_roformer_ep_317_sdr_12.9755.ckpt).flac,NOMAD-0915 - LCD Soundsystem - No Love Lost.flac
NOMAD-0916,reuse,ok,223.55,223.55,,Lady Antebellum - Heart Of The World (Vocals model_bs_roformer_ep_317_sdr_12.9755.ckpt).flac,NOMAD-0916 - Lady Antebellum - Heart Of The World.flac
NOMAD-0917,reuse,ok,400.04,400.04,,LCD Soundsystem - call the police (electric lady sessions) (Vocals model_bs_roformer_ep_317_sdr_12.9755.ckpt).flac,NOMAD-0917 - LCD Soundsystem - call the police (electric lady sessions).flac
NOMAD-0918,reuse,ok,404.55,404.55,,Roger Waters - Mother (Live) (Vocals model_bs_roformer_ep_317_sdr_12.9755.ckpt).flac,NOMAD-0918 - Roger Waters - Mother (Live).flac
NOMAD-0919,reuse,ok,564.27,564.27,,Roger Waters - Amused to Death (Vocals model_bs_roformer_ep_317_sdr_12.9755.ckpt).flac,NOMAD-0919 - Roger Waters - Amused to Death.flac
NOMAD-0920,reuse,ok,276.95,276.95,,Raynes - Collapse (Vocals model_bs_roformer_ep_317_sdr_12.9755.ckpt).flac,NOMAD-0920 - Raynes - Collapse.flac
NOMAD-0921,reuse,ok,259.15,259.15,,Eddie From Ohio - Baltimore (Vocals model_bs_roformer_ep_317_sdr_12.9755.ckpt).flac,NOMAD-0921 - Eddie From Ohio - Baltimore.flac
NOMAD-0922,reuse,ok,250.05,250.05,,Art Sorority - Spaceship (Vocals model_bs_roformer_ep_317_sdr_12.9755.ckpt).flac,NOMAD-0922 - Art Sorority - Spaceship.flac
NOMAD-0923,reuse,ok,120.67,120.67,,Queen (Parody) - We Will Show Them (Vocals model_bs_roformer_ep_317_sdr_12.9755.ckpt).flac,NOMAD-0923 - Queen (Parody) - We Will Show Them.flac
NOMAD-0924,reuse,ok,317.11,317.11,,Vanessa Williams - Love Dance (Vocals model_bs_roformer_ep_317_sdr_12.9755.ckpt).flac,NOMAD-0924 - Vanessa Williams - Love Dance.flac
NOMAD-0925,reuse,ok,181.44,181.44,,Shirley Horn - I Could Have Told You (Vocals model_bs_roformer_ep_317_sdr_12.9755.ckpt).flac,NOMAD-0925 - Shirley Horn - I Could Have Told You.flac
NOMAD-0926,reuse,ok,241.02,241.02,,Drake - NOKIA (Vocals model_bs_roformer_ep_317_sdr_12.9755.ckpt).flac,NOMAD-0926 - Drake - NOKIA.flac
NOMAD-0927,reuse,ok,229.83,229.83,,Alan Jackson - The Older I Get (Vocals model_bs_roformer_ep_317_sdr_12.9755.ckpt).flac,NOMAD-0927 - Alan Jackson - The Older I Get.flac
NOMAD-0928,reuse,ok,231.64,231.64,,Willie Nelson - Butterfly (Vocals model_bs_roformer_ep_317_sdr_12.9755.ckpt).flac,NOMAD-0928 - Willie Nelson - Butterfly.flac
NOMAD-0929,reuse,ok,121.21,121.21,,"Powersolo - Baby, You Ain't Looking Right (Vocals model_bs_roformer_ep_317_sdr_12.9755.ckpt).flac","NOMAD-0929 - Powersolo - Baby, You Ain't Looking Right.flac"
NOMAD-0930,reuse,ok,202.72,202.72,,Devo - Human Rocket (Vocals model_bs_roformer_ep_317_sdr_12.9755.ckpt).flac,NOMAD-0930 - Devo - Human Rocket.flac
NOMAD-0931,reuse,ok,196.17,196.17,,Red Hot Chili Peppers - Party On Your Pussy (Vocals model_bs_roformer_ep_317_sdr_12.9755.ckpt).flac,NOMAD-0931 - Red Hot Chili Peppers - Party On Your Pussy.flac
NOMAD-0932,reuse,ok,228.43,228.43,,Jerry Reed - Hard Times (Vocals model_bs_roformer_ep_317_sdr_12.9755.ckpt).flac,NOMAD-0932 - Jerry Reed - Hard Times.flac
NOMAD-0933,reuse,ok,157.67,157.67,,Ellie Dixon - Renaissance (Vocals model_bs_roformer_ep_317_sdr_12.9755.ckpt).flac,NOMAD-0933 - Ellie Dixon - Renaissance.flac
NOMAD-0934,reuse,ok,126.13,126.13,,Ellie Dixon - Guts (Vocals model_bs_roformer_ep_317_sdr_12.9755.ckpt).flac,NOMAD-0934 - Ellie Dixon - Guts.flac
NOMAD-0935,reuse,ok,123.09,123.09,,Ellie Dixon - Knight Shift (Vocals model_bs_roformer_ep_317_sdr_12.9755.ckpt).flac,NOMAD-0935 - Ellie Dixon - Knight Shift.flac
NOMAD-0936,reuse,ok,125.00,125.00,,Sam Cooke - Touch The Hem Of His Garment (Vocals model_bs_roformer_ep_317_sdr_12.9755.ckpt).flac,NOMAD-0936 - Sam Cooke - Touch The Hem Of His Garment.flac
NOMAD-0937,reuse,ok,201.68,201.68,,Marco McDewey - Heaven Sent You to Me (Vocals model_bs_roformer_ep_317_sdr_12.9755.ckpt).flac,NOMAD-0937 - Marco McDewey - Heaven Sent You to Me.flac
NOMAD-0938,reuse,ok,358.31,358.31,,Barbra Streisand & Yves Montand - What Did I Have That I Don't Have (Vocals model_bs_roformer_ep_317_sdr_12.9755.ckpt).flac,NOMAD-0938 - Barbra Streisand & Yves Montand - What Did I Have That I Don't Have.flac
NOMAD-0939,reuse,ok,184.24,184.24,,Eydie Gorme - What Did I Have That I Don't Have (Vocals model_bs_roformer_ep_317_sdr_12.9755.ckpt).flac,NOMAD-0939 - Eydie Gorme - What Did I Have That I Don't Have.flac
NOMAD-0940,reuse,ok,264.97,264.97,,Barbara Harris - What Did I Have That I Don't Have (Vocals model_bs_roformer_ep_317_sdr_12.9755.ckpt).flac,NOMAD-0940 - Barbara Harris - What Did I Have That I Don't Have.flac
NOMAD-0941,reuse,ok,128.88,128.88,,Judy Garland - I Don't Care (Vocals model_bs_roformer_ep_317_sdr_12.9755.ckpt).flac,NOMAD-0941 - Judy Garland - I Don't Care.flac
NOMAD-0942,reuse,ok,244.69,244.69,,Celeste - Lately (Vocals model_bs_roformer_ep_317_sdr_12.9755.ckpt).flac,NOMAD-0942 - Celeste - Lately.flac
NOMAD-0943,reuse,ok,159.84,159.84,,Dasha - Drown Me (Vocals model_bs_roformer_ep_317_sdr_12.9755.ckpt).flac,NOMAD-0943 - Dasha - Drown Me.flac
NOMAD-0944,reuse,ok,289.72,289.72,,Bloc Party - Song For Clay (Disappear Here) (Vocals model_bs_roformer_ep_317_sdr_12.9755.ckpt).flac,NOMAD-0944 - Bloc Party - Song for Clay (Disappear Here).flac
NOMAD-0945,reuse,ok,238.49,238.49,,Alaska Thunderfuck - Your Makeup Is Terrible (Vocals model_bs_roformer_ep_317_sdr_12.9755.ckpt).flac,NOMAD-0945 - Alaska Thunderfuck - Your Makeup Is Terrible.flac
NOMAD-0946,reuse,ok,211.24,211.24,,Bloc Party - Hunting For Witches (Vocals model_bs_roformer_ep_317_sdr_12.9755.ckpt).flac,NOMAD-0946 - Bloc Party - Hunting For Witches.flac
NOMAD-0947,reuse,ok,282.11,282.11,,DeVotchKa - We're Leaving (Vocals model_bs_roformer_ep_317_sdr_12.9755.ckpt).flac,NOMAD-0947 - DeVotchKa - We're Leaving.flac
NOMAD-0948,reuse,ok,280.75,280.75,,DeVotchKa - Such a Lovely Thing (Vocals model_bs_roformer_ep_317_sdr_12.9755.ckpt).flac,NOMAD-0948 - DeVotchKa - Such a Lovely Thing.flac
NOMAD-0949,reuse,ok,257.31,257.31,,Bloc Party - Waiting For The 7.18 (Vocals model_bs_roformer_ep_317_sdr_12.9755.ckpt).flac,NOMAD-0949 - Bloc Party - Waiting For The 7.18.flac
NOMAD-0950,reuse,ok,178.61,178.61,,Every Time I Die - Ebolarama (Vocals model_bs_roformer_ep_317_sdr_12.9755.ckpt).flac,NOMAD-0950 - Every Time I Die - Ebolarama.flac
NOMAD-0951,reuse,ok,180.80,180.80,,James Johnston & Appel - Country Is For Me (Vocals model_bs_roformer_ep_317_sdr_12.9755.ckpt).flac,NOMAD-0951 - James Johnston & Appel - Country Is For Me.flac
NOMAD-0952,reuse,ok,157.08,157.08,,Charli XCX - Hot Girl (Bodies Bodies Bodies) (Vocals model_bs_roformer_ep_317_sdr_12.9755.ckpt).flac,NOMAD-0952 - Charli XCX - Hot Girl (Bodies Bodies Bodies).flac
NOMAD-0953,reuse,ok,210.00,210.00,,The Format - Inches and Falling (Vocals model_bs_roformer_ep_317_sdr_12.9755.ckpt).flac,NOMAD-0953 - The Format - Inches and Falling.flac
NOMAD-0954,reuse,ok,211.57,211.57,,Blue October - Libby I'm Listening (Vocals model_bs_roformer_ep_317_sdr_12.9755.ckpt).flac,NOMAD-0954 - Blue October - Libby I'm Listening.flac
NOMAD-0955,reuse,ok,158.60,158.60,,Young Franco - Going On (feat. piri & MC DT) (Vocals model_bs_roformer_ep_317_sdr_12.9755.ckpt).flac,NOMAD-0955 - Young Franco - Going On (feat. piri & MC DT).flac
NOMAD-0956,reuse,ok,130.23,130.23,,The Format - Matches (Vocals model_bs_roformer_ep_317_sdr_12.9755.ckpt).flac,NOMAD-0956 - The Format - Matches.flac
NOMAD-0957,reuse,ok,241.67,241.67,,The Format - Time Bomb (Vocals model_bs_roformer_ep_317_sdr_12.9755.ckpt).flac,NOMAD-0957 - The Format - Time Bomb.flac
NOMAD-0958,reuse,ok,231.44,231.44,,The Format - She Doesn't Get It (Vocals model_bs_roformer_ep_317_sdr_12.9755.ckpt).flac,NOMAD-0958 - The Format - She Doesn't Get It.flac
NOMAD-0959,reuse,ok,226.73,226.73,,The Format - Pick Me Up (Vocals model_bs_roformer_ep_317_sdr_12.9755.ckpt).flac,NOMAD-0959 - The Format - Pick Me Up.flac
NOMAD-0960,reuse,ok,288.11,288.11,,The Format - Oceans (Vocals model_bs_roformer_ep_317_sdr_12.9755.ckpt).flac,NOMAD-0960 - The Format - Oceans.flac
NOMAD-0961,reuse,ok,328.47,328.47,,The Format - If Work Permits (Vocals model_bs_roformer_ep_317_sdr_12.9755.ckpt).flac,NOMAD-0961 - The Format - If Work Permits.flac
NOMAD-0962,reuse,ok,207.63,207.63,,The Format - The Compromise (Vocals model_bs_roformer_ep_317_sdr_12.9755.ckpt).flac,NOMAD-0962 - The Format - The Compromise.flac
NOMAD-0963,reuse,ok,294.67,294.67,,Wild Beasts - Wanderlust (Vocals model_bs_roformer_ep_317_sdr_12.9755.ckpt).flac,NOMAD-0963 - Wild Beasts - Wanderlust.flac
NOMAD-0964,reuse,ok,273.04,273.04,,Tanner Usrey - Come Back Down (Vocals model_bs_roformer_ep_317_sdr_12.9755.ckpt).flac,NOMAD-0964 - Tanner Usrey - Come Back Down.flac
NOMAD-0965,reuse,ok,207.91,207.91,,Lori Perry - Up Against The Wind (Vocals model_bs_roformer_ep_317_sdr_12.9755.ckpt).flac,NOMAD-0965 - Lori Perry - Up Against The Wind.flac
NOMAD-0966,reuse,ok,301.73,301.73,,Jamiroquai - Time Won't Wait (Vocals model_bs_roformer_ep_317_sdr_12.9755.ckpt).flac,NOMAD-0966 - Jamiroquai - Time Won't Wait.flac
NOMAD-0967,reuse,ok,173.56,173.56,,"Joyce Partise - Perhaps, Perhaps, Perhaps (Vocals model_bs_roformer_ep_317_sdr_12.9755.ckpt).flac","NOMAD-0967 - Joyce Partise - Perhaps, Perhaps, Perhaps.flac"
NOMAD-0968,reuse,ok,366.93,366.93,,Jamiroquai - Talullah (Vocals model_bs_roformer_ep_317_sdr_12.9755.ckpt).flac,NOMAD-0968 - Jamiroquai - Talullah.flac
NOMAD-0969,reuse,ok,245.33,245.33,,Bruce Springsteen - Dancing In The Dark (Vocals model_bs_roformer_ep_317_sdr_12.9755.ckpt).flac,NOMAD-0969 - Bruce Springsteen - Dancing In The Dark.flac
NOMAD-0970,reuse,ok,245.16,245.16,,Jamiroquai - Emergency On Planet Earth (Vocals model_bs_roformer_ep_317_sdr_12.9755.ckpt).flac,NOMAD-0970 - Jamiroquai - Emergency On Planet Earth.flac
NOMAD-0971,reuse,ok,307.48,307.48,,Rod Stewart - Some Guys Have All the Luck (112 BPM) (Vocals model_bs_roformer_ep_317_sdr_12.9755.ckpt).flac,NOMAD-0971 - Rod Stewart - Some Guys Have All the Luck (112 BPM).flac
NOMAD-0972,reuse,ok,202.92,202.92,,Tanner Usrey - Give It Some Time (Vocals model_bs_roformer_ep_317_sdr_12.9755.ckpt).flac,NOMAD-0972 - Tanner Usrey - Give It Some Time.flac
NOMAD-0973,reuse,ok,468.08,468.08,,King Gizzard & the Lizard Wizard - Rattlesnake (Vocals model_bs_roformer_ep_317_sdr_12.9755.ckpt).flac,NOMAD-0973 - King Gizzard & the Lizard Wizard - Rattlesnake.flac
NOMAD-0974,reuse,ok,231.12,231.12,,The Replacements - Swingin Party (Vocals model_bs_roformer_ep_317_sdr_12.9755.ckpt).flac,NOMAD-0974 - The Replacements - Swingin Party.flac
NOMAD-0975,reuse,ok,237.85,237.85,,Mereba - Stay Tru (Vocals model_bs_roformer_ep_317_sdr_12.9755.ckpt).flac,NOMAD-0975 - Mereba - Stay Tru.flac
NOMAD-0976,reuse,ok,91.65,91.65,,U.S. Navy - Song of the Seabees (Vocals model_bs_roformer_ep_317_sdr_12.9755.ckpt).flac,NOMAD-0976 - U.S. Navy - Song of the Seabees.flac
NOMAD-0977,reuse,ok,205.89,205.89,,Breaking Benjamin - Blow Me Away (Vocals model_bs_roformer_ep_317_sdr_12.9755.ckpt).flac,NOMAD-0977 - Breaking Benjamin - Blow Me Away.flac
NOMAD-0978,reuse,ok,166.13,166.13,,Little Dragon - Disco Dangerous (Vocals model_bs_roformer_ep_317_sdr_12.9755.ckpt).flac,NOMAD-0978 - Little Dragon - Disco Dangerous.flac
NOMAD-0979,reuse,ok,275.14,275.14,,Bruce Springsteen - Dancing In The Dark (132 BPM) (Vocals model_bs_roformer_ep_317_sdr_12.9755.ckpt).flac,NOMAD-0979 - Bruce Springsteen - Dancing In The Dark (132 BPM).flac
NOMAD-0980,reuse,ok,176.88,176.88,,Karol Sevilla - La Bikina (Inspirado en _Coco_) (Vocals model_bs_roformer_ep_317_sdr_12.9755.ckpt).flac,NOMAD-0980 - Karol Sevilla - La Bikina (Inspirado en _Coco_).flac
NOMAD-0981,reuse,ok,224.76,224.76,,Frank Sinatra - I Hadn't Anyone Till You (Vocals model_bs_roformer_ep_317_sdr_12.9755.ckpt).flac,NOMAD-0981 - Frank Sinatra - I Hadn't Anyone Till You.flac
NOMAD-0982,reuse,ok,257.73,257.73,,FKA twigs - Wanderlust (Vocals model_bs_roformer_ep_317_sdr_12.9755.ckpt).flac,NOMAD-0982 - FKA twigs - Wanderlust.flac
NOMAD-0983,reuse,ok,207.89,207.89,,Theory of a Deadman - Ambulance (Vocals model_bs_roformer_ep_317_sdr_12.9755.ckpt).flac,NOMAD-0983 - Theory of a Deadman - Ambulance.flac
NOMAD-0984,reuse,ok,294.40,294.40,,Bruce Springsteen - Dancing In The Dark (124 BPM) (Vocals model_bs_roformer_ep_317_sdr_12.9755.ckpt).flac,NOMAD-0984 - Bruce Springsteen - Dancing In The Dark (124 BPM).flac
NOMAD-0985,reuse,ok,201.03,201.03,,Queens of the Stone Age - Head Like A Haunted House (Vocals model_bs_roformer_ep_317_sdr_12.9755.ckpt).flac,NOMAD-0985 - Queens of the Stone Age - Head Like A Haunted House.flac
NOMAD-0986,reuse,ok,144.00,144.00,,BRIM - gone (Vocals model_bs_roformer_ep_317_sdr_12.9755.ckpt).flac,NOMAD-0986 - BRIM - gone.flac
NOMAD-0987,reuse,ok,201.52,201.52,,BRIM - camaro (Vocals model_bs_roformer_ep_317_sdr_12.9755.ckpt).flac,NOMAD-0987 - BRIM - camaro.flac
NOMAD-0988,reuse,ok,166.12,166.12,,Super Furry Animals - Fire In My Heart (Vocals model_bs_roformer_ep_317_sdr_12.9755.ckpt).flac,NOMAD-0988 - Super Furry Animals - Fire In My Heart.flac
NOMAD-0989,reuse,ok,306.73,306.73,,Tony Bennett - I Remember You (Vocals model_bs_roformer_ep_317_sdr_12.9755.ckpt).flac,NOMAD-0989 - Tony Bennett - I Remember You.flac
NOMAD-0990,reuse,ok,309.00,309.00,,Kiltro - Curicó (Vocals model_bs_roformer_ep_317_sdr_12.9755.ckpt).flac,NOMAD-0990 - Kiltro - Curicó.flac
NOMAD-0991,reuse,ok,232.87,232.87,,Kwabs - Forgiven (Vocals model_bs_roformer_ep_317_sdr_12.9755.ckpt).flac,NOMAD-0991 - Kwabs - Forgiven.flac
NOMAD-0992,reuse,ok,274.76,274.76,,Full Crate - A Fool Getting Older (Vocals model_bs_roformer_ep_317_sdr_12.9755.ckpt).flac,NOMAD-0992 - Full Crate - A Fool Getting Older.flac
NOMAD-0993,reuse,ok,214.76,214.76,,JP Cooper - Beneath The Streetlights And The Moon (Vocals model_bs_roformer_ep_317_sdr_12.9755.ckpt).flac,NOMAD-0993 - JP Cooper - Beneath The Streetlights And The Moon.flac
NOMAD-0994,reuse,ok,181.21,181.21,,Jason Boland & The Stragglers - When I'm Stoned (Vocals model_bs_roformer_ep_317_sdr_12.9755.ckpt).flac,NOMAD-0994 - Jason Boland & The Stragglers - When I'm Stoned.flac
NOMAD-0995,reuse,ok,226.10,226.10,,Little Simz - Selfish (feat. Cleo Sol) (Vocals model_bs_roformer_ep_317_sdr_12.9755.ckpt).flac,NOMAD-0995 - Little Simz - Selfish (feat. Cleo Sol).flac
NOMAD-0996,reuse,ok,186.54,186.54,,Lin-Manuel Miranda - The Schuyler Sisters (Vocals model_bs_roformer_ep_317_sdr_12.9755.ckpt).flac,NOMAD-0996 - Lin-Manuel Miranda - The Schuyler Sisters.flac
NOMAD-0997,reuse,ok,225.03,225.03,,Bloc Party - The Prayer (Vocals model_bs_roformer_ep_317_sdr_12.9755.ckpt).flac,NOMAD-0997 - Bloc Party - The Prayer.flac
NOMAD-0998,reuse,ok,162.29,162.29,,David Allan Coe - Cheap Thrills (Vocals model_bs_roformer_ep_317_sdr_12.9755.ckpt).flac,NOMAD-0998 - David Allan Coe - Cheap Thrills.flac
NOMAD-0999,reuse,ok,274.32,274.32,,Tejon Street Corner Thieves - 44 (Vocals model_bs_roformer_ep_317_sdr_12.9755.ckpt).flac,NOMAD-0999 - Tejon Street Corner Thieves - 44.flac
NOMAD-1000,reuse,ok,285.47,285.47,,Tyler Childers - Eatin Big Time (Vocals model_bs_roformer_ep_317_sdr_12.9755.ckpt).flac,NOMAD-1000 - Tyler Childers - Eatin Big Time.flac
NOMAD-1001,reuse,ok,227.31,227.31,,Roger Waters - Empty Spaces (Live) (Vocals model_bs_roformer_ep_317_sdr_12.9755.ckpt).flac,NOMAD-1001 - Roger Waters - Empty Spaces (Live).flac
NOMAD-1002,reuse,ok,176.80,176.80,,Tyler Childers - Bitin' List (Vocals model_bs_roformer_ep_317_sdr_12.9755.ckpt).flac,NOMAD-1002 - Tyler Childers - Bitin' List.flac
NOMAD-1003,reuse,ok,197.45,197.45,,Lucky Boys Confusion - Mr. Wilmington (Vocals model_bs_roformer_ep_317_sdr_12.9755.ckpt).flac,NOMAD-1003 - Lucky Boys Confusion - Mr. Wilmington.flac
NOMAD-1004,reuse,ok,192.01,192.01,,The Menzingers - Hope Is a Dangerous Little Thing (Vocals model_bs_roformer_ep_317_sdr_12.9755.ckpt).flac,NOMAD-1004 - The Menzingers - Hope Is a Dangerous Little Thing.flac
NOMAD-1005,reuse,ok,311.29,311.29,,Car Seat Headrest - Ivy (Live) (Vocals model_bs_roformer_ep_317_sdr_12.9755.ckpt).flac,NOMAD-1005 - Car Seat Headrest - Ivy (Live).flac
NOMAD-1006,reuse,ok,52.00,52.00,,Paris Hilton - That’s Hot (Come Into My Kitchen) (Vocals model_bs_roformer_ep_317_sdr_12.9755.ckpt).flac,NOMAD-1006 - Paris Hilton - That’s Hot (Come Into My Kitchen).flac
NOMAD-1007,reuse,ok,127.01,127.01,,Ayesha Erotica - That's Hot (Vocals model_bs_roformer_ep_317_sdr_12.9755.ckpt).flac,NOMAD-1007 - Ayesha Erotica - That's Hot.flac
NOMAD-1008,reuse,ok,187.19,187.19,,The Holly Springs Disaster - Up In Smoke (Vocals model_bs_roformer_ep_317_sdr_12.9755.ckpt).flac,NOMAD-1008 - The Holly Springs Disaster - Up In Smoke.flac
NOMAD-1009,reuse,ok,254.72,254.72,,Jeffrey Lewis & The Voltage - Depression! Despair! (Vocals model_bs_roformer_ep_317_sdr_12.9755.ckpt).flac,NOMAD-1009 - Jeffrey Lewis & The Voltage - Depression! Despair!.flac
NOMAD-1010,reuse,ok,276.92,276.92,,Falling In Reverse - Pick Up The Phone (Vocals model_bs_roformer_ep_317_sdr_12.9755.ckpt).flac,NOMAD-1010 - Falling In Reverse - Pick Up The Phone.flac
NOMAD-1011,reuse,ok,168.02,168.02,,T.S.O.L - American Zone (Vocals model_bs_roformer_ep_317_sdr_12.9755.ckpt).flac,NOMAD-1011 - T.S.O.L - American Zone.flac
NOMAD-1012,reuse,ok,332.32,332.32,,Bloc Party - Uniform (Vocals model_bs_roformer_ep_317_sdr_12.9755.ckpt).flac,NOMAD-1012 - Bloc Party - Uniform.flac
NOMAD-1013,reuse,ok,294.31,294.31,,Bloc Party - Where Is Home (Vocals model_bs_roformer_ep_317_sdr_12.9755.ckpt).flac,NOMAD-1013 - Bloc Party - Where Is Home.flac
NOMAD-1014,reuse,ok,286.75,286.75,,Bloc Party - On (Vocals model_bs_roformer_ep_317_sdr_12.9755.ckpt).flac,NOMAD-1014 - Bloc Party - On.flac
NOMAD-1015,reuse,ok,327.29,327.29,,Bloc Party - Kreuzberg (Vocals model_bs_roformer_ep_317_sdr_12.9755.ckpt).flac,NOMAD-1015 - Bloc Party - Kreuzberg.flac
NOMAD-1016,reuse,ok,263.21,263.21,,Bloc Party - I Still Remember (Vocals model_bs_roformer_ep_317_sdr_12.9755.ckpt).flac,NOMAD-1016 - Bloc Party - I Still Remember.flac
NOMAD-1017,reuse,ok,267.28,267.28,,Richard Hawley - Valentine (Vocals model_bs_roformer_ep_317_sdr_12.9755.ckpt).flac,NOMAD-1017 - Richard Hawley - Valentine.flac
NOMAD-1018,reuse,ok,139.29,139.29,,Vibe Chemistry X Elro X Lupole - Burst My Bubble (Vocals model_bs_roformer_ep_317_sdr_12.9755.ckpt).flac,NOMAD-1018 - Vibe Chemistry X Elro X Lupole - Burst My Bubble.flac
NOMAD-1019,reuse,ok,145.48,145.48,,Eddie Zuko - Still (Vocals model_bs_roformer_ep_317_sdr_12.9755.ckpt).flac,NOMAD-1019 - Eddie Zuko - Still.flac
NOMAD-1020,reuse,ok,228.88,228.88,,Eddie Zuko - La Flor (Vocals model_bs_roformer_ep_317_sdr_12.9755.ckpt).flac,NOMAD-1020 - Eddie Zuko - La Flor.flac
NOMAD-1021,reuse,ok,305.80,305.80,,Stevie Wonder - All Day Sucker (Vocals model_bs_roformer_ep_317_sdr_12.9755.ckpt).flac,NOMAD-1021 - Stevie Wonder - All Day Sucker.flac
NOMAD-1022,reuse,ok,165.19,165.19,,Danny Brown - Monopoly (Vocals model_bs_roformer_ep_317_sdr_12.9755.ckpt).flac,NOMAD-1022 - Danny Brown - Monopoly.flac
NOMAD-1023,reuse,ok,238.42,238.42,,A.D.O.R - One For The Trouble (Vocals model_bs_roformer_ep_317_sdr_12.9755.ckpt).flac,NOMAD-1023 - A.D.O.R - One For The Trouble.flac
NOMAD-1024,reuse,ok,264.00,264.00,,Eddie Zuko - MADE (Vocals model_bs_roformer_ep_317_sdr_12.9755.ckpt).flac,NOMAD-1024 - Eddie Zuko - MADE.flac
NOMAD-1025,reuse,ok,183.46,183.46,,Parcels - Yougotmefeeling (Vocals model_bs_roformer_ep_317_sdr_12.9755.ckpt).flac,NOMAD-1025 - Parcels - Yougotmefeeling.flac
NOMAD-1026,reuse,ok,441.63,441.63,,Lou Rawls - World Of Trouble (Vocals model_bs_roformer_ep_317_sdr_12.9755.ckpt).flac,NOMAD-1026 - Lou Rawls - World Of Trouble.flac
NOMAD-1027,reuse,ok,131.95,131.95,,Beyoncé - BLACKBIIRD (Vocals model_bs_roformer_ep_317_sdr_12.9755.ckpt).flac,NOMAD-1027 - Beyoncé - BLACKBIIRD.flac
NOMAD-1028,reuse,ok,212.92,212.92,,Marco McDewey - 10 Steps To Love (Vocals model_bs_roformer_ep_317_sdr_12.9755.ckpt).flac,NOMAD-1028 - Marco McDewey - 10 Steps To Love.flac
NOMAD-1029,reuse,ok,291.87,291.87,,Cyndi Lauper - Say A Prayer (Vocals model_bs_roformer_ep_317_sdr_12.9755.ckpt).flac,NOMAD-1029 - Cyndi Lauper - Say A Prayer.flac
NOMAD-1030,reuse,ok,265.36,265.36,,Chris Rea - Gonna Buy a Hat (Vocals model_bs_roformer_ep_317_sdr_12.9755.ckpt).flac,NOMAD-1030 - Chris Rea - Gonna Buy a Hat.flac
NOMAD-1031,reuse,ok,143.51,143.83,,Coiled Menace - Adversities (Vocals model_bs_roformer_ep_317_sdr_12.9755.ckpt).flac,NOMAD-1031 - Coiled Menace - Adversities.flac
NOMAD-1032,reuse,ok,441.80,441.80,,Acid Bath - Dead Girl (Vocals model_bs_roformer_ep_317_sdr_12.9755.ckpt).flac,NOMAD-1032 - Acid Bath - Dead Girl.flac
NOMAD-1033,reuse,ok,302.16,302.16,,The Pine Valley Cosmonauts feat. Otis Clay - Banks of the Ohio (Vocals model_bs_roformer_ep_317_sdr_12.9755.ckpt).flac,NOMAD-1033 - The Pine Valley Cosmonauts feat. Otis Clay - Banks of the Ohio.flac
NOMAD-1034,reuse,ok,313.56,313.56,,Hybrid Minds feat. Tiffani Juno - Touch (Vocals model_bs_roformer_ep_317_sdr_12.9755.ckpt).flac,NOMAD-1034 - Hybrid Minds feat. Tiffani Juno - Touch.flac
NOMAD-1035,reuse,ok,173.01,173.01,,Hybrid Minds feat. Charlotte Plank - Lights (Vocals model_bs_roformer_ep_317_sdr_12.9755.ckpt).flac,NOMAD-1035 - Hybrid Minds feat. Charlotte Plank - Lights.flac
NOMAD-1036,reuse,ok,171.37,171.37,,Hybrid Minds feat. Brodie - Delete Our Love (Vocals model_bs_roformer_ep_317_sdr_12.9755.ckpt).flac,NOMAD-1036 - Hybrid Minds feat. Brodie - Delete Our Love.flac
NOMAD-1037,reuse,ok,300.69,300.69,,Hybrid Minds feat. Charlotte Haining - Demons (Vocals model_bs_roformer_ep_317_sdr_12.9755.ckpt).flac,NOMAD-1037 - Hybrid Minds feat. Charlotte Haining - Demons.flac
NOMAD-1038,reuse,ok,306.85,306.85,,Hybrid Minds feat. Emily Jones - Inside (Vocals model_bs_roformer_ep_317_sdr_12.9755.ckpt).flac,NOMAD-1038 - Hybrid Minds feat. Emily Jones - Inside.flac
NOMAD-1039,reuse,ok,181.41,181.41,,Hybrid Minds feat. Venbee - If Love Could Have Saved You (Vocals model_bs_roformer_ep_317_sdr_12.9755.ckpt).flac,NOMAD-1039 - Hybrid Minds feat. Venbee - If Love Could Have Saved You.flac
NOMAD-1040,reuse,ok,107.33,107.33,,I Can Make a Mess Like Nobody's Business - The Best Happiness Money Can Buy (Vocals model_bs_roformer_ep_317_sdr_12.9755.ckpt).flac,NOMAD-1040 - I Can Make a Mess Like Nobody's Business - The Best Happiness Money Can Buy.flac
NOMAD-1041,reuse,ok,210.73,210.73,,The Narcissist Cookbook - the Simplest Words (Vocals model_bs_roformer_ep_317_sdr_12.9755.ckpt).flac,NOMAD-1041 - The Narcissist Cookbook - the Simplest Words.flac
NOMAD-1042,reuse,ok,248.92,248.92,,Annie Lennox - The Saddest Song I've Got (Vocals model_bs_roformer_ep_317_sdr_12.9755.ckpt).flac,NOMAD-1042 - Annie Lennox - The Saddest Song I've Got.flac
NOMAD-1043,reuse,ok,245.59,245.59,,The Narcissist Cookbook - the library at the very bottom of this place (Vocals model_bs_roformer_ep_317_sdr_12.9755.ckpt).flac,NOMAD-1043 - The Narcissist Cookbook - the library at the very bottom of this place.flac
NOMAD-1044,reuse,ok,168.48,168.86,,Coiled Menace - Clandestine Beatdown (Vocals model_bs_roformer_ep_317_sdr_12.9755.ckpt).flac,NOMAD-1044 - Coiled Menace - Clandestine Beatdown.flac
NOMAD-1045,reuse,ok,206.73,206.73,,Title Fight - Liar’s Love (Vocals model_bs_roformer_ep_317_sdr_12.9755.ckpt).flac,NOMAD-1045 - Title Fight - Liar’s Love.flac
NOMAD-1046,reuse,ok,191.56,191.56,,Ray Price - Just Someone I Used To Know (Vocals model_bs_roformer_ep_317_sdr_12.9755.ckpt).flac,NOMAD-1046 - Ray Price - Just Someone I Used To Know.flac
NOMAD-1047,reuse,ok,367.91,367.91,,Notorious B.I.G. ft. Bone Thugs - Notorious Thugs (Vocals model_bs_roformer_ep_317_sdr_12.9755.ckpt).flac,NOMAD-1047 - Notorious B.I.G. ft. Bone Thugs - Notorious Thugs.flac
NOMAD-1048,fresh,ok,306.49,306.48,,NOMAD-1048 - Notorious B.I.G. ft. Bone Thugs - Notorious Thugs (Shortened).flac,NOMAD-1048 - Notorious B.I.G. ft. Bone Thugs - Notorious Thugs (Shortened).flac
NOMAD-1049,reuse,ok,169.69,169.69,,Perry Como - Seattle (Vocals model_bs_roformer_ep_317_sdr_12.9755.ckpt).flac,NOMAD-1049 - Perry Como - Seattle.flac
NOMAD-1050,reuse,ok,181.87,181.87,,Frank Sinatra - Bein' Green (Vocals model_bs_roformer_ep_317_sdr_12.9755.ckpt).flac,NOMAD-1050 - Frank Sinatra - Bein' Green.flac
NOMAD-1051,reuse,ok,203.88,203.88,,Perry Como - Co-Co (Ho Chi Kaka Ho) (Vocals model_bs_roformer_ep_317_sdr_12.9755.ckpt).flac,NOMAD-1051 - Wolfgang Petry - Co-Co (Ho Chi Kaka Ho).flac
NOMAD-1052,reuse,ok,156.87,156.87,,Julie Andrews - How Are Things in Glocca Morra_ (From Finian's Rainbow) (Vocals model_bs_roformer_ep_317_sdr_12.9755.ckpt).flac,NOMAD-1052 - Julie Andrews - How Are Things in Glocca Morra_ (From Finian's Rainbow).flac
NOMAD-1053,reuse,ok,268.73,268.73,,Adeem the Artist - For Judas (Vocals model_bs_roformer_ep_317_sdr_12.9755.ckpt).flac,NOMAD-1053 - Adeem the Artist - For Judas.flac
NOMAD-1054,reuse,ok,197.67,198.11,,Linda Feller - Ich führ Buch über jede Träne (Vocals model_bs_roformer_ep_317_sdr_12.9755.ckpt).flac,NOMAD-1054 - Linda Feller - Ich führ Buch über jede Träne.flac
NOMAD-1055,reuse,ok,224.51,224.51,,Whey Jennings - Jekyll & Hyde (Vocals model_bs_roformer_ep_317_sdr_12.9755.ckpt).flac,NOMAD-1055 - Whey Jennings - Jekyll & Hyde.flac
NOMAD-1056,reuse,ok,267.71,267.71,,Polyphonic Spree - Lithium (Vocals model_bs_roformer_ep_317_sdr_12.9755.ckpt).flac,NOMAD-1056 - Polyphonic Spree - Lithium.flac
NOMAD-1057,reuse,ok,196.63,196.63,,James Vickery - Until Morning (Vocals model_bs_roformer_ep_317_sdr_12.9755.ckpt).flac,NOMAD-1057 - James Vickery - Until Morning.flac
NOMAD-1058,reuse,ok,275.77,275.77,,King Gizzard & The Lizard Wizard - Gila Monster (Vocals model_bs_roformer_ep_317_sdr_12.9755.ckpt).flac,NOMAD-1058 - King Gizzard & The Lizard Wizard - Gila Monster.flac
NOMAD-1059,reuse,ok,160.01,160.01,,Nxdia - OUCH! (Vocals model_bs_roformer_ep_317_sdr_12.9755.ckpt).flac,NOMAD-1059 - Nxdia - OUCH!.flac
NOMAD-1060,reuse,ok,187.73,187.73,,MIKA - Grace Kelly (Vocals model_bs_roformer_ep_317_sdr_12.9755.ckpt).flac,NOMAD-1060 - MIKA - Grace Kelly.flac
NOMAD-1061,reuse,ok,252.26,252.26,,Nate Vickers - 30 Seconds To Mars - (Vocals model_bs_roformer_ep_317_sdr_12.9755.ckpt).flac,NOMAD-1061 - Nate Vickers - The Kill (30 Seconds To Mars).flac
NOMAD-1062,reuse,ok,169.41,169.41,,James Vickery - Pressure (with SG Lewis) (Vocals model_bs_roformer_ep_317_sdr_12.9755.ckpt).flac,NOMAD-1062 - James Vickery - Pressure (with SG Lewis).flac
NOMAD-1063,reuse,ok,166.93,166.93,,Jay and the Americans - Come a Little Bit Closer (Spanish Version) (Vocals model_bs_roformer_ep_317_sdr_12.9755.ckpt).flac,NOMAD-1063 - Jay and the Americans - Come a Little Bit Closer (Spanish Version).flac
NOMAD-1064,reuse,ok,166.28,166.28,,James Vickery - All In (Visualiser) (Vocals model_bs_roformer_ep_317_sdr_12.9755.ckpt).flac,NOMAD-1064 - James Vickery - All In (Visualiser).flac
NOMAD-1065,reuse,ok,231.93,231.93,,The Format - Let's Make This Moment A Crime (Vocals model_bs_roformer_ep_317_sdr_12.9755.ckpt).flac,NOMAD-1065 - The Format - Let's Make This Moment A Crime.flac
NOMAD-1066,reuse,ok,185.97,185.97,,Bear Ghost - Rivers Is a Vampire (Vocals model_bs_roformer_ep_317_sdr_12.9755.ckpt)_(Vocals)_mel_band_roformer_karaoke_gabox_v2.flac,NOMAD-1066 - Bear Ghost - Rivers Is a Vampire.flac
NOMAD-1067,reuse,ok,172.85,172.85,,Reneé Rapp - Colorado (Vocals model_bs_roformer_ep_317_sdr_12.9755.ckpt).flac,NOMAD-1067 - Reneé Rapp - Colorado.flac
NOMAD-1068,reuse,ok,184.91,184.91,,Willow - curious-furious (Vocals model_bs_roformer_ep_317_sdr_12.9755.ckpt).flac,NOMAD-1068 - Willow - curious-furious.flac
NOMAD-1069,reuse,ok,248.09,248.09,,From First to Last - Waltz Moore (Vocals model_bs_roformer_ep_317_sdr_12.9755.ckpt).flac,NOMAD-1069 - From First to Last - Waltz Moore.flac
NOMAD-1070,reuse,ok,214.47,214.47,,Lizzy McAlpine - erase me (Vocals model_bs_roformer_ep_317_sdr_12.9755.ckpt).flac,NOMAD-1070 - Lizzy McAlpine - erase me.flac
NOMAD-1071,reuse,ok,325.49,325.49,,Hole - Mrs. Jones (Vocals model_bs_roformer_ep_317_sdr_12.9755.ckpt).flac,NOMAD-1071 - Hole - Mrs. Jones.flac
NOMAD-1072,reuse,ok,179.88,179.88,,Coiled Menace - Chemical Eyes (Vocals model_bs_roformer_ep_317_sdr_12.9755.ckpt).flac,NOMAD-1072 - Coiled Menace - Chemical Eyes.flac
NOMAD-1073,reuse,ok,184.27,184.27,,Coiled Menace - Honor Among Thieves (Vocals model_bs_roformer_ep_317_sdr_12.9755.ckpt).flac,NOMAD-1073 - Coiled Menace - Honor Among Thieves.flac
NOMAD-1074,reuse,ok,235.67,235.67,,The Format - Holy Roller (Vocals model_bs_roformer_ep_317_sdr_12.9755.ckpt).flac,NOMAD-1074 - The Format - Holy Roller.flac
NOMAD-1075,reuse,ok,151.79,151.79,,"The Mello-Kings - Tonite, Tonite (Vocals model_bs_roformer_ep_317_sdr_12.9755.ckpt).flac","NOMAD-1075 - The Mello-Kings - Tonite, Tonite.flac"
NOMAD-1076,reuse,ok,126.67,126.67,,Marty Robbins - Tall Handsome Stranger (Vocals model_bs_roformer_ep_317_sdr_12.9755.ckpt).flac,NOMAD-1076 - Marty Robbins - Tall Handsome Stranger.flac
NOMAD-1077,reuse,ok,201.84,201.84,,illScarlett - Nothing Special (Vocals model_bs_roformer_ep_317_sdr_12.9755.ckpt).flac,NOMAD-1077 - illScarlett - Nothing Special.flac
NOMAD-1078,reuse,ok,250.84,250.84,,AJR - Don't Throw Out My Legos (Vocals model_bs_roformer_ep_317_sdr_12.9755.ckpt).flac,NOMAD-1078 - AJR - Don't Throw Out My Legos.flac
NOMAD-1079,reuse,ok,195.76,195.76,,Bob Marley & the Wailers - Kaya (Vocals model_bs_roformer_ep_317_sdr_12.9755.ckpt).flac,NOMAD-1079 - Bob Marley & the Wailers - Kaya.flac
NOMAD-1080,reuse,ok,141.08,141.08,,Dominic Fike - White Keys (Vocals model_bs_roformer_ep_317_sdr_12.9755.ckpt).flac,NOMAD-1080 - Dominic Fike - White Keys.flac
NOMAD-1081,reuse,ok,221.95,221.95,,Maribou State - Spooky (feat. Holly Walker) (Vocals model_bs_roformer_ep_317_sdr_12.9755.ckpt).flac,NOMAD-1081 - Maribou State - Spooky (feat. Holly Walker).flac
NOMAD-1082,reuse,ok,200.81,200.81,,Pablo Montero - Que me digan viejo (Vocals model_bs_roformer_ep_317_sdr_12.9755.ckpt).flac,NOMAD-1082 - Pablo Montero - Que me digan viejo.flac
NOMAD-1083,reuse,ok,233.01,233.01,,Paramore - Thick Skull (Vocals model_bs_roformer_ep_317_sdr_12.9755.ckpt).flac,NOMAD-1083 - Paramore - Thick Skull.flac
NOMAD-1084,reuse,ok,285.27,285.27,,Camilo Sesto - Te Quiero Así (Vocals model_bs_roformer_ep_317_sdr_12.9755.ckpt).flac,NOMAD-1084 - Camilo Sesto - Te Quiero Así.flac
NOMAD-1085,reuse,ok,298.27,298.27,,The Amazing Devil - That Unwanted Animal (Vocals model_bs_roformer_ep_317_sdr_12.9755.ckpt).flac,NOMAD-1085 - The Amazing Devil - That Unwanted Animal (No BV).flac
NOMAD-1086,reuse,ok,205.40,205.40,,"Aesma Daeva - D'Oreste, D'Adjace (Vocals model_bs_roformer_ep_317_sdr_12.9755.ckpt).flac","NOMAD-1086 - Aesma Daeva - D'Oreste, D'Adjace.flac"
NOMAD-1087,reuse,ok,219.51,219.51,,Junior Brown - Hang Up And Drive (Vocals model_bs_roformer_ep_317_sdr_12.9755.ckpt).flac,NOMAD-1087 - Junior Brown - Hang Up And Drive.flac
NOMAD-1088,reuse,ok,191.01,191.01,,All Time Low - For Baltimore (Vocals model_bs_roformer_ep_317_sdr_12.9755.ckpt).flac,NOMAD-1088 - All Time Low - For Baltimore.flac
NOMAD-1089,reuse,ok,228.21,228.21,,The Summer Set - Heart on the Floor (Vocals model_bs_roformer_ep_317_sdr_12.9755.ckpt).flac,NOMAD-1089 - The Summer Set - Heart on the Floor.flac
NOMAD-1090,reuse,ok,232.50,232.50,,Red Leather - SINS (with Sueco & WesGhost) (Vocals model_bs_roformer_ep_317_sdr_12.9755.ckpt).flac,NOMAD-1090 - Red Leather - SINS (with Sueco & WesGhost).flac
NOMAD-1091,reuse,ok,145.15,145.15,,Peggy - DEAR READER (Vocals model_bs_roformer_ep_317_sdr_12.9755.ckpt).flac,NOMAD-1091 - Peggy - DEAR READER.flac
NOMAD-1092,reuse,ok,252.56,252.56,,Roy Orbison - A Love So Beautiful (Vocals model_bs_roformer_ep_317_sdr_12.9755.ckpt).flac,NOMAD-1092 - Roy Orbison - A Love So Beautiful.flac
NOMAD-1093,reuse,ok,410.87,410.87,,Roxy Music - For Your Pleasure (Vocals model_bs_roformer_ep_317_sdr_12.9755.ckpt).flac,NOMAD-1093 - Roxy Music - For Your Pleasure.flac
NOMAD-1094,reuse,ok,251.78,251.78,,Noah Rinker - Wherever I Go (Vocals model_bs_roformer_ep_317_sdr_12.9755.ckpt).flac,NOMAD-1094 - Noah Rinker - Wherever I Go.flac
NOMAD-1095,reuse,ok,174.78,174.78,,Martine McCutcheon - Maybe This Time (Vocals model_bs_roformer_ep_317_sdr_12.9755.ckpt).flac,NOMAD-1095 - Martine McCutcheon - Maybe This Time (pitch +4).flac
NOMAD-1096,reuse,ok,172.43,172.43,,The Ting Tings - Shut Up and Let Me Go (Vocals model_bs_roformer_ep_317_sdr_12.9755.ckpt).flac,NOMAD-1096 - The Ting Tings - Shut Up and Let Me Go.flac
NOMAD-1097,reuse,ok,203.24,203.24,,The Ting Tings - Great DJ (Vocals model_bs_roformer_ep_317_sdr_12.9755.ckpt).flac,NOMAD-1097 - The Ting Tings - Great DJ.flac
NOMAD-1098,reuse,ok,311.95,311.95,,The Ting Tings - That's Not My Name (Vocals model_bs_roformer_ep_317_sdr_12.9755.ckpt).flac,NOMAD-1098 - The Ting Tings - That's Not My Name.flac
NOMAD-1099,reuse,ok,233.37,233.37,,Graham Central Station - Love And Happiness (Vocals model_bs_roformer_ep_317_sdr_12.9755.ckpt).flac,NOMAD-1099 - Graham Central Station - Love And Happiness.flac
NOMAD-1100,reuse,ok,312.87,312.87,,Graham Central Station - Can You Handle It (Vocals model_bs_roformer_ep_317_sdr_12.9755.ckpt).flac,NOMAD-1100 - Graham Central Station - Can You Handle It.flac
NOMAD-1101,reuse,ok,295.13,295.13,,Graham Central Station - Hair (Vocals model_bs_roformer_ep_317_sdr_12.9755.ckpt).flac,NOMAD-1101 - Graham Central Station - Hair.flac
NOMAD-1102,reuse,ok,262.54,262.54,,Darren Hayes - In Your Eyes (Original Version Edit) (Vocals model_bs_roformer_ep_317_sdr_12.9755.ckpt).flac,NOMAD-1102 - Darren Hayes - In Your Eyes (pitch +4).flac
NOMAD-1103,reuse,ok,210.28,210.28,,AJR - Three-Thirty (Vocals model_bs_roformer_ep_317_sdr_12.9755.ckpt).flac,NOMAD-1103 - AJR - Three-Thirty.flac
NOMAD-1104,reuse,ok,223.73,223.73,,Wolfgang Petry - Drunter Und Drüber (Vocals model_bs_roformer_ep_317_sdr_12.9755.ckpt).flac,NOMAD-1104 - Wolfgang Petry - Drunter Und Drüber.flac
NOMAD-1105,reuse,ok,193.72,193.72,,Linda Feller - Liebe wie im Rosengarten (Vocals model_bs_roformer_ep_317_sdr_12.9755.ckpt).flac,NOMAD-1105 - Linda Feller - Liebe wie im Rosengarten.flac
NOMAD-1106,reuse,ok,212.11,212.11,,Linda Feller - And're Mütter haben auch ein schönes Kind (Vocals model_bs_roformer_ep_317_sdr_12.9755.ckpt).flac,NOMAD-1106 - Linda Feller - And're Mütter haben auch ein schönes Kind.flac
NOMAD-1107,reuse,ok,205.10,205.10,,Charli XCX - Secret (Shh) (Vocals model_bs_roformer_ep_317_sdr_12.9755.ckpt).flac,NOMAD-1107 - Charli XCX - Secret (Shh).flac
NOMAD-1108,reuse,ok,293.75,293.75,,TRAITRS - The Lovely Wounded (Vocals model_bs_roformer_ep_317_sdr_12.9755.ckpt).flac,NOMAD-1108 - TRAITRS - The Lovely Wounded.flac
NOMAD-1109,reuse,ok,170.16,170.16,,Stella Lefty - Cynic (Tranposed (Vocals model_bs_roformer_ep_317_sdr_12.9755.ckpt).flac,NOMAD-1109 - Stella Lefty - Cynic (pitch -5).flac
NOMAD-1110,reuse,ok,312.29,312.29,,Moron Police - Captain Awkward (Vocals model_bs_roformer_ep_317_sdr_12.9755.ckpt).flac,NOMAD-1110 - Moron Police - Captain Awkward.flac
NOMAD-1111,reuse,ok,191.80,191.80,,Broods - Bridges (Vocals model_bs_roformer_ep_317_sdr_12.9755.ckpt).flac,NOMAD-1111 - Broods - Bridges.flac
NOMAD-1112,reuse,ok,217.46,217.46,,Beck - Thinking About You (Vocals model_bs_roformer_ep_317_sdr_12.9755.ckpt).flac,NOMAD-1112 - Beck - Thinking About You.flac
NOMAD-1113,reuse,ok,177.00,177.00,,piri & tommy - who invited u (Vocals model_bs_roformer_ep_317_sdr_12.9755.ckpt).flac,NOMAD-1113 - piri & tommy - who invited u.flac
NOMAD-1114,reuse,ok,199.48,199.48,,piri & tommy - dog (Vocals model_bs_roformer_ep_317_sdr_12.9755.ckpt).flac,NOMAD-1114 - piri & tommy - dog.flac
NOMAD-1115,reuse,ok,267.89,267.89,,Phantom Planet - Raise the Dead (Vocals model_bs_roformer_ep_317_sdr_12.9755.ckpt).flac,NOMAD-1115 - Phantom Planet - Raise the Dead.flac
NOMAD-1116,reuse,ok,264.92,264.92,,Bear Ghost - Heavy News (Vocals model_bs_roformer_ep_317_sdr_12.9755.ckpt).flac,NOMAD-1116 - Bear Ghost - Heavy News.flac
NOMAD-1117,reuse,ok,188.89,188.89,,Maury Yeston (Nine_ The Musical) - Only With You (Vocals model_bs_roformer_ep_317_sdr_12.9755.ckpt).flac,NOMAD-1117 - Maury Yeston (Nine_ The Musical) - Only With You.flac
NOMAD-1118,reuse,ok,294.11,294.11,,Public Enemy - Hazy Shade of Criminal (Vocals model_bs_roformer_ep_317_sdr_12.9755.ckpt).flac,NOMAD-1118 - Public Enemy - Hazy Shade of Criminal.flac
NOMAD-1119,reuse,ok,239.92,239.92,,Ranchside Melodies - Let it Be - The Beatles (Vocals model_bs_roformer_ep_317_sdr_12.9755.ckpt).flac,NOMAD-1119 - Ranchside Melodies - Let it Be - The Beatles.flac
NOMAD-1120,reuse,ok,256.28,256.28,,The Main Squeeze - #W W C (Vocals model_bs_roformer_ep_317_sdr_12.9755.ckpt).flac,NOMAD-1120 - The Main Squeeze - #W W C.flac
NOMAD-1121,reuse,ok,253.13,253.13,,John Prine - The Sins of Memphisto (Vocals model_bs_roformer_ep_317_sdr_12.9755.ckpt).flac,NOMAD-1121 - John Prine - The Sins of Memphisto.flac
NOMAD-1122,reuse,ok,129.07,129.07,,Mel McDaniel - Let It Roll (Let It Rock) (Vocals model_bs_roformer_ep_317_sdr_12.9755.ckpt).flac,NOMAD-1122 - Mel McDaniel - Let It Roll (Let It Rock).flac
NOMAD-1123,reuse,ok,231.37,231.37,,Vern Gosdin - Chiseled In Stone (Vocals model_bs_roformer_ep_317_sdr_12.9755.ckpt).flac,NOMAD-1123 - Vern Gosdin - Chiseled In Stone.flac
NOMAD-1124,reuse,ok,239.96,239.96,,James Taylor - Carolina In My Mind (Vocals model_bs_roformer_ep_317_sdr_12.9755.ckpt).flac,NOMAD-1124 - James Taylor - Carolina In My Mind.flac
NOMAD-1125,reuse,ok,212.81,212.81,,Our Sins - Down - The Fallen Interlude (Vocals model_bs_roformer_ep_317_sdr_12.9755.ckpt).flac,NOMAD-1125 - Our Sins - Down - The Fallen Interlude.flac
NOMAD-1126,reuse,ok,331.60,331.60,,American Head Charge - Just So You Know (Vocals model_bs_roformer_ep_317_sdr_12.9755.ckpt).flac,NOMAD-1126 - American Head Charge - Just So You Know.flac
NOMAD-1127,reuse,ok,172.53,172.53,,Newgrounds Death Rugby - Hinamizawa (Vocals model_bs_roformer_ep_317_sdr_12.9755.ckpt).flac,NOMAD-1127 - Newgrounds Death Rugby - Hinamizawa.flac
NOMAD-1128,reuse,ok,96.98,96.98,,Hole - Pretty On The Inside (Vocals model_bs_roformer_ep_317_sdr_12.9755.ckpt).flac,NOMAD-1128 - Hole - Pretty On The Inside.flac
NOMAD-1129,reuse,ok,383.27,383.27,,Coil - Ostia (The Death of Pasolini) (Vocals model_bs_roformer_ep_317_sdr_12.9755.ckpt).flac,NOMAD-1129 - Coil - Ostia (The Death of Pasolini).flac
NOMAD-1130,reuse,ok,247.72,247.72,,Academia de Musica Guzmán Records - La Llorona (Cover) (Vocals model_bs_roformer_ep_317_sdr_12.9755.ckpt).flac,NOMAD-1130 - Academia de Musica Guzmán Records - La Llorona (Cover).flac
NOMAD-1131,reuse,ok,232.44,232.44,,American Head Charge - Downstream (Vocals model_bs_roformer_ep_317_sdr_12.9755.ckpt).flac,NOMAD-1131 - American Head Charge - Downstream.flac
NOMAD-1132,reuse,ok,196.80,196.80,,Samantha Leah - WILD WOMAN (Vocals model_bs_roformer_ep_317_sdr_12.9755.ckpt).flac,NOMAD-1132 - Samantha Leah - WILD WOMAN.flac
NOMAD-1133,reuse,ok,163.54,163.54,,Panchiko - Laputa (Vocals model_bs_roformer_ep_317_sdr_12.9755.ckpt).flac,NOMAD-1133 - Panchiko - Laputa.flac
NOMAD-1134,reuse,ok,215.47,215.47,,Junior Brown - Long Walk Back to San Antone (Vocals model_bs_roformer_ep_317_sdr_12.9755.ckpt).flac,NOMAD-1134 - Junior Brown - Long Walk Back to San Antone.flac
NOMAD-1135,reuse,ok,283.25,283.25,,Bonny Doon - San Francisco (Vocals model_bs_roformer_ep_317_sdr_12.9755.ckpt).flac,NOMAD-1135 - Bonny Doon - San Francisco.flac
NOMAD-1136,reuse,ok,270.49,270.49,,Graham Central Station - People (Vocals model_bs_roformer_ep_317_sdr_12.9755.ckpt).flac,NOMAD-1136 - Graham Central Station - People.flac
NOMAD-1137,reuse,ok,254.74,254.74,,Elijah Woods - Stay Home (Vocals model_bs_roformer_ep_317_sdr_12.9755.ckpt).flac,NOMAD-1137 - Elijah Woods - Stay Home.flac
NOMAD-1138,reuse,ok,185.63,185.63,,Benny Schnier - Bin wieder frei (Vocals model_bs_roformer_ep_317_sdr_12.9755.ckpt).flac,NOMAD-1138 - Benny Schnier - Bin wieder frei.flac
NOMAD-1139,reuse,ok,171.33,171.33,,Hokus Pick - I'm So Happy (Vocals model_bs_roformer_ep_317_sdr_12.9755.ckpt).flac,NOMAD-1139 - Hokus Pick - I'm So Happy.flac
NOMAD-1140,reuse,ok,283.29,283.29,,American Head Charge - To Be Me (Vocals model_bs_roformer_ep_317_sdr_12.9755.ckpt).flac,NOMAD-1140 - American Head Charge - To Be Me.flac
NOMAD-1141,reuse,ok,201.17,201.17,,Korn - Good God (Vocals model_bs_roformer_ep_317_sdr_12.9755.ckpt).flac,NOMAD-1141 - Korn - Good God.flac
NOMAD-1142,reuse,ok,163.97,163.97,,Flux of Pink Indians - Tube Disaster (Vocals model_bs_roformer_ep_317_sdr_12.9755.ckpt).flac,NOMAD-1142 - Flux of Pink Indians - Tube Disaster.flac
NOMAD-1143,reuse,ok,223.29,223.29,,Christian Death - Resurrection - Sixth Communion (Vocals model_bs_roformer_ep_317_sdr_12.9755.ckpt).flac,NOMAD-1143 - Christian Death - Resurrection - Sixth Communion.flac
NOMAD-1144,reuse,ok,241.65,241.65,,AWOLNATION - Run (Vocals model_bs_roformer_ep_317_sdr_12.9755.ckpt).flac,NOMAD-1144 - AWOLNATION - Run.flac
NOMAD-1145,reuse,ok,203.47,203.47,,Kerrigan-Lowdermilk ft. Michael Arden - Run Away With Me (Vocals model_bs_roformer_ep_317_sdr_12.9755.ckpt).flac,NOMAD-1145 - Kerrigan-Lowdermilk ft. Michael Arden - Run Away With Me.flac
NOMAD-1146,reuse,ok,215.05,215.05,,Jeremy Jordan - Run Away With Me (Live Sony Hall)_(vocals)_BS-Roformer-SW.flac,NOMAD-1146 - Jeremy Jordan - Run Away With Me (Live Sony Hall).flac
NOMAD-1147,reuse,ok,212.92,212.94,,benches - Angry Lizard Noise (Vocals model_bs_roformer_ep_317_sdr_12.9755.ckpt).flac,NOMAD-1147 - benches - Angry Lizard Noise.flac
NOMAD-1148,reuse,ok,191.41,191.41,,Falling in Reverse - Voices in My Head (Vocals model_bs_roformer_ep_317_sdr_12.9755.ckpt).flac,NOMAD-1148 - Falling in Reverse - Voices in My Head.flac
NOMAD-1149,reuse,ok,137.13,137.13,,The Mountain Goats - Flight 717_ Going To Denmark (Vocals model_bs_roformer_ep_317_sdr_12.9755.ckpt).flac,NOMAD-1149 - The Mountain Goats - Flight 717_ Going To Denmark.flac
NOMAD-1150,reuse,ok,262.44,262.44,,Five Finger Death Punch - Bad Company (Vocals model_bs_roformer_ep_317_sdr_12.9755.ckpt).flac,NOMAD-1150 - Five Finger Death Punch - Bad Company.flac
NOMAD-1151,reuse,ok,231.63,231.63,,Korn - The Devil Went Down To Georgia (Vocals model_bs_roformer_ep_317_sdr_12.9755.ckpt).flac,NOMAD-1151 - Korn - The Devil Went Down To Georgia.flac
NOMAD-1152,reuse,ok,248.45,248.45,,Shinedown - A Symptom of Being Human (Vocals model_bs_roformer_ep_317_sdr_12.9755.ckpt).flac,NOMAD-1152 - Shinedown - A Symptom of Being Human.flac
NOMAD-1153,reuse,ok,204.69,204.69,,Seether - Goodbye Tonight (Vocals model_bs_roformer_ep_317_sdr_12.9755.ckpt).flac,NOMAD-1153 - Seether - Goodbye Tonight.flac
NOMAD-1154,reuse,ok,273.69,273.69,,Arcade Fire - Unconditional I (Lookout Kid) (Vocals model_bs_roformer_ep_317_sdr_12.9755.ckpt).flac,NOMAD-1154 - Arcade Fire - Unconditional I (Lookout Kid).flac
NOMAD-1155,reuse,ok,466.47,466.47,,Ethel Cain - A House In Nebraska (Vocals model_bs_roformer_ep_317_sdr_12.9755.ckpt).flac,NOMAD-1155 - Ethel Cain - A House In Nebraska.flac
NOMAD-1156,reuse,ok,239.88,239.88,,Houndmouth - Sedona (Vocals model_bs_roformer_ep_317_sdr_12.9755.ckpt).flac,NOMAD-1156 - Houndmouth - Sedona.flac
NOMAD-1157,reuse,ok,203.81,203.81,,Five Finger Death Punch - The Pride (Vocals model_bs_roformer_ep_317_sdr_12.9755.ckpt).flac,NOMAD-1157 - Five Finger Death Punch - The Pride.flac
NOMAD-1158,reuse,ok,261.83,261.83,,Volbeat - Still Counting (Vocals model_bs_roformer_ep_317_sdr_12.9755.ckpt).flac,NOMAD-1158 - Volbeat - Still Counting.flac
NOMAD-1159,reuse,ok,164.20,164.20,,Boz Scaggs - T-Bone Shuffle (Vocals model_bs_roformer_ep_317_sdr_12.9755.ckpt).flac,NOMAD-1159 - Boz Scaggs - T-Bone Shuffle.flac
NOMAD-1160,reuse,ok,202.00,202.00,,Doug Stone - I'd Be Better Off (In a Pine Box) (Vocals model_bs_roformer_ep_317_sdr_12.9755.ckpt).flac,NOMAD-1160 - Doug Stone - I'd Be Better Off (In a Pine Box).flac
NOMAD-1161,reuse,ok,269.84,269.84,,Iggy Pop - Five Foot One (Vocals model_bs_roformer_ep_317_sdr_12.9755.ckpt).flac,NOMAD-1161 - Iggy Pop - Five Foot One.flac
NOMAD-1162,reuse,ok,179.86,179.86,,Arcy Drive - Roll My Stone (Vocals model_bs_roformer_ep_317_sdr_12.9755.ckpt).flac,NOMAD-1162 - Arcy Drive - Roll My Stone.flac
NOMAD-1163,fresh,ok,178.01,177.98,,NOMAD-1163 - Port Isaacs Fishermans Friends - Lamorna (2018).m4a,NOMAD-1163 - Port Isaacs Fishermans Friends - Lamorna (2018).flac
NOMAD-1164,fresh,ok,157.00,157.00,,NOMAD-1164 - Attack Attack - The People's Elbow.flac,NOMAD-1164 - Attack Attack - The People's Elbow.flac
NOMAD-1165,reuse,ok,234.23,234.23,,Dot Dot Curve - Thisdick (Vocals model_bs_roformer_ep_317_sdr_12.9755.ckpt).flac,NOMAD-1165 - Dot Dot Curve - Thisdick.flac
NOMAD-1166,reuse,ok,215.13,215.13,,Four Lanes Male Choir - The White Rose (Vocals model_bs_roformer_ep_317_sdr_12.9755.ckpt).flac,NOMAD-1166 - Four Lanes Male Choir - The White Rose.flac
NOMAD-1167,reuse,ok,199.65,199.65,,Samm Henshaw - The World Is Mine (Vocals model_bs_roformer_ep_317_sdr_12.9755.ckpt).flac,NOMAD-1167 - Samm Henshaw - The World Is Mine.flac
NOMAD-1168,reuse,ok,210.56,210.56,,The Wombats - Moving To New York (Vocals model_bs_roformer_ep_317_sdr_12.9755.ckpt).flac,NOMAD-1168 - The Wombats - Moving To New York.flac
NOMAD-1169,reuse,ok,186.33,186.33,,The Wombats - Lost In The Post (Vocals model_bs_roformer_ep_317_sdr_12.9755.ckpt).flac,NOMAD-1169 - The Wombats - Lost In The Post.flac
NOMAD-1170,reuse,ok,187.20,187.20,,Juice WRLD - HeMotions (Vocals model_bs_roformer_ep_317_sdr_12.9755.ckpt).flac,NOMAD-1170 - Juice WRLD - HeMotions.flac
NOMAD-1171,reuse,ok,212.00,212.00,,Jethro Tull - Another Christmas Song (Vocals model_bs_roformer_ep_317_sdr_12.9755.ckpt).flac,NOMAD-1171 - Jethro Tull - Another Christmas Song.flac
NOMAD-1172,reuse,ok,225.05,225.05,,Poe - Hey Pretty (Vocals model_bs_roformer_ep_317_sdr_12.9755.ckpt).flac,NOMAD-1172 - Poe - Hey Pretty.flac
NOMAD-1173,reuse,ok,232.12,232.12,,BBYDnGR - DOUBLE CUP (Vocals model_bs_roformer_ep_317_sdr_12.9755.ckpt).flac,NOMAD-1173 - BBYDnGR - DOUBLE CUP.flac
NOMAD-1174,reuse,ok,182.11,182.11,,Eyehategod - Trying to Crack the Hard Dollar (Vocals model_bs_roformer_ep_317_sdr_12.9755.ckpt).flac,NOMAD-1174 - Eyehategod - Trying to Crack the Hard Dollar.flac
NOMAD-1175,reuse,ok,257.83,257.83,,Eyehategod - High Risk Trigger (Vocals model_bs_roformer_ep_317_sdr_12.9755.ckpt).flac,NOMAD-1175 - Eyehategod - High Risk Trigger.flac
NOMAD-1176,reuse,ok,177.32,177.32,,Rudimental - Dancing Is Healing (Vocals model_bs_roformer_ep_317_sdr_12.9755.ckpt).flac,NOMAD-1176 - Rudimental - Dancing Is Healing.flac
NOMAD-1177,reuse,ok,186.03,186.03,,Days N' Daze - Fuck It! (Vocals model_bs_roformer_ep_317_sdr_12.9755.ckpt).flac,NOMAD-1177 - Days N' Daze - Fuck It!.flac
NOMAD-1178,reuse,ok,224.05,224.05,,Seether - Tonight (Vocals model_bs_roformer_ep_317_sdr_12.9755.ckpt).flac,NOMAD-1178 - Seether - Tonight.flac
NOMAD-1179,reuse,ok,120.74,120.74,,Father Of Peace - No Complaints (Vocals model_bs_roformer_ep_317_sdr_12.9755.ckpt).flac,NOMAD-1179 - Father Of Peace - No Complaints.flac
NOMAD-1180,reuse,ok,203.27,203.27,,"Orla Gartland - You're Not Special, Babe (Vocals model_bs_roformer_ep_317_sdr_12.9755.ckpt).flac","NOMAD-1180 - Orla Gartland - You're Not Special, Babe.flac"
NOMAD-1181,fresh,ok,357.74,357.74,,NOMAD-1181 - Blade of Glass - Loveis(sick)_5.wav,NOMAD-1181 - Blade of Glass - Loveis(sick)_5.flac
NOMAD-1182,reuse,ok,194.63,194.63,,Anita O'Day - Honeysuckle Rose (Vocals model_bs_roformer_ep_317_sdr_12.9755.ckpt).flac,NOMAD-1182 - Anita O'Day - Honeysuckle Rose.flac
NOMAD-1183,reuse,ok,245.26,245.26,,Josh Krajcik - Let Me Hold You (Vocals model_bs_roformer_ep_317_sdr_12.9755.ckpt).flac,NOMAD-1183 - Josh Krajcik - Let Me Hold You.flac
NOMAD-1184,reuse,ok,211.88,211.88,,Eddie Money - I'll Get By (Vocals model_bs_roformer_ep_317_sdr_12.9755.ckpt).flac,NOMAD-1184 - Eddie Money - I'll Get By.flac
NOMAD-1185,reuse,ok,221.03,221.03,,Avril Lavigne - Unwanted (Vocals model_bs_roformer_ep_317_sdr_12.9755.ckpt).flac,NOMAD-1185 - Avril Lavigne - Unwanted.flac
NOMAD-1186,reuse,ok,205.75,205.75,,Five For Fighting - All I Know (Vocals model_bs_roformer_ep_317_sdr_12.9755.ckpt).flac,NOMAD-1186 - Five For Fighting - All I Know.flac
NOMAD-1187,fresh,ok,212.60,212.56,,NOMAD-1187 - Avril Lavigne - Nobody's Home.m4a,NOMAD-1187 - Avril Lavigne - Nobody's Home.flac
NOMAD-1188,fresh,ok,269.53,269.50,,NOMAD-1188 - Liz Callaway - The Story Goes On (Baby).m4a,NOMAD-1188 - Liz Callaway - The Story Goes On (Baby).flac
NOMAD-1189,reuse,ok,216.77,216.77,,Fiona Apple - Parting Gift (Vocals model_bs_roformer_ep_317_sdr_12.9755.ckpt).flac,NOMAD-1189 - Fiona Apple - Parting Gift.flac
NOMAD-1190,fresh,ok,53.60,53.56,,NOMAD-1190 - Minutemen - Search.m4a,NOMAD-1190 - Minutemen - Search.flac
NOMAD-1191,fresh,ok,305.37,305.34,,NOMAD-1191 - Eiffel 65 - Living in a Bubble.m4a,NOMAD-1191 - Eiffel 65 - Living in a Bubble.flac
NOMAD-1192,reuse,ok,211.93,211.93,,Avril Lavigne - Mobile (Vocals model_bs_roformer_ep_317_sdr_12.9755.ckpt).flac,NOMAD-1192 - Avril Lavigne - Mobile.flac
NOMAD-1193,reuse,ok,223.07,223.07,,Avril Lavigne - I'm With You (Vocals model_bs_roformer_ep_317_sdr_12.9755.ckpt).flac,NOMAD-1193 - Avril Lavigne - I'm With You.flac
NOMAD-1194,fresh,ok,132.31,132.30,,NOMAD-1194 - Footloose (Broadway Cast) - I Can't Stand Still.flac,NOMAD-1194 - Footloose (Broadway Cast) - I Can't Stand Still.flac
NOMAD-1195,fresh,ok,306.24,306.23,,NOMAD-1195 - Richard Harris - Requiem.flac,NOMAD-1195 - Richard Harris - Requiem.flac
NOMAD-1196,fresh,ok,251.49,251.48,,NOMAD-1196 - Avril Lavigne - Anything but Ordinary.flac,NOMAD-1196 - Avril Lavigne - Anything but Ordinary.flac
NOMAD-1197,fresh,ok,221.29,221.29,,NOMAD-1197 - Frank Turner - The Way I Tend to Be.flac,NOMAD-1197 - Frank Turner - The Way I Tend to Be.flac
NOMAD-1198,fresh,ok,223.87,223.86,,NOMAD-1198 - Avril Lavigne - Things I'll Never Say.flac,NOMAD-1198 - Avril Lavigne - Things I'll Never Say.flac
NOMAD-1199,fresh,ok,132.87,132.87,,NOMAD-1199 - Dale Hawkins - Everglades.flac,NOMAD-1199 - Dale Hawkins - Everglades.flac
NOMAD-1200,fresh,ok,154.10,154.09,,NOMAD-1200 - Ayesha Erotica - Emo Boy.flac,NOMAD-1200 - Ayesha Erotica - Emo Boy.flac
NOMAD-1201,fresh,ok,201.23,201.23,,NOMAD-1201 - Ayesha Erotica - Make U Cum.flac,NOMAD-1201 - Ayesha Erotica - Make U Cum.flac
NOMAD-1202,fresh,ok,198.00,198.00,,NOMAD-1202 - Matt Pless - What a Time to Be Alive.flac,NOMAD-1202 - Matt Pless - What a Time to Be Alive.flac
NOMAD-1203,fresh,ok,187.67,187.66,,NOMAD-1203 - Toby Keith - Get My Drink On.flac,NOMAD-1203 - Toby Keith - Get My Drink On.flac
NOMAD-1204,fresh,ok,331.67,331.67,,NOMAD-1204 - Kenny Chesney - Demons.flac,NOMAD-1204 - Kenny Chesney - Demons.flac
NOMAD-1205,fresh,ok,217.20,217.20,,NOMAD-1205 - Nana Grizol - Less Than the Air.flac,NOMAD-1205 - Nana Grizol - Less Than the Air.flac
NOMAD-1206,fresh,ok,212.39,212.39,,NOMAD-1206 - Regina Spektor - Hotel Song.flac,NOMAD-1206 - Regina Spektor - Hotel Song.flac
NOMAD-1207,fresh,ok,314.89,314.88,,NOMAD-1207 - Việt Nhân - Sầu Thương.flac,NOMAD-1207 - Việt Nhân - Sầu Thương.flac
NOMAD-1208,fresh,ok,187.33,187.33,,NOMAD-1208 - Ludo - Topeka.flac,NOMAD-1208 - Ludo - Topeka.flac
NOMAD-1209,fresh,ok,223.09,223.09,,NOMAD-1209 - The Rasmus - Back in the Picture.flac,NOMAD-1209 - The Rasmus - Back in the Picture.flac
NOMAD-1210,fresh,ok,189.07,189.06,,NOMAD-1210 - John Prine - How Lucky (Colbert Report Version).flac,NOMAD-1210 - John Prine - How Lucky (Colbert Report Version).flac
NOMAD-1211,fresh,ok,240.39,240.38,,NOMAD-1211 - Keane - Nothing In My Way.flac,NOMAD-1211 - Keane - Nothing In My Way.flac
NOMAD-1212,fresh,ok,184.20,184.20,,NOMAD-1212 - The Holly Springs Disaster - I Feel Like I'm Taking Crazy Pills.flac,NOMAD-1212 - The Holly Springs Disaster - I Feel Like I'm Taking Crazy Pills.flac
NOMAD-1213,fresh,ok,214.24,214.24,,NOMAD-1213 - These Silhouettes - Captivated.flac,NOMAD-1213 - These Silhouettes - Captivated.flac
NOMAD-1214,fresh,ok,186.17,186.17,,NOMAD-1214 - Keane - Is It Any Wonder_.flac,NOMAD-1214 - Keane - Is It Any Wonder_.flac
NOMAD-1215,fresh,ok,212.13,212.13,,NOMAD-1215 - lil happy lil sad - Magical.flac,NOMAD-1215 - lil happy lil sad - Magical.flac
NOMAD-1216,fresh,ok,207.42,207.42,,NOMAD-1216 - Wolfgang Wallace - Comatose.flac,NOMAD-1216 - Wolfgang Wallace - Comatose.flac
NOMAD-1217,fresh,ok,275.80,275.79,,NOMAD-1217 - Bruce Springsteen - Streets of Minneapolis.flac,NOMAD-1217 - Bruce Springsteen - Streets of Minneapolis.flac
NOMAD-1218,fresh,ok,197.90,197.90,,NOMAD-1218 - Mark Mallman - Minneapolis.flac,NOMAD-1218 - Mark Mallman - Minneapolis.flac
NOMAD-1219,fresh,ok,219.63,219.62,,NOMAD-1219 - Bug Hunter - The Hook.flac,NOMAD-1219 - Bug Hunter - The Hook.flac
NOMAD-1220,fresh,ok,273.93,273.93,,NOMAD-1220 - Anakelly from Timeless - Under The Milky Way.flac,NOMAD-1220 - Anakelly from Timeless - Under The Milky Way.flac
NOMAD-1221,fresh,ok,235.92,235.92,,NOMAD-1221 - China Styles - War Cry.flac,NOMAD-1221 - China Styles - War Cry.flac
NOMAD-1222,fresh,ok,218.33,218.33,,NOMAD-1222 - Willie Nelson - Valentine.flac,NOMAD-1222 - Willie Nelson - Valentine.flac
NOMAD-1223,fresh,ok,298.06,298.06,,NOMAD-1223 - Lissom - Savagery.flac,NOMAD-1223 - Lissom - Savagery.flac
NOMAD-1224,fresh,ok,187.48,187.47,,NOMAD-1224 - Linda Feller - Keiner lügt so schlecht wie Du.flac,NOMAD-1224 - Linda Feller - Keiner lügt so schlecht wie Du.flac
NOMAD-1225,fresh,ok,393.09,393.09,,NOMAD-1225 - HE PRIMALS - Sinister.flac,NOMAD-1225 - HE PRIMALS - Sinister.flac
NOMAD-1226,fresh,ok,221.18,221.18,,NOMAD-1226 - Elizabeth Moen - Songbird.flac,NOMAD-1226 - Elizabeth Moen - Songbird.flac
NOMAD-1227,fresh,ok,274.13,274.13,,"NOMAD-1227 - Crosby, Stills, Nash & Young - Almost Cut My Hair.flac","NOMAD-1227 - Crosby, Stills, Nash & Young - Almost Cut My Hair.flac"
NOMAD-1228,fresh,ok,161.19,161.19,,NOMAD-1228 - Nether Hour - The Hit.flac,NOMAD-1228 - Nether Hour - The Hit.flac
NOMAD-1229,fresh,ok,192.00,192.00,,NOMAD-1229 - Doc Watson - Deep River Blues.flac,NOMAD-1229 - Doc Watson - Deep River Blues.flac
NOMAD-1230,fresh,ok,377.51,377.50,,"NOMAD-1230 - Kelly Price ft. Ronald Isley, R. Kelly - Friend Of Mine (Remix).flac","NOMAD-1230 - Kelly Price ft. Ronald Isley, R. Kelly - Friend Of Mine (Remix).flac"
NOMAD-1231,fresh,ok,101.29,101.29,,NOMAD-1231 - The Mountain Goats - Going to Maine.flac,NOMAD-1231 - The Mountain Goats - Going to Maine.flac
NOMAD-1232,fresh,ok,203.09,203.09,,NOMAD-1232 - Childish Gambino - Saturday.flac,NOMAD-1232 - Childish Gambino - Saturday.flac
NOMAD-1233,fresh,ok,229.88,229.88,,NOMAD-1233 - SteelDrivers - Where Rainbows Never Die.flac,NOMAD-1233 - SteelDrivers - Where Rainbows Never Die.flac
NOMAD-1234,fresh,ok,223.07,223.06,,NOMAD-1234 - YONAKA - Rockstar.flac,NOMAD-1234 - YONAKA - Rockstar.flac
NOMAD-1235,fresh,ok,222.32,222.31,,NOMAD-1235 - Travis Scott - sweet sweet.flac,NOMAD-1235 - Travis Scott - sweet sweet.flac
NOMAD-1236,fresh,ok,169.34,169.34,,NOMAD-1236 - Jasmine Thompson - You Are My Sunshine.flac,NOMAD-1236 - Jasmine Thompson - You Are My Sunshine.flac
NOMAD-1237,fresh,ok,217.84,217.84,,NOMAD-1237 - Nick Lowe - True Love Travels on a Gravel Road.flac,NOMAD-1237 - Nick Lowe - True Love Travels on a Gravel Road.flac
NOMAD-1238,fresh,ok,228.16,228.16,,NOMAD-1238 - Kenny Wayne Shepherd - Everything Is Broken.flac,NOMAD-1238 - Kenny Wayne Shepherd - Everything Is Broken.flac
NOMAD-1239,fresh,ok,186.49,186.48,,NOMAD-1239 - Set it off - Wolf in sheep's clothing.flac,NOMAD-1239 - Set it off - Wolf in sheep's clothing.flac
NOMAD-1240,fresh,ok,206.95,206.94,,NOMAD-1240 - Joe Nichols - Sunny and 75.flac,NOMAD-1240 - Joe Nichols - Sunny and 75.flac
NOMAD-1241,fresh,ok,217.72,217.71,,NOMAD-1241 - The Something Specials - Aces.flac,NOMAD-1241 - The Something Specials - Aces.flac
NOMAD-1242,fresh,ok,327.75,327.75,,NOMAD-1242 - The Sword - Cloak Of Feathers.flac,NOMAD-1242 - The Sword - Cloak Of Feathers.flac
NOMAD-1243,fresh,ok,87.77,87.76,,NOMAD-1243 - Over The Garden Wall (The Blasting Company) - Patient Is The Night.flac,NOMAD-1243 - Over The Garden Wall (The Blasting Company) - Patient Is The Night.flac
NOMAD-1244,fresh,ok,150.75,150.74,,NOMAD-1244 - Pigeon Pit - Josephine County Blues.flac,NOMAD-1244 - Pigeon Pit - Josephine County Blues.flac
NOMAD-1245,fresh,ok,158.00,158.00,,NOMAD-1245 - Super Cassette - Invincibility Star.flac,NOMAD-1245 - Super Cassette - Invincibility Star.flac
NOMAD-1246,fresh,ok,254.04,254.03,,NOMAD-1246 - novo amor - Vantablack.flac,NOMAD-1246 - novo amor - Vantablack.flac
NOMAD-1248,fresh,ok,218.33,218.32,,NOMAD-1248 - Eyehategod - Medicine noose.flac,NOMAD-1248 - Eyehategod - Medicine noose.flac
NOMAD-1249,fresh,ok,140.67,140.66,,NOMAD-1249 - Eyehategod - Agitation! Propaganda!.flac,NOMAD-1249 - Eyehategod - Agitation! Propaganda!.flac
NOMAD-1250,fresh,ok,205.21,205.20,,NOMAD-1250 - Eyehategod - Shoplift.flac,NOMAD-1250 - Eyehategod - Shoplift.flac
NOMAD-1251,fresh,ok,350.18,350.17,,NOMAD-1251 - Phil Collins & Amy Keys - Separate Lives (Live In Paris 2004).flac,NOMAD-1251 - Phil Collins & Amy Keys - Separate Lives (Live In Paris 2004).flac
NOMAD-1252,fresh,ok,365.01,365.01,,NOMAD-1252 - Yarbrough And Peoples - Guilty.flac,NOMAD-1252 - Yarbrough And Peoples - Guilty.flac
NOMAD-1253,fresh,ok,123.65,123.65,,NOMAD-1253 - Social Distortion - 1945 (13th Floor Version).flac,NOMAD-1253 - Social Distortion - 1945 (13th Floor Version).flac
NOMAD-1254,fresh,ok,347.99,347.98,,"NOMAD-1254 - Dawid Podsiadło, P.T. Adamczyk - Phantom Liberty.flac","NOMAD-1254 - Dawid Podsiadło, P.T. Adamczyk - Phantom Liberty.flac"
NOMAD-1255,reuse,ok,175.50,175.49,,Cage The elephant - Ain't no rest for the wicked (Vocals model_bs_roformer_ep_317_sdr_12.9755.ckpt).flac,NOMAD-1255 - Cage The elephant - Ain't no rest for the wicked.flac
NOMAD-1256,reuse,ok,246.52,246.51,,Pitchshifter - Genius (Vocals model_bs_roformer_ep_317_sdr_12.9755.ckpt).flac,NOMAD-1256 - Pitchshifter - Genius.flac
NOMAD-1257,fresh,ok,438.16,438.16,,NOMAD-1257 - Eyehategod - Blank.flac,NOMAD-1257 - Eyehategod - Blank.flac
NOMAD-1258,reuse,ok,191.46,191.46,,Jack Kays - The Rug (Vocals model_bs_roformer_ep_317_sdr_12.9755.ckpt).flac,NOMAD-1258 - Jack Kays - The Rug.flac
NOMAD-1259,reuse,ok,269.73,269.73,,Steve Taylor - Jim Morrison's Grave (Vocals model_bs_roformer_ep_317_sdr_12.9755.ckpt).flac,NOMAD-1259 - Steve Taylor - Jim Morrison's Grave.flac
NOMAD-1260,reuse,ok,166.60,166.59,,Eyehategod - Jack ass in the will of god (Vocals model_bs_roformer_ep_317_sdr_12.9755.ckpt).flac,NOMAD-1260 - Eyehategod - Jack ass in the will of god.flac
NOMAD-1261,reuse,ok,227.88,227.87,,Pierce The Veil - She Makes Dirty Words Sound Pretty (Vocals model_bs_roformer_ep_317_sdr_12.9755.ckpt).flac,NOMAD-1261 - Pierce The Veil - She Makes Dirty Words Sound Pretty.flac
NOMAD-1262,reuse,ok,174.70,174.68,,Japanese Breakfast - Till Death (Vocals model_bs_roformer_ep_317_sdr_12.9755.ckpt).flac,NOMAD-1262 - Japanese Breakfast - Till Death.flac
NOMAD-1263,reuse,ok,251.94,251.94,,Hollow Coves - Blessings (Vocals model_bs_roformer_ep_317_sdr_12.9755.ckpt).flac,NOMAD-1263 - Hollow Coves - Blessings.flac
NOMAD-1264,fresh,ok,283.45,283.45,,NOMAD-1264 - The Swirling Eddies - Pyro Sets a Wildfire.flac,NOMAD-1264 - The Swirling Eddies - Pyro Sets a Wildfire.flac
NOMAD-1265,reuse,ok,227.41,227.41,,The Mountain Goats - Source Decay (Vocals model_bs_roformer_ep_317_sdr_12.9755.ckpt).flac,NOMAD-1265 - The Mountain Goats - Source Decay.flac
NOMAD-1266,reuse,ok,184.93,184.93,,"Hot Mulligan - Pop Shuvit (Hall of Meat, Duh) (Vocals model_bs_roformer_ep_317_sdr_12.9755.ckpt).flac","NOMAD-1266 - Hot Mulligan - Pop Shuvit (Hall of Meat, Duh).flac"
NOMAD-1267,reuse,ok,194.30,194.28,,Quail - What You Got (Vocals model_bs_roformer_ep_317_sdr_12.9755.ckpt).flac,NOMAD-1267 - Quail - What You Got.flac
NOMAD-1268,reuse,ok,109.40,109.39,,ASTN - Happier Than Ever (Vocals model_bs_roformer_ep_317_sdr_12.9755.ckpt).flac,NOMAD-1268 - ASTN - Happier Than Ever.flac
NOMAD-1269,reuse,ok,169.41,169.41,,Sawyer Hill - Masochistic Lover (Vocals model_bs_roformer_ep_317_sdr_12.9755.ckpt).flac,NOMAD-1269 - Sawyer Hill - Masochistic Lover.flac
NOMAD-1270,reuse,ok,219.03,219.03,,Pony Bradshaw - 10x10 (Vocals model_bs_roformer_ep_317_sdr_12.9755.ckpt).flac,NOMAD-1270 - Pony Bradshaw - 10x10.flac
NOMAD-1271,reuse,ok,194.35,194.35,,"Hot Mulligan - Pop Shuvit (Hall of Meat, Duh) (Acoustic) (Vocals model_bs_roformer_ep_317_sdr_12.9755.ckpt).flac","NOMAD-1271 - Hot Mulligan - Pop Shuvit (Hall of Meat, Duh) (Acoustic).flac"
NOMAD-1272,reuse,ok,179.00,179.00,,Maximo Park - By the Monument (Vocals model_bs_roformer_ep_317_sdr_12.9755.ckpt).flac,NOMAD-1272 - Maximo Park - By the Monument.flac
NOMAD-1273,reuse,ok,200.37,200.37,,Maximo Park - Our Velocity (Vocals model_bs_roformer_ep_317_sdr_12.9755.ckpt).flac,NOMAD-1273 - Maximo Park - Our Velocity.flac
NOMAD-1274,reuse,ok,186.61,186.61,,Pony Bradshaw - Jehovah (Vocals model_bs_roformer_ep_317_sdr_12.9755.ckpt).flac,NOMAD-1274 - Pony Bradshaw - Jehovah.flac
NOMAD-1275,reuse,ok,178.94,178.92,,Michel Delpech - Le Chasseur (Vocals model_bs_roformer_ep_317_sdr_12.9755.ckpt).flac,NOMAD-1275 - Michel Delpech - Le Chasseur.flac
NOMAD-1276,reuse,ok,233.96,233.96,,Keane - Crystal Ball (Vocals model_bs_roformer_ep_317_sdr_12.9755.ckpt).flac,NOMAD-1276 - Keane - Crystal Ball.flac
NOMAD-1277,reuse,ok,46.33,46.33,,Coldplay - Parachutes (Vocals model_bs_roformer_ep_317_sdr_12.9755.ckpt).flac,NOMAD-1277 - Coldplay - Parachutes.flac
NOMAD-1278,reuse,ok,227.19,227.19,,Regina Spektor - Fidelity (Vocals model_bs_roformer_ep_317_sdr_12.9755.ckpt).flac,NOMAD-1278 - Regina Spektor - Fidelity.flac
NOMAD-1279,reuse,ok,199.15,199.15,,Maximo Park - Apply Some Pressure (Vocals model_bs_roformer_ep_317_sdr_12.9755.ckpt).flac,NOMAD-1279 - Maximo Park - Apply Some Pressure.flac
NOMAD-1280,reuse,ok,185.27,185.27,,Maximo Park - Graffiti (Vocals model_bs_roformer_ep_317_sdr_12.9755.ckpt).flac,NOMAD-1280 - Maximo Park - Graffiti.flac
NOMAD-1281,reuse,ok,145.57,145.57,,Maximo Park - Signal and Sign (Vocals model_bs_roformer_ep_317_sdr_12.9755.ckpt).flac,NOMAD-1281 - Maximo Park - Signal and Sign.flac
NOMAD-1282,reuse,ok,216.15,216.15,,Keane - Put It Behind You (Vocals model_bs_roformer_ep_317_sdr_12.9755.ckpt).flac,NOMAD-1282 - Keane - Put It Behind You.flac
NOMAD-1283,reuse,ok,134.81,134.81,,Maximo Park - Postcard of a Painting (Vocals model_bs_roformer_ep_317_sdr_12.9755.ckpt).flac,NOMAD-1283 - Maximo Park - Postcard of a Painting.flac
NOMAD-1284,reuse,ok,241.33,241.33,,Sugar ray - American pig (Vocals model_bs_roformer_ep_317_sdr_12.9755.ckpt).flac,NOMAD-1284 - Sugar ray - American pig.flac
NOMAD-1285,reuse,ok,339.41,339.41,,Pigs pigs pigs pigs pigs pigs pigs - Detroit (Vocals model_bs_roformer_ep_317_sdr_12.9755.ckpt).flac,NOMAD-1285 - Pigs pigs pigs pigs pigs pigs pigs - Detroit.flac
NOMAD-1286,reuse,ok,222.13,222.13,,Maxïmo Park - Limassol (Vocals model_bs_roformer_ep_317_sdr_12.9755.ckpt).flac,NOMAD-1286 - Maxïmo Park - Limassol.flac
NOMAD-1287,reuse,ok,194.42,194.41,,IceKnot - 明尼苏达一万湖在唱 (Vocals model_bs_roformer_ep_317_sdr_12.9755.ckpt).flac,NOMAD-1287 - IceKnot - 明尼苏达一万湖在唱.flac
NOMAD-1288,reuse,ok,221.47,221.47,,Maximo Park - Going Missing (Vocals model_bs_roformer_ep_317_sdr_12.9755.ckpt).flac,NOMAD-1288 - Maximo Park - Going Missing.flac
NOMAD-1289,reuse,ok,276.17,276.17,,Constantines - On To You (Vocals model_bs_roformer_ep_317_sdr_12.9755.ckpt).flac,NOMAD-1289 - Constantines - On To You.flac
NOMAD-1290,reuse,ok,226.73,226.73,,Maximo Park - I Want You To Stay (Vocals model_bs_roformer_ep_317_sdr_12.9755.ckpt).flac,NOMAD-1290 - Maximo Park - I Want You To Stay.flac
NOMAD-1291,reuse,ok,283.07,283.07,,Lucinda Williams - Ventura (Vocals model_bs_roformer_ep_317_sdr_12.9755.ckpt).flac,NOMAD-1291 - Lucinda Williams - Ventura.flac
NOMAD-1292,reuse,ok,196.19,196.19,,ARCANGEL - TE ESPERARÉ (Vocals model_bs_roformer_ep_317_sdr_12.9755.ckpt).flac,NOMAD-1292 - ARCANGEL - TE ESPERARÉ.flac
NOMAD-1293,reuse,ok,245.03,245.03,,Transplants - California Babylon (Vocals model_bs_roformer_ep_317_sdr_12.9755.ckpt).flac,NOMAD-1293 - Transplants - California Babylon.flac
NOMAD-1294,reuse,ok,112.04,112.04,,Maxïmo Park - The Night I Lost My Head (Vocals model_bs_roformer_ep_317_sdr_12.9755.ckpt).flac,NOMAD-1294 - Maxïmo Park - The Night I Lost My Head.flac
NOMAD-1295,reuse,ok,192.56,192.56,,Fox Stevenson - Victory Over Truth (Vocals model_bs_roformer_ep_317_sdr_12.9755.ckpt).flac,NOMAD-1295 - Queen Anne - Let's Dance.flac
NOMAD-1296,reuse,ok,231.43,231.43,,Disembodied - Bloodshed Rain (Vocals model_bs_roformer_ep_317_sdr_12.9755.ckpt).flac,NOMAD-1296 - Disembodied - Bloodshed Rain.flac
NOMAD-1297,reuse,ok,194.20,194.19,,Queen Anne - Let's Dance (Vocals model_bs_roformer_ep_317_sdr_12.9755.ckpt).flac,NOMAD-1297 - Queen Anne - Let's Dance.flac
NOMAD-1298,reuse,ok,186.94,186.93,,blankstate - lovely1 (Vocals model_bs_roformer_ep_317_sdr_12.9755.ckpt).flac,NOMAD-1298 - blankstate - lovely1.flac
NOMAD-1299,reuse,ok,233.05,233.05,,kittie - Eyes Wide Open (Vocals model_bs_roformer_ep_317_sdr_12.9755.ckpt).flac,NOMAD-1299 - kittie - Eyes Wide Open.flac
NOMAD-1300,reuse,ok,194.48,194.48,,Fox Stevenson - Still Here (Vocals model_bs_roformer_ep_317_sdr_12.9755.ckpt).flac,NOMAD-1300 - Fox Stevenson - Still Here.flac
NOMAD-1301,reuse,ok,241.16,241.16,,Fox Stevenson - Dreamland (Vocals model_bs_roformer_ep_317_sdr_12.9755.ckpt).flac,NOMAD-1301 - Fox Stevenson - Dreamland.flac
NOMAD-1302,reuse,ok,180.70,180.70,,Fox Stevenson - All Eyes On Me (Vocals model_bs_roformer_ep_317_sdr_12.9755.ckpt).flac,NOMAD-1302 - Fox Stevenson - All Eyes On Me.flac
NOMAD-1303,reuse,ok,188.97,188.97,,Fox Stevenson - Don't Care Crown (Vocals model_bs_roformer_ep_317_sdr_12.9755.ckpt).flac,NOMAD-1303 - Fox Stevenson - Don't Care Crown.flac
NOMAD-1304,reuse,ok,225.48,225.48,,Fox Stevenson - Out My Head (Vocals model_bs_roformer_ep_317_sdr_12.9755.ckpt).flac,NOMAD-1304 - Fox Stevenson - Out My Head.flac
NOMAD-1305,reuse,ok,287.60,287.60,,Hole - Retard Girl (Vocals model_bs_roformer_ep_317_sdr_12.9755.ckpt).flac,NOMAD-1305 - Hole - Retard Girl.flac
NOMAD-1306,reuse,ok,303.77,303.77,,Fiona Apple - Jonathan (Vocals model_bs_roformer_ep_317_sdr_12.9755.ckpt).flac,NOMAD-1306 - Fiona Apple - Jonathan.flac
NOMAD-1307,reuse,ok,235.83,235.83,,Little Foot - Death or Glory (Vocals model_bs_roformer_ep_317_sdr_12.9755.ckpt).flac,NOMAD-1307 - Little Foot - Death or Glory.flac
NOMAD-1308,reuse,ok,146.59,146.59,,Slutever - Maggot (Vocals model_bs_roformer_ep_317_sdr_12.9755.ckpt).flac,NOMAD-1308 - Slutever - Maggot.flac
NOMAD-1309,reuse,ok,232.67,232.67,,Regina Spektor - Eet (Vocals model_bs_roformer_ep_317_sdr_12.9755.ckpt).flac,NOMAD-1309 - Regina Spektor - Eet.flac
NOMAD-1310,reuse,ok,336.00,336.00,,The Raven Age - Age of the Raven (Vocals model_bs_roformer_ep_317_sdr_12.9755.ckpt).flac,NOMAD-1310 - The Raven Age - Age of the Raven.flac
NOMAD-1311,reuse,ok,360.00,360.00,,The Raven Age - My Revenge (Vocals model_bs_roformer_ep_317_sdr_12.9755.ckpt).flac,NOMAD-1311 - The Raven Age - My Revenge.flac
NOMAD-1312,reuse,ok,243.27,243.27,,Burning Sensations - Pablo Picasso (Vocals model_bs_roformer_ep_317_sdr_12.9755.ckpt).flac,NOMAD-1312 - Burning Sensations - Pablo Picasso.flac
NOMAD-1313,reuse,ok,195.70,195.69,,Roy Black - Ein kleines bisschen Zärtlichkeit (Vocals model_bs_roformer_ep_317_sdr_12.9755.ckpt).flac,NOMAD-1313 - Roy Black - Ein kleines bisschen Zärtlichkeit.flac
NOMAD-1314,reuse,ok,321.24,321.22,,NCT - Chuyện Người Đắp Chiếu (Vocals model_bs_roformer_ep_317_sdr_12.9755.ckpt).flac,NOMAD-1314 - NCT - Chuyện Người Đắp Chiếu.flac
NOMAD-1315,reuse,ok,305.38,305.37,,CÓ LẼ NÀO ( THU CUỐI ) _ - Megaz (Vocals model_bs_roformer_ep_317_sdr_12.9755.ckpt).flac,NOMAD-1315 - CÓ LẼ NÀO ( THU CUỐI ) _ - Megaz.flac
NOMAD-1316,reuse,ok,232.04,232.04,,Shane Filan - Beautiful In White (Vocals model_bs_roformer_ep_317_sdr_12.9755.ckpt).flac,NOMAD-1316 - Shane Filan - Beautiful In White.flac
NOMAD-1317,reuse,ok,245.34,245.34,,Hoa Minzy - Bac bling (Vocals model_bs_roformer_ep_317_sdr_12.9755.ckpt).flac,NOMAD-1317 - Hoa Minzy - Bac bling.flac
NOMAD-1318,reuse,ok,236.24,236.24,,JimmyNguyen - Khoi Thuoc Doi Cho (Vocals model_bs_roformer_ep_317_sdr_12.9755.ckpt).flac,NOMAD-1318 - JimmyNguyen - Khoi Thuoc Doi Cho.flac
NOMAD-1319,reuse,ok,196.40,196.38,,BINZ - HỒN LỠ SA VÀO (ft. TRIPLE D) (Vocals model_bs_roformer_ep_317_sdr_12.9755.ckpt).flac,NOMAD-1319 - BINZ - HỒN LỠ SA VÀO (ft. TRIPLE D).flac
NOMAD-1320,reuse,ok,260.98,260.97,,ICD - Cuốn sách ngày xưa mẹ tôi thường nói (Vocals model_bs_roformer_ep_317_sdr_12.9755.ckpt).flac,NOMAD-1320 - ICD - Cuốn sách ngày xưa mẹ tôi thường nói.flac
NOMAD-1321,reuse,ok,253.76,253.74,,Noo phuoc - Noo phuoc (Vocals model_bs_roformer_ep_317_sdr_12.9755.ckpt).flac,NOMAD-1321 - Noo phuoc - Noo phuoc.flac
NOMAD-1322,reuse,ok,283.64,283.63,,Tung Duong - Thiep Hong Sai Ten (Vocals model_bs_roformer_ep_317_sdr_12.9755.ckpt).flac,NOMAD-1322 - Tung Duong - Thiep Hong Sai Ten.flac
NOMAD-1323,reuse,ok,273.30,273.28,,Đức Tân - Buồn Làm Chi Em Ơi (Vocals model_bs_roformer_ep_317_sdr_12.9755.ckpt).flac,NOMAD-1323 - Đức Tân - Buồn Làm Chi Em Ơi.flac
NOMAD-1324,reuse,ok,200.55,200.55,,The Ataris - All Souls Day (Vocals model_bs_roformer_ep_317_sdr_12.9755.ckpt).flac,NOMAD-1324 - The Ataris - All Souls Day.flac
NOMAD-1325,reuse,ok,236.58,236.58,,While Heaven Wept - Living Sepulchre (Single) (Vocals model_bs_roformer_ep_317_sdr_12.9755.ckpt).flac,NOMAD-1325 - While Heaven Wept - Living Sepulchre (Single).flac
NOMAD-1326,reuse,ok,274.86,274.84,,Gia - Anh đã lừa dối em rồi (Vocals model_bs_roformer_ep_317_sdr_12.9755.ckpt).flac,NOMAD-1326 - Gia - Anh đã lừa dối em rồi.flac
NOMAD-1327,reuse,ok,317.76,317.75,,tram cam xuc - co ai hen ho cung em chua (Vocals model_bs_roformer_ep_317_sdr_12.9755.ckpt).flac,NOMAD-1327 - tram cam xuc - co ai hen ho cung em chua.flac
NOMAD-1328,reuse,ok,223.43,223.43,,The Ataris - All Souls Day (Vocals model_bs_roformer_ep_317_sdr_12.9755.ckpt).flac,NOMAD-1328 - The Ataris - All Souls Day.flac
NOMAD-1329,reuse,ok,205.80,205.78,,Mermaid Melody - Princess Serena (Vocals model_bs_roformer_ep_317_sdr_12.9755.ckpt).flac,NOMAD-1329 - Mermaid Melody - Princess Serena.flac
NOMAD-1330,reuse,ok,276.26,276.25,,Dr Slump - Wai Wai Koushinkyoku (Vocals model_bs_roformer_ep_317_sdr_12.9755.ckpt).flac,NOMAD-1330 - Dr Slump - Wai Wai Koushinkyoku.flac
NOMAD-1331,reuse,ok,240.44,240.42,,Wonderful Precure - FUN ☆FUN☆Wonderful Days (Vocals model_bs_roformer_ep_317_sdr_12.9755.ckpt).flac,NOMAD-1331 - Wonderful Precure - FUN ☆FUN☆Wonderful Days.flac
NOMAD-1332,reuse,ok,207.12,207.12,,Home Is Where - Long Distance Conjoined Twins (Vocals model_bs_roformer_ep_317_sdr_12.9755.ckpt).flac,NOMAD-1332 - Home Is Where - Long Distance Conjoined Twins.flac
NOMAD-1333,reuse,ok,276.84,276.83,,Mermaid Melody - Taiyou no Rakuen ~Promised Land~ (Vocals model_bs_roformer_ep_317_sdr_12.9755.ckpt).flac,NOMAD-1333 - Mermaid Melody - Taiyou no Rakuen ~Promised Land~.flac
NOMAD-1334,reuse,ok,306.73,306.71,,Sorcie Elle - Far From Evil (Vocals model_bs_roformer_ep_317_sdr_12.9755.ckpt).flac,NOMAD-1334 - Sorcie Elle - Far From Evil.flac
NOMAD-1335,fresh,ok,233.60,233.60,,NOMAD-1335 - Đâu Phải Cho Anh (Toan2k8 Remix) - karaoke - Phát Lee.flac,NOMAD-1335 - Đâu Phải Cho Anh (Toan2k8 Remix) - karaoke - Phát Lee.flac
NOMAD-1336,fresh,ok,234.48,234.48,,NOMAD-1336 - Citizen Soldier - Dead Butterflies.flac,NOMAD-1336 - Citizen Soldier - Dead Butterflies.flac
NOMAD-1337,fresh,ok,369.00,368.99,,NOMAD-1337 - The Raven Age - Winds of Change.flac,NOMAD-1337 - The Raven Age - Winds of Change.flac
NOMAD-1338,fresh,ok,124.27,124.21,,NOMAD-1338 - Quay Money - Hardtobelieve.m4a,NOMAD-1338 - Quay Money - Hardtobelieve.flac
NOMAD-1339,fresh,ok,240.84,240.84,,NOMAD-1339 - Sorcie Elle - Fever Dream.wav,NOMAD-1339 - Sorcie Elle - Fever Dream.flac
NOMAD-1340,fresh,ok,419.00,418.99,,NOMAD-1340 - Marco McDewey - I'm fucking broken extended version.mp3,NOMAD-1340 - Marco McDewey - I'm fucking broken extended version.flac
NOMAD-1341,fresh,ok,226.07,226.06,,NOMAD-1341 - Taylor Swift - The Fate Of Ophelia.flac,NOMAD-1341 - Taylor Swift - The Fate Of Ophelia.flac
NOMAD-1342,fresh,ok,299.08,299.07,,NOMAD-1342 - Tôi làm bạn xem - 50 năm về sau ballad.webm,NOMAD-1342 - Tôi làm bạn xem - 50 năm về sau ballad.flac
NOMAD-1343,reuse,ok,148.96,148.96,,Marco McDewey - Girls ain't got dicks (Vocals model_bs_roformer_ep_317_sdr_12.9755.ckpt).flac,NOMAD-1343 - Marco McDewey - Girls ain't got dicks.flac
NOMAD-1344,reuse,ok,222.60,222.59,,Hard-Fi - Cash Machine (Vocals model_bs_roformer_ep_317_sdr_12.9755.ckpt).flac,NOMAD-1344 - Hard-Fi - Cash Machine.flac
NOMAD-1345,reuse,ok,303.41,303.39,,Yung Lean - Red Bottom Sky (Vocals model_bs_roformer_ep_317_sdr_12.9755.ckpt).flac,NOMAD-1345 - Yung Lean - Red Bottom Sky.flac
NOMAD-1346,reuse,ok,30.77,30.77,,HoangPhuzzz - TD (Vocals model_bs_roformer_ep_317_sdr_12.9755.ckpt).flac,NOMAD-1346 - HoangPhuzzz - TD.flac
NOMAD-1347,reuse,ok,177.85,177.84,,Eli - All at Once (Vocals model_bs_roformer_ep_317_sdr_12.9755.ckpt).flac,NOMAD-1347 - Eli - All at Once.flac
NOMAD-1348,reuse,ok,204.80,204.80,,Sorcie Elle - 100 Songs (Vocals model_bs_roformer_ep_317_sdr_12.9755.ckpt).flac,NOMAD-1348 - Sorcie Elle - 100 Songs.flac
NOMAD-1349,reuse,ok,289.50,289.48,,Enscen - Miss you Mom (Vocals model_bs_roformer_ep_317_sdr_12.9755.ckpt).flac,NOMAD-1349 - Enscen - Miss you Mom.flac
NOMAD-1350,reuse,ok,322.98,322.95,,RÔ TI - LẬP ĐÔNG (CA SĨ GIẤU MẶT COVER) (Vocals model_bs_roformer_ep_317_sdr_12.9755.ckpt).flac,NOMAD-1350 - RÔ TI - LẬP ĐÔNG (CA SĨ GIẤU MẶT COVER).flac
NOMAD-1351,reuse,ok,219.36,219.34,,Ballad Lines - Change of Plan (Vocals model_bs_roformer_ep_317_sdr_12.9755.ckpt).flac,NOMAD-1351 - Ballad Lines - Change of Plan.flac
NOMAD-1352,reuse,ok,224.48,224.47,,Hàm Nghi - Hàm Nghi - Mái Trường Em Yêu (Vocals model_bs_roformer_ep_317_sdr_12.9755.ckpt).flac,NOMAD-1352 - Hàm Nghi - Hàm Nghi - Mái Trường Em Yêu.flac
NOMAD-1353,reuse,ok,211.38,211.37,,Peter Sebastian - Deine Liebe tut mir weh (Thirty-Five-Radio-Mix) (Vocals model_bs_roformer_ep_317_sdr_12.9755.ckpt).flac,NOMAD-1353 - Peter Sebastian - Deine Liebe tut mir weh (Thirty-Five-Radio-Mix).flac
NOMAD-1354,reuse,ok,211.49,211.49,,Peter Sebastian - Deine Liebe tut mir weh (Vocals model_bs_roformer_ep_317_sdr_12.9755.ckpt).flac,NOMAD-1354 - Peter Sebastian - Deine Liebe tut mir weh.flac
NOMAD-1355,reuse,ok,224.00,223.98,,Hard-Fi - Middle Eastern Holiday (Vocals model_bs_roformer_ep_317_sdr_12.9755.ckpt).flac,NOMAD-1355 - Hard-Fi - Middle Eastern Holiday.flac
NOMAD-1356,reuse,ok,277.60,277.59,,Hard-Fi - Better Do Better (Vocals model_bs_roformer_ep_317_sdr_12.9755.ckpt).flac,NOMAD-1356 - Hard-Fi - Better Do Better.flac
NOMAD-1357,reuse,ok,152.27,152.25,,Shotgun Jimmie - Late Last Year (Vocals model_bs_roformer_ep_317_sdr_12.9755.ckpt).flac,NOMAD-1357 - Shotgun Jimmie - Late Last Year.flac
NOMAD-1358,reuse,ok,138.10,138.09,,Naika - Milkman (Vocals model_bs_roformer_ep_317_sdr_12.9755.ckpt).flac,NOMAD-1358 - Naika - Milkman.flac
NOMAD-1359,reuse,ok,305.03,305.02,,Freddy Cole - I'm Not Alone (Vocals model_bs_roformer_ep_317_sdr_12.9755.ckpt).flac,NOMAD-1359 - Freddy Cole - I'm Not Alone.flac
NOMAD-1360,reuse,ok,164.32,164.30,,Ayesha Erotica - Where You At (Vocals model_bs_roformer_ep_317_sdr_12.9755.ckpt).flac,NOMAD-1360 - Ayesha Erotica - Where You At.flac
NOMAD-1361,reuse,ok,221.93,221.91,,Paul Williams - You and Me Against The World (Vocals model_bs_roformer_ep_317_sdr_12.9755.ckpt).flac,NOMAD-1361 - Paul Williams - You and Me Against The World.flac
NOMAD-1362,reuse,ok,130.00,129.99,,Scene Queen - Whips & Chains (Vocals model_bs_roformer_ep_317_sdr_12.9755.ckpt).flac,NOMAD-1362 - Scene Queen - Whips & Chains.flac
NOMAD-1363,reuse,ok,218.88,218.87,,Tanerélle - Mama Saturn (Vocals model_bs_roformer_ep_317_sdr_12.9755.ckpt).flac,NOMAD-1363 - Tanerélle - Mama Saturn.flac
NOMAD-1364,reuse,ok,186.99,186.97,,The Long Faces - Jane (Vocals model_bs_roformer_ep_317_sdr_12.9755.ckpt).flac,NOMAD-1364 - The Long Faces - Jane.flac
NOMAD-1365,reuse,ok,321.47,321.46,,Parcels - Somethinggreater (Vocals model_bs_roformer_ep_317_sdr_12.9755.ckpt).flac,NOMAD-1365 - Parcels - Somethinggreater.flac
NOMAD-1366,reuse,ok,310.82,310.80,,Carbon Prophets - Runaway (Vocals model_bs_roformer_ep_317_sdr_12.9755.ckpt).flac,NOMAD-1366 - Carbon Prophets - Runaway.flac
NOMAD-1367,reuse,ok,301.12,301.12,,Söhne Mannheims - Ich Geh Mit Dir (Vocals model_bs_roformer_ep_317_sdr_12.9755.ckpt).flac,NOMAD-1367 - Söhne Mannheims - Ich Geh Mit Dir.flac
NOMAD-1368,reuse,ok,220.21,220.19,,Wolfgang Petry - Ich geh' mit dir (Vocals model_bs_roformer_ep_317_sdr_12.9755.ckpt).flac,NOMAD-1368 - Wolfgang Petry - Ich geh' mit dir.flac
NOMAD-1369,reuse,ok,317.92,317.90,,Eyehategod - I am the gestapo (Vocals model_bs_roformer_ep_317_sdr_12.9755.ckpt).flac,NOMAD-1369 - Eyehategod - I am the gestapo.flac
NOMAD-1370,reuse,ok,168.90,168.88,,LPH - In Long An Vung Buoc Niem Tin (Vocals model_bs_roformer_ep_317_sdr_12.9755.ckpt).flac,NOMAD-1370 - LPH - In Long An Vung Buoc Niem Tin.flac
NOMAD-1371,reuse,ok,209.83,209.82,,Luke Bell - Where Ya Been_ (Vocals model_bs_roformer_ep_317_sdr_12.9755.ckpt).flac,NOMAD-1371 - Luke Bell - Where Ya Been_.flac
NOMAD-1372,reuse,ok,225.54,225.54,,tanerelle - good good (Vocals model_bs_roformer_ep_317_sdr_12.9755.ckpt).flac,NOMAD-1372 - tanerelle - good good.flac
NOMAD-1373,reuse,ok,253.55,253.54,,"celeste, gotts street park - both sides of the moon (Vocals model_bs_roformer_ep_317_sdr_12.9755.ckpt).flac","NOMAD-1373 - celeste, gotts street park - both sides of the moon.flac"
NOMAD-1374,reuse,ok,218.08,218.06,,Ryan Ross - I'm Down (Vocals model_bs_roformer_ep_317_sdr_12.9755.ckpt).flac,NOMAD-1374 - Ryan Ross - I'm Down.flac
NOMAD-1375,reuse,ok,282.64,282.63,,SeaFlows - NGUOIBINHTHUONG (Vocals model_bs_roformer_ep_317_sdr_12.9755.ckpt).flac,NOMAD-1375 - SeaFlows - NGUOIBINHTHUONG.flac
NOMAD-1376,reuse,ok,180.28,180.26,,naika - m&M (Vocals model_bs_roformer_ep_317_sdr_12.9755.ckpt).flac,NOMAD-1376 - naika - m&M.flac
NOMAD-1377,reuse,ok,239.69,239.68,,William Prince - The Spark (Vocals model_bs_roformer_ep_317_sdr_12.9755.ckpt).flac,NOMAD-1377 - William Prince - The Spark.flac
NOMAD-1378,reuse,ok,182.68,182.67,,Sleeping with Sirens - Agree to Disagree (Vocals model_bs_roformer_ep_317_sdr_12.9755.ckpt).flac,NOMAD-1378 - Sleeping with Sirens - Agree to Disagree.flac
NOMAD-1379,reuse,ok,231.60,231.60,,Leela James - Put It On Me (Vocals model_bs_roformer_ep_317_sdr_12.9755.ckpt).flac,NOMAD-1379 - Leela James - Put It On Me.flac
NOMAD-1380,reuse,ok,332.00,331.98,,Blues - Vì em yêu anh (Vocals model_bs_roformer_ep_317_sdr_12.9755.ckpt).flac,NOMAD-1380 - Blues - Vì em yêu anh.flac
NOMAD-1381,reuse,ok,194.78,194.77,,Ampliphobia - Gary Come Home (Re-recorded) (Vocals model_bs_roformer_ep_317_sdr_12.9755.ckpt).flac,NOMAD-1381 - Ampliphobia - Gary Come Home (Re-recorded).flac
NOMAD-1382,reuse,ok,299.80,299.79,,Aikatsu - Signalize (Vocals model_bs_roformer_ep_317_sdr_12.9755.ckpt).flac,NOMAD-1382 - Aikatsu - Signalize.flac
NOMAD-1383,reuse,ok,230.63,230.62,,Pacific Gas and Electric - Staggolee (Vocals model_bs_roformer_ep_317_sdr_12.9755.ckpt).flac,NOMAD-1383 - Pacific Gas and Electric - Staggolee.flac
NOMAD-1384,reuse,ok,345.50,345.47,,blues - Lý do em ở lại (Vocals model_bs_roformer_ep_317_sdr_12.9755.ckpt).flac,NOMAD-1384 - blues - Lý do em ở lại.flac
NOMAD-1385,reuse,ok,159.57,159.57,,William Prince & Serena Ryder - Sing Me A Song (Vocals model_bs_roformer_ep_317_sdr_12.9755.ckpt).flac,NOMAD-1385 - William Prince & Serena Ryder - Sing Me A Song.flac
NOMAD-1386,reuse,ok,178.51,178.49,,Townes Van Zandt - Buckskin Stallion Blues (Vocals model_bs_roformer_ep_317_sdr_12.9755.ckpt).flac,NOMAD-1386 - Townes Van Zandt - Buckskin Stallion Blues.flac
NOMAD-1387,reuse,ok,249.00,248.99,,Juanes - Para Tu Amor (Vocals model_bs_roformer_ep_317_sdr_12.9755.ckpt).flac,NOMAD-1387 - Juanes - Para Tu Amor.flac
NOMAD-1388,reuse,ok,197.16,197.14,,MisterWives - Other Side (Vocals model_bs_roformer_ep_317_sdr_12.9755.ckpt).flac,NOMAD-1388 - MisterWives - Other Side.flac
NOMAD-1389,reuse,ok,219.88,219.87,,Bathory - Necromansy (Vocals model_bs_roformer_ep_317_sdr_12.9755.ckpt).flac,NOMAD-1389 - Bathory - Necromansy.flac
NOMAD-1390,reuse,ok,180.97,180.95,,The Toxhards - How Lucky Am I_ (Vocals model_bs_roformer_ep_317_sdr_12.9755.ckpt).flac,NOMAD-1390 - The Toxhards - How Lucky Am I_.flac
NOMAD-1391,reuse,ok,220.04,220.01,,Reba and Don Henley - Break Each Other's Hearts Again (Vocals model_bs_roformer_ep_317_sdr_12.9755.ckpt).flac,NOMAD-1391 - Reba and Don Henley - Break Each Other's Hearts Again.flac
NOMAD-1392,reuse,ok,176.56,176.54,,Shiloh - Operator (A Girl Like Me) (Vocals model_bs_roformer_ep_317_sdr_12.9755.ckpt).flac,NOMAD-1392 - Shiloh - Operator (A Girl Like Me).flac
NOMAD-1393,reuse,ok,232.39,232.39,,Lovefield - underscores (Vocals model_bs_roformer_ep_317_sdr_12.9755.ckpt).flac,NOMAD-1393 - Lovefield - underscores.flac
NOMAD-1394,reuse,ok,386.88,386.84,,blues - Để mặc gió trôi (Vocals model_bs_roformer_ep_317_sdr_12.9755.ckpt).flac,NOMAD-1394 - blues - Để mặc gió trôi.flac
NOMAD-1395,reuse,ok,212.84,212.83,,eyehategod - built beneath the lies (Vocals model_bs_roformer_ep_317_sdr_12.9755.ckpt).flac,NOMAD-1395 - eyehategod - built beneath the lies.flac
NOMAD-1396,reuse,ok,124.92,124.90,,Kurt Cobain - And I Love Her (Vocals model_bs_roformer_ep_317_sdr_12.9755.ckpt).flac,NOMAD-1396 - Kurt Cobain - And I Love Her.flac
NOMAD-1397,reuse,ok,215.22,215.18,,Серебро - Перепутала (Vocals model_bs_roformer_ep_317_sdr_12.9755.ckpt).flac,NOMAD-1397 - Серебро - Перепутала.flac
NOMAD-1398,reuse,ok,232.47,232.45,,The Format - Give it up (Vocals model_bs_roformer_ep_317_sdr_12.9755.ckpt).flac,NOMAD-1398 - The Format - Give it up.flac
NOMAD-1399,reuse,ok,70.43,70.43,,eyehategod - dogs holy life (Vocals model_bs_roformer_ep_317_sdr_12.9755.ckpt).flac,NOMAD-1399 - eyehategod - dogs holy life.flac
NOMAD-1400,reuse,ok,207.70,207.68,,Andy Rehfeldt - Party in the USA (Metal Version) (Vocals model_bs_roformer_ep_317_sdr_12.9755.ckpt).flac,NOMAD-1400 - Andy Rehfeldt - Party in the USA (Metal Version).flac
NOMAD-1401,reuse,ok,285.56,285.54,,Susan Tedeshi - I fell in love (Vocals model_bs_roformer_ep_317_sdr_12.9755.ckpt).flac,NOMAD-1401 - Susan Tedeshi - I fell in love.flac
NOMAD-1402,fresh,ok,171.00,170.99,,NOMAD-1402 - The Ants Go Marching - PINKFONG Mother Goose Karaoke.flac,NOMAD-1402 - The Ants Go Marching - PINKFONG Mother Goose Karaoke.flac
NOMAD-1403,reuse,ok,253.45,253.45,,Dave Hause - Look Alive (Vocals model_bs_roformer_ep_317_sdr_12.9755.ckpt).flac,NOMAD-1403 - Dave Hause - Look Alive.flac
NOMAD-1404,reuse,ok,201.36,201.34,,"Ultrabeat, Scott Brown - Elysium (I Go Crazy) (Vocals model_bs_roformer_ep_317_sdr_12.9755.ckpt).flac","NOMAD-1404 - Ultrabeat, Scott Brown - Elysium (I Go Crazy).flac"
NOMAD-1405,reuse,ok,309.48,309.45,,Playa Fly - Nobody Needs Nobody (Vocals model_bs_roformer_ep_317_sdr_12.9755.ckpt).flac,NOMAD-1405 - Playa Fly - Nobody Needs Nobody.flac
NOMAD-1406,reuse,ok,227.11,227.09,,the hails - younger (Vocals model_bs_roformer_ep_317_sdr_12.9755.ckpt).flac,NOMAD-1406 - the hails - younger.flac
NOMAD-1407,reuse,ok,302.41,302.39,,Sombr - Canal Street (Vocals model_bs_roformer_ep_317_sdr_12.9755.ckpt).flac,NOMAD-1407 - Sombr - Canal Street.flac
NOMAD-1408,reuse,ok,173.33,173.31,,naika - claustrophobic (Vocals model_bs_roformer_ep_317_sdr_12.9755.ckpt).flac,NOMAD-1408 - naika - claustrophobic.flac
NOMAD-1409,reuse,ok,254.87,254.86,,Waylon Wyatt - Everything Under The Sun (Vocals model_bs_roformer_ep_317_sdr_12.9755.ckpt).flac,NOMAD-1409 - Waylon Wyatt - Everything Under The Sun.flac
NOMAD-1410,reuse,ok,146.67,146.66,,The Police - Canary In A Coal mine (Vocals model_bs_roformer_ep_317_sdr_12.9755.ckpt).flac,NOMAD-1410 - The Police - Canary In A Coal mine.flac
NOMAD-1411,reuse,ok,158.93,158.92,,Saetia - The Burden of Reflecting (Vocals model_bs_roformer_ep_317_sdr_12.9755.ckpt).flac,NOMAD-1411 - Saetia - The Burden of Reflecting.flac
NOMAD-1412,reuse,ok,264.87,264.85,,Miley Cyrus - GetItRight (Vocals model_bs_roformer_ep_317_sdr_12.9755.ckpt).flac,NOMAD-1412 - Miley Cyrus - GetItRight.flac
NOMAD-1413,reuse,ok,210.27,210.26,,pepper - green hell (Vocals model_bs_roformer_ep_317_sdr_12.9755.ckpt).flac,NOMAD-1413 - pepper - green hell.flac
NOMAD-1414,reuse,ok,281.57,281.57,,three legged fox - not as far (Vocals model_bs_roformer_ep_317_sdr_12.9755.ckpt).flac,NOMAD-1414 - three legged fox - not as far.flac
NOMAD-1415,reuse,ok,241.63,241.60,,Hole - Turpentine (Vocals model_bs_roformer_ep_317_sdr_12.9755.ckpt).flac,NOMAD-1415 - Hole - Turpentine.flac
NOMAD-1416,reuse,ok,131.76,131.75,,Juice WRLD - Syphilis (Vocals model_bs_roformer_ep_317_sdr_12.9755.ckpt).flac,NOMAD-1416 - Juice WRLD - Syphilis.flac
NOMAD-1417,reuse,ok,324.47,324.45,,Twenty One Pilots - Chlorine (Vocals model_bs_roformer_ep_317_sdr_12.9755.ckpt).flac,NOMAD-1417 - Twenty One Pilots - Chlorine.flac
NOMAD-1418,reuse,ok,257.78,257.76,,AiScReam - Ai♡Scream! (Vocals model_bs_roformer_ep_317_sdr_12.9755.ckpt).flac,NOMAD-1418 - AiScReam - Ai♡Scream!.flac
NOMAD-1419,reuse,ok,207.41,207.40,,mike pinto - bad luck (Vocals model_bs_roformer_ep_317_sdr_12.9755.ckpt).flac,NOMAD-1419 - mike pinto - bad luck.flac
NOMAD-1420,reuse,ok,279.56,279.55,,placebo - follow the cops back home (Vocals model_bs_roformer_ep_317_sdr_12.9755.ckpt).flac,NOMAD-1420 - placebo - follow the cops back home.flac
NOMAD-1421,reuse,ok,194.02,193.98,,Lilith Morris - Money (Vocals model_bs_roformer_ep_317_sdr_12.9755.ckpt).flac,NOMAD-1421 - Lilith Morris - Money.flac
NOMAD-1422,reuse,ok,345.76,345.75,,Jon Hare - Narcissus (Cannon Fodder) (Vocals model_bs_roformer_ep_317_sdr_12.9755.ckpt).flac,NOMAD-1422 - Jon Hare - Narcissus (Cannon Fodder).flac
NOMAD-1423,reuse,ok,187.84,187.83,,Biffy Clyro - A Whole Child Ago (Vocals model_bs_roformer_ep_317_sdr_12.9755.ckpt).flac,NOMAD-1423 - Biffy Clyro - A Whole Child Ago.flac
NOMAD-1424,reuse,ok,202.49,202.48,,Sawyer Hill - Sweet Disaster (Vocals model_bs_roformer_ep_317_sdr_12.9755.ckpt).flac,NOMAD-1424 - Sawyer Hill - Sweet Disaster.flac
NOMAD-1425,reuse,ok,183.25,183.25,,Arctic Monkeys - Too Much To Ask (Vocals model_bs_roformer_ep_317_sdr_12.9755.ckpt).flac,NOMAD-1425 - Arctic Monkeys - Too Much To Ask.flac
NOMAD-1426,reuse,ok,204.88,204.87,,Alex Turner - Piledriver Waltz (Vocals model_bs_roformer_ep_317_sdr_12.9755.ckpt).flac,NOMAD-1426 - Alex Turner - Piledriver Waltz.flac
NOMAD-1427,reuse,ok,247.01,246.99,,Alex Turner - It's Hard to Get Around the Wind (Vocals model_bs_roformer_ep_317_sdr_12.9755.ckpt).flac,NOMAD-1427 - Alex Turner - It's Hard to Get Around the Wind.flac
NOMAD-1428,reuse,ok,208.91,208.89,,Manel - Al Mar (Vocals model_bs_roformer_ep_317_sdr_12.9755.ckpt).flac,NOMAD-1428 - Manel - Al Mar.flac
NOMAD-1429,reuse,ok,193.16,193.14,,"Manel - Ai, Dolors (Vocals model_bs_roformer_ep_317_sdr_12.9755.ckpt).flac","NOMAD-1429 - Manel - Ai, Dolors.flac"
NOMAD-1430,reuse,ok,196.52,196.49,,Merci Raines - Marie Laveau (Vocals model_bs_roformer_ep_317_sdr_12.9755.ckpt).flac,NOMAD-1430 - Merci Raines - Marie Laveau.flac
NOMAD-1431,reuse,ok,228.76,228.74,,Black Guy Fawkes - Trying Times (Vocals model_bs_roformer_ep_317_sdr_12.9755.ckpt).flac,NOMAD-1431 - Black Guy Fawkes - Trying Times.flac
NOMAD-1432,reuse,ok,236.73,236.73,,Lin-Manuel Miranda - Alexander Hamilton (Vocals model_bs_roformer_ep_317_sdr_12.9755.ckpt).flac,NOMAD-1432 - Lin-Manuel Miranda - Alexander Hamilton.flac
NOMAD-1433,reuse,ok,195.89,195.88,,Smithereens - Blues before and after (Vocals model_bs_roformer_ep_317_sdr_12.9755.ckpt).flac,NOMAD-1433 - Smithereens - Blues before and after.flac
NOMAD-1434,reuse,ok,240.24,240.23,,Planet Patrol - Play at your Own Risk (Vocals model_bs_roformer_ep_317_sdr_12.9755.ckpt).flac,NOMAD-1434 - Planet Patrol - Play at your Own Risk.flac
NOMAD-1435,reuse,ok,79.96,79.95,,Mirah - Gone Sugaring (Vocals model_bs_roformer_ep_317_sdr_12.9755.ckpt).flac,NOMAD-1435 - Mirah - Gone Sugaring.flac
NOMAD-1436,reuse,ok,155.65,155.64,,Shauna Dean Cokeland - Moving in Place (Vocals model_bs_roformer_ep_317_sdr_12.9755.ckpt).flac,NOMAD-1436 - Shauna Dean Cokeland - Moving in Place.flac
NOMAD-1437,reuse,ok,494.19,494.17,,Seal - Soul Medley (Vocals model_bs_roformer_ep_317_sdr_12.9755.ckpt).flac,NOMAD-1437 - Seal - Soul Medley.flac
NOMAD-1438,reuse,ok,247.98,247.97,,Paul Gertner-Gaertner - Seventy-Two (Vocals model_bs_roformer_ep_317_sdr_12.9755.ckpt).flac,NOMAD-1438 - Paul Gertner-Gaertner - Seventy-Two.flac
NOMAD-1439,reuse,ok,267.92,267.91,,Atmosphere - The arrival (Vocals model_bs_roformer_ep_317_sdr_12.9755.ckpt).flac,NOMAD-1439 - Atmosphere - The arrival.flac
NOMAD-1440,reuse,ok,317.62,317.60,,Atmosphere - My songs (Vocals model_bs_roformer_ep_317_sdr_12.9755.ckpt).flac,NOMAD-1440 - Atmosphere - My songs.flac
NOMAD-1441,reuse,ok,204.44,204.43,,Atmosphere - Scalp (Vocals model_bs_roformer_ep_317_sdr_12.9755.ckpt).flac,NOMAD-1441 - Atmosphere - Scalp.flac
NOMAD-1442,reuse,ok,115.80,115.80,,Atmosphere - Hope (Vocals model_bs_roformer_ep_317_sdr_12.9755.ckpt).flac,NOMAD-1442 - Atmosphere - Hope.flac
NOMAD-1443,reuse,ok,253.64,253.63,,LCMDF - Take Me To The Mountains (Vocals model_bs_roformer_ep_317_sdr_12.9755.ckpt).flac,NOMAD-1443 - LCMDF - Take Me To The Mountains.flac
NOMAD-1444,reuse,ok,224.43,224.42,,Hard-Fi - Living For The Weekend (Vocals model_bs_roformer_ep_317_sdr_12.9755.ckpt).flac,NOMAD-1444 - Hard-Fi - Living For The Weekend.flac
NOMAD-1445,reuse,ok,253.31,253.31,,hard-fi - hard to beat (Vocals model_bs_roformer_ep_317_sdr_12.9755.ckpt).flac,NOMAD-1445 - hard-fi - hard to beat.flac
NOMAD-1446,reuse,ok,183.11,183.09,,Nat King Cole - Funny (Vocals model_bs_roformer_ep_317_sdr_12.9755.ckpt).flac,NOMAD-1446 - Nat King Cole - Funny.flac
NOMAD-1447,reuse,ok,302.27,302.25,,Mary J Blige - You Gotta Believe (Vocals model_bs_roformer_ep_317_sdr_12.9755.ckpt).flac,NOMAD-1447 - Mary J Blige - You Gotta Believe.flac
NOMAD-1448,reuse,ok,189.39,189.38,,Olivia Rodrigo - the grudge (Vocals model_bs_roformer_ep_317_sdr_12.9755.ckpt).flac,NOMAD-1448 - Olivia Rodrigo - the grudge.flac
NOMAD-1449,reuse,ok,559.58,559.55,,Bill Henderson - That Old Black Magic (Vocals model_bs_roformer_ep_317_sdr_12.9755.ckpt).flac,NOMAD-1449 - Bill Henderson - That Old Black Magic.flac
NOMAD-1450,reuse,ok,331.99,331.98,,Johnny Depp (Sweeney Todd) - No Place Like London (Vocals model_bs_roformer_ep_317_sdr_12.9755.ckpt).flac,NOMAD-1450 - Johnny Depp (Sweeney Todd) - No Place Like London.flac
NOMAD-1451,reuse,ok,142.39,142.38,,Jessie Reyez - N.Y.F.F (Vocals model_bs_roformer_ep_317_sdr_12.9755.ckpt).flac,NOMAD-1451 - Jessie Reyez - N.Y.F.F.flac
NOMAD-1452,reuse,ok,192.42,192.40,,Glen Campbell - A Better Place (Vocals model_bs_roformer_ep_317_sdr_12.9755.ckpt).flac,NOMAD-1452 - Glen Campbell - A Better Place.flac
NOMAD-1453,reuse,ok,133.29,133.28,,EyeHateGod - Sister Fucker (Vocals model_bs_roformer_ep_317_sdr_12.9755.ckpt).flac,NOMAD-1453 - EyeHateGod - Sister Fucker.flac
NOMAD-1454,reuse,ok,256.76,256.74,,Eyehategod - Kill Your Boss (Vocals model_bs_roformer_ep_317_sdr_12.9755.ckpt).flac,NOMAD-1454 - Eyehategod - Kill Your Boss.flac
NOMAD-1455,reuse,ok,244.10,244.09,,Eyehategod - White Neighbor (Vocals model_bs_roformer_ep_317_sdr_12.9755.ckpt).flac,NOMAD-1455 - Eyehategod - White Neighbor.flac
NOMAD-1456,reuse,ok,171.83,171.80,,Eyehategod - 30$ Bag (Vocals model_bs_roformer_ep_317_sdr_12.9755.ckpt).flac,NOMAD-1456 - Eyehategod - 30$ Bag.flac
NOMAD-1457,reuse,ok,369.57,369.57,,Eyehategod - Take as Needed for Pain (Vocals model_bs_roformer_ep_317_sdr_12.9755.ckpt).flac,NOMAD-1457 - Eyehategod - Take as Needed for Pain.flac
NOMAD-1458,reuse,ok,204.79,204.78,,INJI - Madeline (Vocals model_bs_roformer_ep_317_sdr_12.9755.ckpt).flac,NOMAD-1458 - INJI - Madeline.flac
NOMAD-1459,reuse,ok,210.93,210.93,,The Exponents - Geraldine (Vocals model_bs_roformer_ep_317_sdr_12.9755.ckpt).flac,NOMAD-1459 - The Exponents - Geraldine.flac
NOMAD-1460,reuse,ok,258.12,258.09,,Starfish - Royal Jelly (Vocals model_bs_roformer_ep_317_sdr_12.9755.ckpt).flac,NOMAD-1460 - Starfish - Royal Jelly.flac
NOMAD-1461,reuse,ok,260.37,260.37,,"Paramore - Big Man, Little Dignity (Vocals model_bs_roformer_ep_317_sdr_12.9755.ckpt).flac","NOMAD-1461 - Paramore - Big Man, Little Dignity.flac"
NOMAD-1462,reuse,ok,350.47,350.46,,Supergroove - If I Had My Way (Vocals model_bs_roformer_ep_317_sdr_12.9755.ckpt).flac,NOMAD-1462 - Supergroove - If I Had My Way.flac
NOMAD-1463,reuse,ok,256.76,256.74,,Hard-Fi - I Shall Overcome (Vocals model_bs_roformer_ep_317_sdr_12.9755.ckpt).flac,NOMAD-1463 - Hard-Fi - I Shall Overcome.flac
NOMAD-1464,reuse,ok,226.93,226.93,,The Mutton Birds - Giant Friend (Vocals model_bs_roformer_ep_317_sdr_12.9755.ckpt).flac,NOMAD-1464 - The Mutton Birds - Giant Friend.flac
NOMAD-1465,reuse,ok,249.44,249.43,,Garageland - Trashcans (Vocals model_bs_roformer_ep_317_sdr_12.9755.ckpt).flac,NOMAD-1465 - Garageland - Trashcans.flac
NOMAD-1466,reuse,ok,302.21,302.21,,Stephen Lynch - Denzel (Vocals model_bs_roformer_ep_317_sdr_12.9755.ckpt).flac,NOMAD-1466 - Stephen Lynch - Denzel.flac
NOMAD-1467,reuse,ok,178.76,178.75,,Jane Bogaert - La vita cos'è (Vocals model_bs_roformer_ep_317_sdr_12.9755.ckpt).flac,NOMAD-1467 - Jane Bogaert - La vita cos'è.flac
NOMAD-1468,reuse,ok,210.46,210.44,,Ritt Momney - Put Your Records On (Vocals model_bs_roformer_ep_317_sdr_12.9755.ckpt).flac,NOMAD-1468 - Ritt Momney - Put Your Records On.flac
NOMAD-1469,reuse,ok,282.64,282.63,,Zemmar Gilles - Fly Me To The Moon (Vocals model_bs_roformer_ep_317_sdr_12.9755.ckpt).flac,NOMAD-1469 - Zemmar Gilles - Fly Me To The Moon.flac
NOMAD-1470,reuse,ok,272.35,272.32,,The Mutton Birds - Pulled Along by Love (Vocals model_bs_roformer_ep_317_sdr_12.9755.ckpt).flac,NOMAD-1470 - The Mutton Birds - Pulled Along by Love.flac
NOMAD-1471,reuse,ok,282.64,282.63,,Zemmar Gilles - Fly Me To The Moon (Vocals model_bs_roformer_ep_317_sdr_12.9755.ckpt).flac,NOMAD-1471 - Zemmar Gilles - Fly Me To The Moon.flac
NOMAD-1472,reuse,ok,171.19,171.18,,Hard-Fi - Watch Me Fall Apart (Vocals model_bs_roformer_ep_317_sdr_12.9755.ckpt).flac,NOMAD-1472 - Hard-Fi - Watch Me Fall Apart.flac
NOMAD-1473,reuse,ok,269.60,269.58,,Hard-Fi - Suburban Knights (Vocals model_bs_roformer_ep_317_sdr_12.9755.ckpt).flac,NOMAD-1473 - Hard-Fi - Suburban Knights.flac
NOMAD-1474,reuse,ok,239.68,239.68,,Keane - Leaving So Soon_ (Vocals model_bs_roformer_ep_317_sdr_12.9755.ckpt).flac,NOMAD-1474 - Keane - Leaving So Soon_.flac
NOMAD-1475,reuse,ok,253.51,253.49,,Keane - Atlantic (Vocals model_bs_roformer_ep_317_sdr_12.9755.ckpt).flac,NOMAD-1475 - Keane - Atlantic.flac
NOMAD-1476,reuse,ok,169.00,168.99,,Hard-Fi - Gotta Reason (Vocals model_bs_roformer_ep_317_sdr_12.9755.ckpt).flac,NOMAD-1476 - Hard-Fi - Gotta Reason.flac
NOMAD-1477,reuse,ok,306.87,306.85,,Keane - A Bad Dream (Vocals model_bs_roformer_ep_317_sdr_12.9755.ckpt).flac,NOMAD-1477 - Keane - A Bad Dream.flac
NOMAD-1478,reuse,ok,267.81,267.80,,Keane - Try Again (Vocals model_bs_roformer_ep_317_sdr_12.9755.ckpt).flac,NOMAD-1478 - Keane - Try Again.flac
NOMAD-1479,reuse,ok,276.77,276.76,,Hard-Fi - Feltham Is Singing Out (Vocals model_bs_roformer_ep_317_sdr_12.9755.ckpt).flac,NOMAD-1479 - Hard-Fi - Feltham Is Singing Out.flac
NOMAD-1480,reuse,ok,264.83,264.82,,Inner Circle - Black Roses (Vocals model_bs_roformer_ep_317_sdr_12.9755.ckpt).flac,NOMAD-1480 - Inner Circle - Black Roses.flac
NOMAD-1481,reuse,ok,255.51,255.49,,Panteon Rococo - La Dosis Perfecta (Vocals model_bs_roformer_ep_317_sdr_12.9755.ckpt).flac,NOMAD-1481 - Panteon Rococo - La Dosis Perfecta.flac
NOMAD-1482,reuse,ok,225.57,225.56,,Laura Leon - Suavecito Suavecito (Vocals model_bs_roformer_ep_317_sdr_12.9755.ckpt).flac,NOMAD-1482 - Laura Leon - Suavecito Suavecito.flac
NOMAD-1483,reuse,ok,209.06,209.05,,TEC - Self Reminder (Live) (Vocals model_bs_roformer_ep_317_sdr_12.9755.ckpt).flac,NOMAD-1483 - TEC - Self Reminder (Live).flac
NOMAD-1484,reuse,ok,255.08,255.07,,New Years Day - Malevolence (Vocals model_bs_roformer_ep_317_sdr_12.9755.ckpt).flac,NOMAD-1484 - New Years Day - Malevolence.flac
NOMAD-1485,reuse,ok,240.02,239.98,,Kayeandre - Told Em' (Vocals model_bs_roformer_ep_317_sdr_12.9755.ckpt).flac,NOMAD-1485 - Kayeandre - Told Em'.flac
NOMAD-1486,reuse,ok,275.86,275.85,,Technimatic feat. Lucy Kitchen - Looking for Diversion (Vocals model_bs_roformer_ep_317_sdr_12.9755.ckpt).flac,NOMAD-1486 - Technimatic feat. Lucy Kitchen - Looking for Diversion.flac
NOMAD-1487,reuse,ok,237.06,237.03,,Original Broadway Cast of Hamilton - What'd I mIss_ (Vocals model_bs_roformer_ep_317_sdr_12.9755.ckpt).flac,NOMAD-1487 - Original Broadway Cast of Hamilton - What'd I mIss_.flac
NOMAD-1488,reuse,ok,222.32,222.31,,Barry Manilow - All the Way (Vocals model_bs_roformer_ep_317_sdr_12.9755.ckpt).flac,NOMAD-1488 - Barry Manilow - All the Way.flac
NOMAD-1489,reuse,ok,246.99,246.97,,A Boogie Wit da Hoodie - Still Think About You (Vocals model_bs_roformer_ep_317_sdr_12.9755.ckpt).flac,NOMAD-1489 - A Boogie Wit da Hoodie - Still Think About You.flac
NOMAD-1490,reuse,ok,224.00,223.98,,twenty one pilots - Drag Path (Vocals model_bs_roformer_ep_317_sdr_12.9755.ckpt).flac,NOMAD-1490 - twenty one pilots - Drag Path.flac
NOMAD-1491,reuse,ok,252.92,252.91,,Nate Ruess - Moment (Vocals model_bs_roformer_ep_317_sdr_12.9755.ckpt).flac,NOMAD-1491 - Nate Ruess - Moment.flac
NOMAD-1492,reuse,ok,233.13,233.13,,Pony Bradshaw - Guru (Vocals model_bs_roformer_ep_317_sdr_12.9755.ckpt).flac,NOMAD-1492 - Pony Bradshaw - Guru.flac
NOMAD-1493,reuse,ok,240.75,240.74,,Bastille - Things We Lost In The Fire (Lead Vocals mel_band_roformer_karaoke_aufr33_viperx_sdr_10.1956.ckpt).flac,NOMAD-1493 - Bastille - Things We Lost In The Fire.flac
NOMAD-1494,reuse,ok,263.31,263.31,,Hailey Whitters - Gone Country (Vocals model_bs_roformer_ep_317_sdr_12.9755.ckpt).flac,NOMAD-1494 - Hailey Whitters - Gone Country.flac
NOMAD-1495,reuse,ok,228.90,228.86,,Hannah Marie Kelley - Long Haired Country Girl (Vocals model_bs_roformer_ep_317_sdr_12.9755.ckpt).flac,NOMAD-1495 - Hannah Marie Kelley - Long Haired Country Girl.flac
NOMAD-1496,reuse,ok,330.40,330.40,,The Decemberists - This Is Why We Fight (Vocals model_bs_roformer_ep_317_sdr_12.9755.ckpt).flac,NOMAD-1496 - The Decemberists - This Is Why We Fight.flac
NOMAD-1497,reuse,ok,153.38,153.34,,Delroy Wilson - Rain From the Sky (Vocals model_bs_roformer_ep_317_sdr_12.9755.ckpt).flac,NOMAD-1497 - Delroy Wilson - Rain From the Sky.flac
NOMAD-1498,reuse,ok,341.22,341.19,,The J. Geils Band - Land of a Thousand Dances (Vocals model_bs_roformer_ep_317_sdr_12.9755.ckpt).flac,NOMAD-1498 - The J. Geils Band - Land of a Thousand Dances.flac
NOMAD-1499,reuse,ok,226.98,226.95,,The Kinks - Destroyer (Vocals model_bs_roformer_ep_317_sdr_12.9755.ckpt).flac,NOMAD-1499 - The Kinks - Destroyer.flac
NOMAD-1500,reuse,ok,302.68,302.67,,Rush - The Spirit of Radio (Vocals model_bs_roformer_ep_317_sdr_12.9755.ckpt).flac,NOMAD-1500 - Rush - The Spirit of Radio.flac
NOMAD-1501,reuse,ok,192.93,192.91,,The Wombats - Backfire at the Disco (Vocals model_bs_roformer_ep_317_sdr_12.9755.ckpt).flac,NOMAD-1501 - The Wombats - Backfire at the Disco.flac
NOMAD-1502,reuse,ok,165.50,165.49,,Đinh Mạnh Ninh - Xe Đạp (Vocals model_bs_roformer_ep_317_sdr_12.9755.ckpt).flac,NOMAD-1502 - Đinh Mạnh Ninh - Xe Đạp.flac
NOMAD-1503,reuse,ok,198.03,198.02,,CCCP - Fedeli Alla Linea - Punk Islam (Vocals model_bs_roformer_ep_317_sdr_12.9755.ckpt).flac,NOMAD-1503 - CCCP - Fedeli Alla Linea - Punk Islam.flac
NOMAD-1504,reuse,ok,230.20,230.18,,The Fratellis - She's Not Gone Yet but She's Leaving (Vocals model_bs_roformer_ep_317_sdr_12.9755.ckpt).flac,NOMAD-1504 - The Fratellis - She's Not Gone Yet but She's Leaving.flac
NOMAD-1505,reuse,ok,322.07,322.06,,Drop Nineteens - Angel (Vocals model_bs_roformer_ep_317_sdr_12.9755.ckpt).flac,NOMAD-1505 - Drop Nineteens - Angel.flac
NOMAD-1506,reuse,ok,168.72,168.69,,Ernest Tubb - You're a Real Good Friend (Vocals model_bs_roformer_ep_317_sdr_12.9755.ckpt).flac,NOMAD-1506 - Ernest Tubb - You're a Real Good Friend.flac
NOMAD-1507,reuse,ok,405.54,405.51,,Quang Hà - Dấu Chân Địa Đàng (Vocals model_bs_roformer_ep_317_sdr_12.9755.ckpt).flac,NOMAD-1507 - Quang Hà - Dấu Chân Địa Đàng.flac
